well_id,t_days_since_production_start,reservoir_temp_K,heated_radius_m,oil_rate_bbl_day,cum_oil_bbl
GILMANOV_REF_WELL,0.0,511.366,6.253,1124.894,281.2235
GILMANOV_REF_WELL,0.25,510.154,6.253,1124.894,562.447
GILMANOV_REF_WELL,0.5,509.05,6.253,1124.894,843.6705
GILMANOV_REF_WELL,0.75,508.03,6.253,1124.894,1124.894
GILMANOV_REF_WELL,1.0,507.076,6.253,1124.894,1406.1175
GILMANOV_REF_WELL,1.25,506.179,6.253,1124.894,1687.3410000000001
GILMANOV_REF_WELL,1.5,505.329,6.253,1124.894,1968.5645000000002
GILMANOV_REF_WELL,1.75,504.519,6.253,1124.894,2249.788
GILMANOV_REF_WELL,2.0,503.745,6.253,1124.894,2531.0115
GILMANOV_REF_WELL,2.25,503.002,6.253,1124.894,2812.235
GILMANOV_REF_WELL,2.5,502.287,6.253,1124.894,3093.4585
GILMANOV_REF_WELL,2.75,501.597,6.253,1124.894,3374.6820000000002
GILMANOV_REF_WELL,3.0,500.929,6.253,1124.894,3655.9055000000003
GILMANOV_REF_WELL,3.25,500.283,6.253,1124.894,3937.1290000000004
GILMANOV_REF_WELL,3.5,499.655,6.253,1124.894,4218.3525
GILMANOV_REF_WELL,3.75,499.044,6.253,1124.894,4499.576
GILMANOV_REF_WELL,4.0,498.45,6.253,1124.894,4780.7995
GILMANOV_REF_WELL,4.25,497.87,6.253,1124.894,5062.023
GILMANOV_REF_WELL,4.5,497.305,6.253,1124.894,5343.2465
GILMANOV_REF_WELL,4.75,496.752,6.253,1124.894,5624.47
GILMANOV_REF_WELL,5.0,496.211,6.253,1124.894,5905.6935
GILMANOV_REF_WELL,5.25,495.682,6.253,1124.894,6186.917
GILMANOV_REF_WELL,5.5,495.164,6.253,1124.894,6468.1405
GILMANOV_REF_WELL,5.75,494.656,6.253,1124.894,6749.3640000000005
GILMANOV_REF_WELL,6.0,494.157,6.253,1124.894,7030.587500000001
GILMANOV_REF_WELL,6.25,493.668,6.253,1124.894,7311.811000000001
GILMANOV_REF_WELL,6.5,493.187,6.253,1124.894,7593.034500000001
GILMANOV_REF_WELL,6.75,492.714,6.253,1124.894,7874.258000000001
GILMANOV_REF_WELL,7.0,492.249,6.253,1124.894,8155.481500000001
GILMANOV_REF_WELL,7.25,491.792,6.253,1124.894,8436.705
GILMANOV_REF_WELL,7.5,491.342,6.253,1124.894,8717.9285
GILMANOV_REF_WELL,7.75,490.899,6.253,1124.894,8999.152
GILMANOV_REF_WELL,8.0,490.462,6.253,1124.894,9280.3755
GILMANOV_REF_WELL,8.25,490.031,6.253,1124.894,9561.599
GILMANOV_REF_WELL,8.5,489.607,6.253,1124.894,9842.8225
GILMANOV_REF_WELL,8.75,489.189,6.253,1124.894,10124.046
GILMANOV_REF_WELL,9.0,488.776,6.253,1124.894,10405.2695
GILMANOV_REF_WELL,9.25,488.368,6.253,1124.894,10686.493
GILMANOV_REF_WELL,9.5,487.966,6.253,1124.894,10967.7165
GILMANOV_REF_WELL,9.75,487.568,6.253,1124.894,11248.94
GILMANOV_REF_WELL,10.0,487.176,6.253,1124.894,11530.1635
GILMANOV_REF_WELL,10.25,486.788,6.253,1124.894,11811.387
GILMANOV_REF_WELL,10.5,486.404,6.253,1124.894,12092.6105
GILMANOV_REF_WELL,10.75,486.025,6.253,1124.894,12373.834
GILMANOV_REF_WELL,11.0,485.651,6.253,1124.894,12655.0575
GILMANOV_REF_WELL,11.25,485.28,6.253,1124.894,12936.281
GILMANOV_REF_WELL,11.5,484.914,6.253,1124.894,13217.504500000001
GILMANOV_REF_WELL,11.75,484.551,6.253,1124.894,13498.728000000001
GILMANOV_REF_WELL,12.0,484.192,6.253,1124.894,13779.951500000001
GILMANOV_REF_WELL,12.25,483.837,6.253,1124.894,14061.175000000001
GILMANOV_REF_WELL,12.5,483.485,6.253,1124.894,14342.398500000001
GILMANOV_REF_WELL,12.75,483.137,6.253,1124.894,14623.622000000001
GILMANOV_REF_WELL,13.0,482.792,6.253,1124.894,14904.845500000001
GILMANOV_REF_WELL,13.25,482.45,6.253,1124.894,15186.069000000001
GILMANOV_REF_WELL,13.5,482.112,6.253,1124.894,15467.292500000001
GILMANOV_REF_WELL,13.75,481.776,6.253,1124.894,15748.516000000001
GILMANOV_REF_WELL,14.0,481.444,6.253,1124.894,16029.739500000001
GILMANOV_REF_WELL,14.25,481.115,6.253,1124.894,16310.963000000002
GILMANOV_REF_WELL,14.5,480.788,6.253,1124.894,16592.1865
GILMANOV_REF_WELL,14.75,480.465,6.253,1124.894,16873.41
GILMANOV_REF_WELL,15.0,480.144,6.253,1124.894,17154.6335
GILMANOV_REF_WELL,15.25,479.826,6.253,1124.894,17435.857
GILMANOV_REF_WELL,15.5,479.51,6.253,1124.894,17717.0805
GILMANOV_REF_WELL,15.75,479.197,6.253,1124.894,17998.304
GILMANOV_REF_WELL,16.0,478.887,6.253,1124.894,18279.5275
GILMANOV_REF_WELL,16.25,478.579,6.253,1124.894,18560.751
GILMANOV_REF_WELL,16.5,478.274,6.253,1124.894,18841.9745
GILMANOV_REF_WELL,16.75,477.97,6.253,1124.894,19123.198
GILMANOV_REF_WELL,17.0,477.669,6.253,1124.894,19404.4215
GILMANOV_REF_WELL,17.25,477.371,6.253,1124.894,19685.645
GILMANOV_REF_WELL,17.5,477.075,6.253,1124.894,19966.8685
GILMANOV_REF_WELL,17.75,476.78,6.253,1124.894,20248.092
GILMANOV_REF_WELL,18.0,476.488,6.253,1124.894,20529.3155
GILMANOV_REF_WELL,18.25,476.198,6.253,1124.894,20810.539
GILMANOV_REF_WELL,18.5,475.91,6.253,1124.894,21091.7625
GILMANOV_REF_WELL,18.75,475.624,6.253,1124.894,21372.986
GILMANOV_REF_WELL,19.0,475.34,6.253,1124.894,21654.2095
GILMANOV_REF_WELL,19.25,475.058,6.253,1124.894,21935.433
GILMANOV_REF_WELL,19.5,474.778,6.253,1124.894,22216.6565
GILMANOV_REF_WELL,19.75,474.5,6.253,1124.894,22497.88
GILMANOV_REF_WELL,20.0,474.224,6.253,1124.894,22779.1035
GILMANOV_REF_WELL,20.25,473.949,6.253,1124.894,23060.327
GILMANOV_REF_WELL,20.5,473.676,6.253,1124.894,23341.5505
GILMANOV_REF_WELL,20.75,473.405,6.253,1124.894,23622.774
GILMANOV_REF_WELL,21.0,473.136,6.253,1124.894,23903.9975
GILMANOV_REF_WELL,21.25,472.868,6.253,1124.894,24185.221
GILMANOV_REF_WELL,21.5,472.602,6.253,1124.894,24466.4445
GILMANOV_REF_WELL,21.75,472.338,6.253,1124.894,24747.668
GILMANOV_REF_WELL,22.0,472.075,6.253,1124.894,25028.8915
GILMANOV_REF_WELL,22.25,471.814,6.253,1124.894,25310.115
GILMANOV_REF_WELL,22.5,471.554,6.253,1124.894,25591.3385
GILMANOV_REF_WELL,22.75,471.296,6.253,1124.894,25872.562
GILMANOV_REF_WELL,23.0,471.039,6.253,1124.894,26153.7855
GILMANOV_REF_WELL,23.25,470.784,6.253,1124.894,26435.009000000002
GILMANOV_REF_WELL,23.5,470.53,6.253,1124.894,26716.232500000002
GILMANOV_REF_WELL,23.75,470.278,6.253,1124.894,26997.456000000002
GILMANOV_REF_WELL,24.0,470.027,6.253,1124.894,27278.679500000002
GILMANOV_REF_WELL,24.25,469.778,6.253,1124.894,27559.903000000002
GILMANOV_REF_WELL,24.5,469.53,6.253,1124.894,27841.126500000002
GILMANOV_REF_WELL,24.75,469.283,6.253,1124.894,28122.350000000002
GILMANOV_REF_WELL,25.0,469.038,6.253,1124.894,28403.573500000002
GILMANOV_REF_WELL,25.25,468.794,6.253,1124.894,28684.797000000002
GILMANOV_REF_WELL,25.5,468.551,6.253,1124.894,28966.020500000002
GILMANOV_REF_WELL,25.75,468.309,6.253,1124.894,29247.244000000002
GILMANOV_REF_WELL,26.0,468.069,6.253,1124.894,29528.467500000002
GILMANOV_REF_WELL,26.25,467.83,6.253,1124.894,29809.691000000003
GILMANOV_REF_WELL,26.5,467.592,6.253,1124.894,30090.914500000003
GILMANOV_REF_WELL,26.75,467.356,6.253,1124.894,30372.138000000003
GILMANOV_REF_WELL,27.0,467.12,6.253,1124.894,30653.361500000003
GILMANOV_REF_WELL,27.25,466.886,6.253,1124.894,30934.585000000003
GILMANOV_REF_WELL,27.5,466.653,6.253,1124.894,31215.808500000003
GILMANOV_REF_WELL,27.75,466.421,6.253,1124.894,31497.032000000003
GILMANOV_REF_WELL,28.0,466.191,6.253,1124.894,31778.255500000003
GILMANOV_REF_WELL,28.25,465.961,6.253,1124.894,32059.479000000003
GILMANOV_REF_WELL,28.5,465.733,6.253,1124.894,32340.702500000003
GILMANOV_REF_WELL,28.75,465.505,6.253,1124.894,32621.926000000003
GILMANOV_REF_WELL,29.0,465.279,6.253,1124.894,32903.1495
GILMANOV_REF_WELL,29.25,465.054,6.253,1124.894,33184.373
GILMANOV_REF_WELL,29.5,464.83,6.253,1124.894,33465.5965
GILMANOV_REF_WELL,29.75,464.606,6.253,1124.894,33746.82
GILMANOV_REF_WELL,30.0,464.384,6.253,1124.894,34028.0435
GILMANOV_REF_WELL,30.25,464.163,6.253,1124.894,34309.267
GILMANOV_REF_WELL,30.5,463.943,6.253,1124.894,34590.4905
GILMANOV_REF_WELL,30.75,463.724,6.253,1124.894,34871.714
GILMANOV_REF_WELL,31.0,463.506,6.253,1124.894,35152.9375
GILMANOV_REF_WELL,31.25,463.289,6.253,1124.894,35434.161
GILMANOV_REF_WELL,31.5,463.073,6.253,1124.894,35715.3845
GILMANOV_REF_WELL,31.75,462.857,6.253,1124.894,35996.608
GILMANOV_REF_WELL,32.0,462.643,6.253,1124.894,36277.8315
GILMANOV_REF_WELL,32.25,462.43,6.253,1124.894,36559.055
GILMANOV_REF_WELL,32.5,462.217,6.253,1124.894,36840.2785
GILMANOV_REF_WELL,32.75,462.006,6.253,1124.894,37121.502
GILMANOV_REF_WELL,33.0,461.795,6.253,1124.894,37402.7255
GILMANOV_REF_WELL,33.25,461.585,6.253,1124.894,37683.949
GILMANOV_REF_WELL,33.5,461.376,6.253,1124.894,37965.1725
GILMANOV_REF_WELL,33.75,461.168,6.253,1124.894,38246.396
GILMANOV_REF_WELL,34.0,460.961,6.253,1124.894,38527.6195
GILMANOV_REF_WELL,34.25,460.755,6.253,1124.894,38808.843
GILMANOV_REF_WELL,34.5,460.549,6.253,1124.894,39090.0665
GILMANOV_REF_WELL,34.75,460.345,6.253,1124.894,39371.29
GILMANOV_REF_WELL,35.0,460.141,6.253,1124.894,39652.5135
GILMANOV_REF_WELL,35.25,459.938,6.253,1124.894,39933.737
GILMANOV_REF_WELL,35.5,459.736,6.253,1124.894,40214.9605
GILMANOV_REF_WELL,35.75,459.534,6.253,1124.894,40496.184
GILMANOV_REF_WELL,36.0,459.334,6.253,1124.894,40777.4075
GILMANOV_REF_WELL,36.25,459.134,6.253,1124.894,41058.631
GILMANOV_REF_WELL,36.5,458.935,6.253,1124.894,41339.8545
GILMANOV_REF_WELL,36.75,458.736,6.253,1124.894,41621.078
GILMANOV_REF_WELL,37.0,458.539,6.253,1124.894,41902.3015
GILMANOV_REF_WELL,37.25,458.342,6.253,1124.894,42183.525
GILMANOV_REF_WELL,37.5,458.146,6.253,1124.894,42464.7485
GILMANOV_REF_WELL,37.75,457.951,6.253,1124.894,42745.972
GILMANOV_REF_WELL,38.0,457.756,6.253,1124.894,43027.1955
GILMANOV_REF_WELL,38.25,457.563,6.253,1124.894,43308.419
GILMANOV_REF_WELL,38.5,457.369,6.253,1124.894,43589.6425
GILMANOV_REF_WELL,38.75,457.177,6.253,1124.894,43870.866
GILMANOV_REF_WELL,39.0,456.985,6.253,1124.894,44152.0895
GILMANOV_REF_WELL,39.25,456.794,6.253,1124.894,44433.313
GILMANOV_REF_WELL,39.5,456.604,6.253,1124.894,44714.5365
GILMANOV_REF_WELL,39.75,456.414,6.253,1124.894,44995.76
GILMANOV_REF_WELL,40.0,456.226,6.253,1124.894,45276.9835
GILMANOV_REF_WELL,40.25,456.037,6.253,1124.894,45558.207
GILMANOV_REF_WELL,40.5,455.85,6.253,1124.894,45839.4305
GILMANOV_REF_WELL,40.75,455.663,6.253,1124.894,46120.654
GILMANOV_REF_WELL,41.0,455.477,6.253,1124.894,46401.8775
GILMANOV_REF_WELL,41.25,455.291,6.253,1124.894,46683.101
GILMANOV_REF_WELL,41.5,455.106,6.253,1124.894,46964.3245
GILMANOV_REF_WELL,41.75,454.922,6.253,1124.894,47245.548
GILMANOV_REF_WELL,42.0,454.738,6.253,1124.894,47526.7715
GILMANOV_REF_WELL,42.25,454.555,6.253,1124.894,47807.995
GILMANOV_REF_WELL,42.5,454.373,6.253,1124.894,48089.2185
GILMANOV_REF_WELL,42.75,454.191,6.253,1124.894,48370.442
GILMANOV_REF_WELL,43.0,454.01,6.253,1124.894,48651.6655
GILMANOV_REF_WELL,43.25,453.829,6.253,1124.894,48932.889
GILMANOV_REF_WELL,43.5,453.649,6.253,1124.894,49214.1125
GILMANOV_REF_WELL,43.75,453.47,6.253,1124.894,49495.336
GILMANOV_REF_WELL,44.0,453.291,6.253,1124.894,49776.5595
GILMANOV_REF_WELL,44.25,453.113,6.253,1124.894,50057.783
GILMANOV_REF_WELL,44.5,452.935,6.253,1124.894,50339.0065
GILMANOV_REF_WELL,44.75,452.758,6.253,1124.894,50620.23
GILMANOV_REF_WELL,45.0,452.581,6.253,1124.894,50901.4535
GILMANOV_REF_WELL,45.25,452.406,6.253,1124.894,51182.677
GILMANOV_REF_WELL,45.5,452.23,6.253,1124.894,51463.9005
GILMANOV_REF_WELL,45.75,452.055,6.253,1124.894,51745.124
GILMANOV_REF_WELL,46.0,451.881,6.253,1124.894,52026.3475
GILMANOV_REF_WELL,46.25,451.708,6.253,1124.894,52307.571
GILMANOV_REF_WELL,46.5,451.535,6.253,1124.894,52588.7945
GILMANOV_REF_WELL,46.75,451.362,6.253,1124.894,52870.018000000004
GILMANOV_REF_WELL,47.0,451.19,6.253,1124.894,53151.241500000004
GILMANOV_REF_WELL,47.25,451.018,6.253,1124.894,53432.465000000004
GILMANOV_REF_WELL,47.5,450.847,6.253,1124.894,53713.688500000004
GILMANOV_REF_WELL,47.75,450.677,6.253,1124.894,53994.912000000004
GILMANOV_REF_WELL,48.0,450.507,6.253,1124.894,54276.135500000004
GILMANOV_REF_WELL,48.25,450.338,6.253,1124.894,54557.359000000004
GILMANOV_REF_WELL,48.5,450.169,6.253,1124.894,54838.582500000004
GILMANOV_REF_WELL,48.75,450.001,6.253,1124.894,55119.806000000004
GILMANOV_REF_WELL,49.0,449.833,6.253,1124.894,55401.029500000004
GILMANOV_REF_WELL,49.25,449.665,6.253,1124.894,55682.253000000004
GILMANOV_REF_WELL,49.5,449.499,6.253,1124.894,55963.476500000004
GILMANOV_REF_WELL,49.75,449.332,6.253,1124.894,56244.700000000004
GILMANOV_REF_WELL,50.0,449.166,6.253,1124.894,56525.923500000004
GILMANOV_REF_WELL,50.25,449.001,6.253,1124.894,56807.147000000004
GILMANOV_REF_WELL,50.5,448.836,6.253,1124.894,57088.370500000005
GILMANOV_REF_WELL,50.75,448.672,6.253,1124.894,57369.594000000005
GILMANOV_REF_WELL,51.0,448.508,6.253,1124.894,57650.817500000005
GILMANOV_REF_WELL,51.25,448.344,6.253,1124.894,57932.041000000005
GILMANOV_REF_WELL,51.5,448.181,6.253,1124.894,58213.264500000005
GILMANOV_REF_WELL,51.75,448.019,6.253,1124.894,58494.488000000005
GILMANOV_REF_WELL,52.0,447.857,6.253,1124.894,58775.711500000005
GILMANOV_REF_WELL,52.25,447.695,6.253,1124.894,59056.935000000005
GILMANOV_REF_WELL,52.5,447.534,6.253,1124.894,59338.158500000005
GILMANOV_REF_WELL,52.75,447.374,6.253,1124.894,59619.382000000005
GILMANOV_REF_WELL,53.0,447.213,6.253,1124.894,59900.605500000005
GILMANOV_REF_WELL,53.25,447.054,6.253,1124.894,60181.829000000005
GILMANOV_REF_WELL,53.5,446.894,6.253,1124.894,60463.052500000005
GILMANOV_REF_WELL,53.75,446.736,6.253,1124.894,60744.276000000005
GILMANOV_REF_WELL,54.0,446.577,6.253,1124.894,61025.499500000005
GILMANOV_REF_WELL,54.25,446.419,6.253,1124.894,61306.723000000005
GILMANOV_REF_WELL,54.5,446.262,6.253,1124.894,61587.946500000005
GILMANOV_REF_WELL,54.75,446.105,6.253,1124.894,61869.170000000006
GILMANOV_REF_WELL,55.0,445.948,6.253,1124.894,62150.393500000006
GILMANOV_REF_WELL,55.25,445.792,6.253,1124.894,62431.617000000006
GILMANOV_REF_WELL,55.5,445.636,6.253,1124.894,62712.840500000006
GILMANOV_REF_WELL,55.75,445.481,6.253,1124.894,62994.064000000006
GILMANOV_REF_WELL,56.0,445.326,6.253,1124.894,63275.287500000006
GILMANOV_REF_WELL,56.25,445.171,6.253,1124.894,63556.511000000006
GILMANOV_REF_WELL,56.5,445.017,6.253,1124.894,63837.734500000006
GILMANOV_REF_WELL,56.75,444.863,6.253,1124.894,64118.958000000006
GILMANOV_REF_WELL,57.0,444.71,6.253,1124.894,64400.181500000006
GILMANOV_REF_WELL,57.25,444.557,6.253,1124.894,64681.405000000006
GILMANOV_REF_WELL,57.5,444.405,6.253,1124.894,64962.628500000006
GILMANOV_REF_WELL,57.75,444.253,6.253,1124.894,65243.852000000006
GILMANOV_REF_WELL,58.0,444.101,6.253,1124.894,65525.075500000006
GILMANOV_REF_WELL,58.25,443.95,6.253,1124.894,65806.299
GILMANOV_REF_WELL,58.5,443.799,6.253,1124.894,66087.52249999999
GILMANOV_REF_WELL,58.75,443.648,6.253,1124.894,66368.74599999998
GILMANOV_REF_WELL,59.0,443.498,6.253,1124.894,66649.96949999998
GILMANOV_REF_WELL,59.25,443.348,6.253,1124.894,66931.19299999997
GILMANOV_REF_WELL,59.5,443.199,6.253,1124.894,67212.41649999996
GILMANOV_REF_WELL,59.75,443.05,6.253,1124.894,67493.63999999996
GILMANOV_REF_WELL,60.0,442.902,6.253,1124.894,67774.86349999995
GILMANOV_REF_WELL,60.25,442.753,6.253,1124.894,68056.08699999994
GILMANOV_REF_WELL,60.5,442.606,6.253,1124.894,68337.31049999993
GILMANOV_REF_WELL,60.75,442.458,6.253,1124.894,68618.53399999993
GILMANOV_REF_WELL,61.0,442.311,6.253,1124.894,68899.75749999992
GILMANOV_REF_WELL,61.25,442.164,6.253,1124.894,69180.98099999991
GILMANOV_REF_WELL,61.5,442.018,6.253,1124.894,69462.2044999999
GILMANOV_REF_WELL,61.75,441.872,6.253,1124.894,69743.4279999999
GILMANOV_REF_WELL,62.0,441.726,6.253,1124.894,70024.65149999989
GILMANOV_REF_WELL,62.25,441.581,6.253,1124.894,70305.87499999988
GILMANOV_REF_WELL,62.5,441.436,6.253,1124.894,70587.09849999988
GILMANOV_REF_WELL,62.75,441.292,6.253,1124.894,70868.32199999987
GILMANOV_REF_WELL,63.0,441.148,6.253,1124.894,71149.54549999986
GILMANOV_REF_WELL,63.25,441.004,6.253,1124.894,71430.76899999985
GILMANOV_REF_WELL,63.5,440.86,6.253,1124.894,71711.99249999985
GILMANOV_REF_WELL,63.75,440.717,6.253,1124.894,71993.21599999984
GILMANOV_REF_WELL,64.0,440.575,6.253,1124.894,72274.43949999983
GILMANOV_REF_WELL,64.25,440.432,6.253,1124.894,72555.66299999983
GILMANOV_REF_WELL,64.5,440.29,6.253,1124.894,72836.88649999982
GILMANOV_REF_WELL,64.75,440.148,6.253,1124.894,73118.10999999981
GILMANOV_REF_WELL,65.0,440.007,6.253,1124.894,73399.3334999998
GILMANOV_REF_WELL,65.25,439.866,6.253,1124.894,73680.5569999998
GILMANOV_REF_WELL,65.5,439.725,6.253,1124.894,73961.78049999979
GILMANOV_REF_WELL,65.75,439.585,6.253,1124.894,74243.00399999978
GILMANOV_REF_WELL,66.0,439.445,6.253,1124.894,74524.22749999978
GILMANOV_REF_WELL,66.25,439.305,6.253,1124.894,74805.45099999977
GILMANOV_REF_WELL,66.5,439.166,6.253,1124.894,75086.67449999976
GILMANOV_REF_WELL,66.75,439.027,6.253,1124.894,75367.89799999975
GILMANOV_REF_WELL,67.0,438.888,6.253,1124.894,75649.12149999975
GILMANOV_REF_WELL,67.25,438.749,6.253,1124.894,75930.34499999974
GILMANOV_REF_WELL,67.5,438.611,6.253,1124.894,76211.56849999973
GILMANOV_REF_WELL,67.75,438.474,6.253,1124.894,76492.79199999972
GILMANOV_REF_WELL,68.0,438.336,6.253,1124.894,76774.01549999972
GILMANOV_REF_WELL,68.25,438.199,6.253,1124.894,77055.23899999971
GILMANOV_REF_WELL,68.5,438.062,6.253,1124.894,77336.4624999997
GILMANOV_REF_WELL,68.75,437.926,6.253,1124.894,77617.6859999997
GILMANOV_REF_WELL,69.0,437.79,6.253,1124.894,77898.90949999969
GILMANOV_REF_WELL,69.25,437.654,6.253,1124.894,78180.13299999968
GILMANOV_REF_WELL,69.5,437.518,6.253,1124.894,78461.35649999967
GILMANOV_REF_WELL,69.75,437.383,6.253,1124.894,78742.57999999967
GILMANOV_REF_WELL,70.0,437.248,6.253,1124.894,79023.80349999966
GILMANOV_REF_WELL,70.25,437.113,6.253,1124.894,79305.02699999965
GILMANOV_REF_WELL,70.5,436.979,6.253,1124.894,79586.25049999965
GILMANOV_REF_WELL,70.75,436.845,6.253,1124.894,79867.47399999964
GILMANOV_REF_WELL,71.0,436.711,6.253,1124.894,80148.69749999963
GILMANOV_REF_WELL,71.25,436.578,6.253,1124.894,80429.92099999962
GILMANOV_REF_WELL,71.5,436.444,6.253,1124.894,80711.14449999962
GILMANOV_REF_WELL,71.75,436.312,6.253,1124.894,80992.36799999961
GILMANOV_REF_WELL,72.0,436.179,6.253,1124.894,81273.5914999996
GILMANOV_REF_WELL,72.25,436.047,6.253,1124.894,81554.8149999996
GILMANOV_REF_WELL,72.5,435.915,6.253,1124.894,81836.03849999959
GILMANOV_REF_WELL,72.75,435.783,6.253,1124.894,82117.26199999958
GILMANOV_REF_WELL,73.0,435.652,6.253,1124.894,82398.48549999957
GILMANOV_REF_WELL,73.25,435.521,6.253,1124.894,82679.70899999957
GILMANOV_REF_WELL,73.5,435.39,6.253,1124.894,82960.93249999956
GILMANOV_REF_WELL,73.75,435.259,6.253,1124.894,83242.15599999955
GILMANOV_REF_WELL,74.0,435.129,6.253,1124.894,83523.37949999954
GILMANOV_REF_WELL,74.25,434.999,6.253,1124.894,83804.60299999954
GILMANOV_REF_WELL,74.5,434.869,6.253,1124.894,84085.82649999953
GILMANOV_REF_WELL,74.75,434.74,6.253,1124.894,84367.04999999952
GILMANOV_REF_WELL,75.0,434.611,6.253,1124.894,84648.27349999952
GILMANOV_REF_WELL,75.25,434.482,6.253,1124.894,84929.49699999951
GILMANOV_REF_WELL,75.5,434.353,6.253,1124.894,85210.7204999995
GILMANOV_REF_WELL,75.75,434.225,6.253,1124.894,85491.9439999995
GILMANOV_REF_WELL,76.0,434.097,6.253,1124.894,85773.16749999949
GILMANOV_REF_WELL,76.25,433.969,6.253,1124.894,86054.39099999948
GILMANOV_REF_WELL,76.5,433.842,6.253,1124.894,86335.61449999947
GILMANOV_REF_WELL,76.75,433.715,6.253,1124.894,86616.83799999946
GILMANOV_REF_WELL,77.0,433.588,6.253,1124.894,86898.06149999946
GILMANOV_REF_WELL,77.25,433.461,6.253,1124.894,87179.28499999945
GILMANOV_REF_WELL,77.5,433.334,6.253,1124.894,87460.50849999944
GILMANOV_REF_WELL,77.75,433.208,6.253,1124.894,87741.73199999944
GILMANOV_REF_WELL,78.0,433.082,6.253,1124.894,88022.95549999943
GILMANOV_REF_WELL,78.25,432.957,6.253,1124.894,88304.17899999942
GILMANOV_REF_WELL,78.5,432.831,6.253,1124.894,88585.40249999941
GILMANOV_REF_WELL,78.75,432.706,6.253,1124.894,88866.6259999994
GILMANOV_REF_WELL,79.0,432.581,6.253,1124.894,89147.8494999994
GILMANOV_REF_WELL,79.25,432.457,6.253,1124.894,89429.0729999994
GILMANOV_REF_WELL,79.5,432.332,6.253,1124.894,89710.29649999939
GILMANOV_REF_WELL,79.75,432.208,6.253,1124.894,89991.51999999938
GILMANOV_REF_WELL,80.0,432.085,6.253,1124.894,90272.74349999937
GILMANOV_REF_WELL,80.25,431.961,6.253,1124.894,90553.96699999936
GILMANOV_REF_WELL,80.5,431.838,6.253,1124.894,90835.19049999936
GILMANOV_REF_WELL,80.75,431.715,6.253,1124.894,91116.41399999935
GILMANOV_REF_WELL,81.0,431.592,6.253,1124.894,91397.63749999934
GILMANOV_REF_WELL,81.25,431.469,6.253,1124.894,91678.86099999934
GILMANOV_REF_WELL,81.5,431.347,6.253,1124.894,91960.08449999933
GILMANOV_REF_WELL,81.75,431.225,6.253,1124.894,92241.30799999932
GILMANOV_REF_WELL,82.0,431.103,6.253,1124.894,92522.53149999931
GILMANOV_REF_WELL,82.25,430.981,6.253,1124.894,92803.7549999993
GILMANOV_REF_WELL,82.5,430.86,6.253,1124.894,93084.9784999993
GILMANOV_REF_WELL,82.75,430.739,6.253,1124.894,93366.20199999929
GILMANOV_REF_WELL,83.0,430.618,6.253,1124.894,93647.42549999928
GILMANOV_REF_WELL,83.25,430.497,6.253,1124.894,93928.64899999928
GILMANOV_REF_WELL,83.5,430.377,6.253,1124.894,94209.87249999927
GILMANOV_REF_WELL,83.75,430.257,6.253,1124.894,94491.09599999926
GILMANOV_REF_WELL,84.0,430.137,6.253,1124.894,94772.31949999926
GILMANOV_REF_WELL,84.25,430.017,6.253,1124.894,95053.54299999925
GILMANOV_REF_WELL,84.5,429.898,6.253,1124.894,95334.76649999924
GILMANOV_REF_WELL,84.75,429.778,6.253,1124.894,95615.98999999923
GILMANOV_REF_WELL,85.0,429.659,6.253,1124.894,95897.21349999923
GILMANOV_REF_WELL,85.25,429.541,6.253,1124.894,96178.43699999922
GILMANOV_REF_WELL,85.5,429.422,6.253,1124.894,96459.66049999921
GILMANOV_REF_WELL,85.75,429.304,6.253,1124.894,96740.8839999992
GILMANOV_REF_WELL,86.0,429.186,6.253,1124.894,97022.1074999992
GILMANOV_REF_WELL,86.25,429.068,6.253,1124.894,97303.33099999919
GILMANOV_REF_WELL,86.5,428.95,6.253,1124.894,97584.55449999918
GILMANOV_REF_WELL,86.75,428.833,6.253,1124.894,97865.77799999918
GILMANOV_REF_WELL,87.0,428.716,6.253,1124.894,98147.00149999917
GILMANOV_REF_WELL,87.25,428.599,6.253,1124.894,98428.22499999916
GILMANOV_REF_WELL,87.5,428.482,6.253,1124.894,98709.44849999915
GILMANOV_REF_WELL,87.75,428.366,6.253,1124.894,98990.67199999915
GILMANOV_REF_WELL,88.0,428.25,6.253,1124.894,99271.89549999914
GILMANOV_REF_WELL,88.25,428.134,6.253,1124.894,99553.11899999913
GILMANOV_REF_WELL,88.5,428.018,6.253,1124.894,99834.34249999913
GILMANOV_REF_WELL,88.75,427.902,6.253,1124.894,100115.56599999912
GILMANOV_REF_WELL,89.0,427.787,6.253,1124.894,100396.78949999911
GILMANOV_REF_WELL,89.25,427.672,6.253,1124.894,100678.0129999991
GILMANOV_REF_WELL,89.5,427.557,6.253,1124.894,100959.2364999991
GILMANOV_REF_WELL,89.75,427.442,6.253,1124.894,101240.45999999909
GILMANOV_REF_WELL,90.0,427.327,6.253,1124.894,101521.68349999908
GILMANOV_REF_WELL,90.25,427.213,6.253,1124.894,101802.90699999908
GILMANOV_REF_WELL,90.5,427.099,6.253,1124.894,102084.13049999907
GILMANOV_REF_WELL,90.75,426.985,6.253,1124.894,102365.35399999906
GILMANOV_REF_WELL,91.0,426.872,6.253,1124.894,102646.57749999905
GILMANOV_REF_WELL,91.25,426.758,6.253,1124.894,102927.80099999905
GILMANOV_REF_WELL,91.5,426.645,6.253,1124.894,103209.02449999904
GILMANOV_REF_WELL,91.75,426.532,6.253,1124.894,103490.24799999903
GILMANOV_REF_WELL,92.0,426.419,6.253,1124.894,103771.47149999902
GILMANOV_REF_WELL,92.25,426.306,6.253,1124.894,104052.69499999902
GILMANOV_REF_WELL,92.5,426.194,6.253,1124.894,104333.91849999901
GILMANOV_REF_WELL,92.75,426.082,6.253,1124.894,104615.141999999
GILMANOV_REF_WELL,93.0,425.97,6.253,1124.894,104896.365499999
GILMANOV_REF_WELL,93.25,425.858,6.253,1124.894,105177.58899999899
GILMANOV_REF_WELL,93.5,425.747,6.253,1124.894,105458.81249999898
GILMANOV_REF_WELL,93.75,425.635,6.253,1124.894,105740.03599999897
GILMANOV_REF_WELL,94.0,425.524,6.253,1124.894,106021.25949999897
GILMANOV_REF_WELL,94.25,425.413,6.253,1124.894,106302.48299999896
GILMANOV_REF_WELL,94.5,425.302,6.253,1124.894,106583.70649999895
GILMANOV_REF_WELL,94.75,425.192,6.253,1124.894,106864.92999999895
GILMANOV_REF_WELL,95.0,425.081,6.253,1124.894,107146.15349999894
GILMANOV_REF_WELL,95.25,424.971,6.253,1124.894,107427.37699999893
GILMANOV_REF_WELL,95.5,424.861,6.253,1124.894,107708.60049999892
GILMANOV_REF_WELL,95.75,424.752,6.253,1124.894,107989.82399999892
GILMANOV_REF_WELL,96.0,424.642,6.253,1124.894,108271.04749999891
GILMANOV_REF_WELL,96.25,424.533,6.253,1124.894,108552.2709999989
GILMANOV_REF_WELL,96.5,424.423,6.253,1124.894,108833.4944999989
GILMANOV_REF_WELL,96.75,424.314,6.253,1124.894,109114.71799999889
GILMANOV_REF_WELL,97.0,424.206,6.253,1124.894,109395.94149999888
GILMANOV_REF_WELL,97.25,424.097,6.253,1124.894,109677.16499999887
GILMANOV_REF_WELL,97.5,423.989,6.253,1124.894,109958.38849999887
GILMANOV_REF_WELL,97.75,423.88,6.253,1124.894,110239.61199999886
GILMANOV_REF_WELL,98.0,423.772,6.253,1124.894,110520.83549999885
GILMANOV_REF_WELL,98.25,423.665,6.253,1124.894,110802.05899999884
GILMANOV_REF_WELL,98.5,423.557,6.253,1124.894,111083.28249999884
GILMANOV_REF_WELL,98.75,423.45,6.253,1124.894,111364.50599999883
GILMANOV_REF_WELL,99.0,423.342,6.253,1124.894,111645.72949999882
GILMANOV_REF_WELL,99.25,423.235,6.253,1124.894,111926.95299999882
GILMANOV_REF_WELL,99.5,423.128,6.253,1124.894,112208.17649999881
GILMANOV_REF_WELL,99.75,423.022,6.253,1124.894,112489.3999999988
GILMANOV_REF_WELL,100.0,422.915,6.253,1124.894,112770.6234999988
GILMANOV_REF_WELL,100.25,422.809,6.253,1124.894,113051.84699999879
GILMANOV_REF_WELL,100.5,422.703,6.253,1124.894,113333.07049999878
GILMANOV_REF_WELL,100.75,422.597,6.253,1124.894,113614.29399999877
GILMANOV_REF_WELL,101.0,422.491,6.253,1124.894,113895.51749999876
GILMANOV_REF_WELL,101.25,422.385,6.253,1124.894,114176.74099999876
GILMANOV_REF_WELL,101.5,422.28,6.253,1124.894,114457.96449999875
GILMANOV_REF_WELL,101.75,422.175,6.253,1124.894,114739.18799999874
GILMANOV_REF_WELL,102.0,422.07,6.253,1124.894,115020.41149999874
GILMANOV_REF_WELL,102.25,421.965,6.253,1124.894,115301.63499999873
GILMANOV_REF_WELL,102.5,421.86,6.253,1124.894,115582.85849999872
GILMANOV_REF_WELL,102.75,421.756,6.253,1124.894,115864.08199999871
GILMANOV_REF_WELL,103.0,421.651,6.253,1124.894,116145.3054999987
GILMANOV_REF_WELL,103.25,421.547,6.253,1124.894,116426.5289999987
GILMANOV_REF_WELL,103.5,421.443,6.253,1124.894,116707.75249999869
GILMANOV_REF_WELL,103.75,421.34,6.253,1124.894,116988.97599999869
GILMANOV_REF_WELL,104.0,421.236,6.253,1124.894,117270.19949999868
GILMANOV_REF_WELL,104.25,421.133,6.253,1124.894,117551.42299999867
GILMANOV_REF_WELL,104.5,421.029,6.253,1124.894,117832.64649999866
GILMANOV_REF_WELL,104.75,420.926,6.253,1124.894,118113.86999999866
GILMANOV_REF_WELL,105.0,420.823,6.253,1124.894,118395.09349999865
GILMANOV_REF_WELL,105.25,420.721,6.253,1124.894,118676.31699999864
GILMANOV_REF_WELL,105.5,420.618,6.253,1124.894,118957.54049999863
GILMANOV_REF_WELL,105.75,420.516,6.253,1124.894,119238.76399999863
GILMANOV_REF_WELL,106.0,420.414,6.253,1124.894,119519.98749999862
GILMANOV_REF_WELL,106.25,420.311,6.253,1124.894,119801.21099999861
GILMANOV_REF_WELL,106.5,420.21,6.253,1124.894,120082.4344999986
GILMANOV_REF_WELL,106.75,420.108,6.253,1124.894,120363.6579999986
GILMANOV_REF_WELL,107.0,420.006,6.253,1124.894,120644.88149999859
GILMANOV_REF_WELL,107.25,419.905,6.253,1124.894,120926.10499999858
GILMANOV_REF_WELL,107.5,419.804,6.253,1124.894,121207.32849999858
GILMANOV_REF_WELL,107.75,419.703,6.253,1124.894,121488.55199999857
GILMANOV_REF_WELL,108.0,419.602,6.253,1124.894,121769.77549999856
GILMANOV_REF_WELL,108.25,419.501,6.253,1124.894,122050.99899999856
GILMANOV_REF_WELL,108.5,419.401,6.253,1124.894,122332.22249999855
GILMANOV_REF_WELL,108.75,419.3,6.253,1124.894,122613.44599999854
GILMANOV_REF_WELL,109.0,419.2,6.253,1124.894,122894.66949999853
GILMANOV_REF_WELL,109.25,419.1,6.253,1124.894,123175.89299999853
GILMANOV_REF_WELL,109.5,419.0,6.253,1124.894,123457.11649999852
GILMANOV_REF_WELL,109.75,418.901,6.253,1124.894,123738.33999999851
GILMANOV_REF_WELL,110.0,418.801,6.253,1124.894,124019.5634999985
GILMANOV_REF_WELL,110.25,418.702,6.253,1124.894,124300.7869999985
GILMANOV_REF_WELL,110.5,418.603,6.253,1124.894,124582.01049999849
GILMANOV_REF_WELL,110.75,418.504,6.253,1124.894,124863.23399999848
GILMANOV_REF_WELL,111.0,418.405,6.253,1124.894,125144.45749999848
GILMANOV_REF_WELL,111.25,418.306,6.253,1124.894,125425.68099999847
GILMANOV_REF_WELL,111.5,418.208,6.253,1124.894,125706.90449999846
GILMANOV_REF_WELL,111.75,418.109,6.253,1124.894,125988.12799999845
GILMANOV_REF_WELL,112.0,418.011,6.253,1124.894,126269.35149999845
GILMANOV_REF_WELL,112.25,417.913,6.253,1124.894,126550.57499999844
GILMANOV_REF_WELL,112.5,417.815,6.253,1124.894,126831.79849999843
GILMANOV_REF_WELL,112.75,417.717,6.253,1124.894,127113.02199999843
GILMANOV_REF_WELL,113.0,417.62,6.253,1124.894,127394.24549999842
GILMANOV_REF_WELL,113.25,417.522,6.253,1124.894,127675.46899999841
GILMANOV_REF_WELL,113.5,417.425,6.253,1124.894,127956.6924999984
GILMANOV_REF_WELL,113.75,417.328,6.253,1124.894,128237.9159999984
GILMANOV_REF_WELL,114.0,417.231,6.253,1124.894,128519.13949999839
GILMANOV_REF_WELL,114.25,417.134,6.253,1124.894,128800.36299999838
GILMANOV_REF_WELL,114.5,417.037,6.253,1124.894,129081.58649999838
GILMANOV_REF_WELL,114.75,416.941,6.253,1124.894,129362.80999999837
GILMANOV_REF_WELL,115.0,416.844,6.253,1124.894,129644.03349999836
GILMANOV_REF_WELL,115.25,416.748,6.253,1124.894,129925.25699999835
GILMANOV_REF_WELL,115.5,416.652,6.253,1124.894,130206.48049999835
GILMANOV_REF_WELL,115.75,416.556,6.253,1124.894,130487.70399999834
GILMANOV_REF_WELL,116.0,416.461,6.253,1124.894,130768.92749999833
GILMANOV_REF_WELL,116.25,416.365,6.253,1124.894,131050.15099999832
GILMANOV_REF_WELL,116.5,416.27,6.253,1124.894,131331.37449999832
GILMANOV_REF_WELL,116.75,416.174,6.253,1124.894,131612.5979999983
GILMANOV_REF_WELL,117.0,416.079,6.253,1124.894,131893.8214999983
GILMANOV_REF_WELL,117.25,415.984,6.253,1124.894,132175.0449999983
GILMANOV_REF_WELL,117.5,415.889,6.253,1124.894,132456.2684999983
GILMANOV_REF_WELL,117.75,415.795,6.253,1124.894,132737.49199999828
GILMANOV_REF_WELL,118.0,415.7,6.253,1124.894,133018.71549999827
GILMANOV_REF_WELL,118.25,415.606,6.253,1124.894,133299.93899999827
GILMANOV_REF_WELL,118.5,415.512,6.253,1124.894,133581.16249999826
GILMANOV_REF_WELL,118.75,415.418,6.253,1124.894,133862.38599999825
GILMANOV_REF_WELL,119.0,415.324,6.253,1124.894,134143.60949999825
GILMANOV_REF_WELL,119.25,415.23,6.253,1124.894,134424.83299999824
GILMANOV_REF_WELL,119.5,415.136,6.253,1124.894,134706.05649999823
GILMANOV_REF_WELL,119.75,415.043,6.253,1124.894,134987.27999999822
GILMANOV_REF_WELL,120.0,414.949,6.253,1124.894,135268.50349999822
GILMANOV_REF_WELL,120.25,414.856,6.253,1124.894,135549.7269999982
GILMANOV_REF_WELL,120.5,414.763,6.253,1124.894,135830.9504999982
GILMANOV_REF_WELL,120.75,414.67,6.253,1124.894,136112.1739999982
GILMANOV_REF_WELL,121.0,414.577,6.253,1124.894,136393.3974999982
GILMANOV_REF_WELL,121.25,414.485,6.253,1124.894,136674.62099999818
GILMANOV_REF_WELL,121.5,414.392,6.253,1124.894,136955.84449999817
GILMANOV_REF_WELL,121.75,414.3,6.253,1124.894,137237.06799999817
GILMANOV_REF_WELL,122.0,414.208,6.253,1124.894,137518.29149999816
GILMANOV_REF_WELL,122.25,414.116,6.253,1124.894,137799.51499999815
GILMANOV_REF_WELL,122.5,414.024,6.253,1124.894,138080.73849999814
GILMANOV_REF_WELL,122.75,413.932,6.253,1124.894,138361.96199999814
GILMANOV_REF_WELL,123.0,413.84,6.253,1124.894,138643.18549999813
GILMANOV_REF_WELL,123.25,413.749,6.253,1124.894,138924.40899999812
GILMANOV_REF_WELL,123.5,413.658,6.253,1124.894,139205.63249999812
GILMANOV_REF_WELL,123.75,413.566,6.253,1124.894,139486.8559999981
GILMANOV_REF_WELL,124.0,413.475,6.253,1124.894,139768.0794999981
GILMANOV_REF_WELL,124.25,413.384,6.253,1124.894,140049.3029999981
GILMANOV_REF_WELL,124.5,413.294,6.253,1124.894,140330.5264999981
GILMANOV_REF_WELL,124.75,413.203,6.253,1124.894,140611.74999999808
GILMANOV_REF_WELL,125.0,413.112,6.253,1124.894,140892.97349999807
GILMANOV_REF_WELL,125.25,413.022,6.253,1124.894,141174.19699999806
GILMANOV_REF_WELL,125.5,412.932,6.253,1124.894,141455.42049999806
GILMANOV_REF_WELL,125.75,412.842,6.253,1124.894,141736.64399999805
GILMANOV_REF_WELL,126.0,412.752,6.253,1124.894,142017.86749999804
GILMANOV_REF_WELL,126.25,412.662,6.253,1124.894,142299.09099999804
GILMANOV_REF_WELL,126.5,412.572,6.253,1124.894,142580.31449999803
GILMANOV_REF_WELL,126.75,412.483,6.253,1124.894,142861.53799999802
GILMANOV_REF_WELL,127.0,412.393,6.253,1124.894,143142.761499998
GILMANOV_REF_WELL,127.25,412.304,6.253,1124.894,143423.984999998
GILMANOV_REF_WELL,127.5,412.215,6.253,1124.894,143705.208499998
GILMANOV_REF_WELL,127.75,412.126,6.253,1124.894,143986.431999998
GILMANOV_REF_WELL,128.0,412.037,6.253,1124.894,144267.65549999799
GILMANOV_REF_WELL,128.25,411.948,6.253,1124.894,144548.87899999798
GILMANOV_REF_WELL,128.5,411.859,6.253,1124.894,144830.10249999797
GILMANOV_REF_WELL,128.75,411.771,6.253,1124.894,145111.32599999796
GILMANOV_REF_WELL,129.0,411.683,6.253,1124.894,145392.54949999796
GILMANOV_REF_WELL,129.25,411.594,6.253,1124.894,145673.77299999795
GILMANOV_REF_WELL,129.5,411.506,6.253,1124.894,145954.99649999794
GILMANOV_REF_WELL,129.75,411.418,6.253,1124.894,146236.21999999793
GILMANOV_REF_WELL,130.0,411.331,6.253,1124.894,146517.44349999793
GILMANOV_REF_WELL,130.25,411.243,6.253,1124.894,146798.66699999792
GILMANOV_REF_WELL,130.5,411.155,6.253,1124.894,147079.8904999979
GILMANOV_REF_WELL,130.75,411.068,6.253,1124.894,147361.1139999979
GILMANOV_REF_WELL,131.0,410.981,6.253,1124.894,147642.3374999979
GILMANOV_REF_WELL,131.25,410.893,6.253,1124.894,147923.5609999979
GILMANOV_REF_WELL,131.5,410.806,6.253,1124.894,148204.78449999788
GILMANOV_REF_WELL,131.75,410.719,6.253,1124.894,148486.00799999788
GILMANOV_REF_WELL,132.0,410.633,6.253,1124.894,148767.23149999787
GILMANOV_REF_WELL,132.25,410.546,6.253,1124.894,149048.45499999786
GILMANOV_REF_WELL,132.5,410.459,6.253,1124.894,149329.67849999786
GILMANOV_REF_WELL,132.75,410.373,6.253,1124.894,149610.90199999785
GILMANOV_REF_WELL,133.0,410.287,6.253,1124.894,149892.12549999784
GILMANOV_REF_WELL,133.25,410.201,6.253,1124.894,150173.34899999783
GILMANOV_REF_WELL,133.5,410.115,6.253,1124.894,150454.57249999783
GILMANOV_REF_WELL,133.75,410.029,6.253,1124.894,150735.79599999782
GILMANOV_REF_WELL,134.0,409.943,6.253,1124.894,151017.0194999978
GILMANOV_REF_WELL,134.25,409.857,6.253,1124.894,151298.2429999978
GILMANOV_REF_WELL,134.5,409.772,6.253,1124.894,151579.4664999978
GILMANOV_REF_WELL,134.75,409.686,6.253,1124.894,151860.6899999978
GILMANOV_REF_WELL,135.0,409.601,6.253,1124.894,152141.91349999778
GILMANOV_REF_WELL,135.25,409.516,6.253,1124.894,152423.13699999778
GILMANOV_REF_WELL,135.5,409.431,6.253,1124.894,152704.36049999777
GILMANOV_REF_WELL,135.75,409.346,6.253,1124.894,152985.58399999776
GILMANOV_REF_WELL,136.0,409.261,6.253,1124.894,153266.80749999775
GILMANOV_REF_WELL,136.25,409.176,6.253,1124.894,153548.03099999775
GILMANOV_REF_WELL,136.5,409.092,6.253,1124.894,153829.25449999774
GILMANOV_REF_WELL,136.75,409.007,6.253,1124.894,154110.47799999773
GILMANOV_REF_WELL,137.0,408.923,6.253,1124.894,154391.70149999773
GILMANOV_REF_WELL,137.25,408.839,6.253,1124.894,154672.92499999772
GILMANOV_REF_WELL,137.5,408.755,6.253,1124.894,154954.1484999977
GILMANOV_REF_WELL,137.75,408.671,6.253,1124.894,155235.3719999977
GILMANOV_REF_WELL,138.0,408.587,6.253,1124.894,155516.5954999977
GILMANOV_REF_WELL,138.25,408.504,6.253,1124.894,155797.8189999977
GILMANOV_REF_WELL,138.5,408.42,6.253,1124.894,156079.04249999768
GILMANOV_REF_WELL,138.75,408.337,6.253,1124.894,156360.26599999767
GILMANOV_REF_WELL,139.0,408.253,6.253,1124.894,156641.48949999767
GILMANOV_REF_WELL,139.25,408.17,6.253,1124.894,156922.71299999766
GILMANOV_REF_WELL,139.5,408.087,6.253,1124.894,157203.93649999765
GILMANOV_REF_WELL,139.75,408.004,6.253,1124.894,157485.15999999765
GILMANOV_REF_WELL,140.0,407.921,6.253,1124.894,157766.38349999764
GILMANOV_REF_WELL,140.25,407.838,6.253,1124.894,158047.60699999763
GILMANOV_REF_WELL,140.5,407.756,6.253,1124.894,158328.83049999762
GILMANOV_REF_WELL,140.75,407.673,6.253,1124.894,158610.05399999762
GILMANOV_REF_WELL,141.0,407.591,6.253,1124.894,158891.2774999976
GILMANOV_REF_WELL,141.25,407.509,6.253,1124.894,159172.5009999976
GILMANOV_REF_WELL,141.5,407.426,6.253,1124.894,159453.7244999976
GILMANOV_REF_WELL,141.75,407.344,6.253,1124.894,159734.9479999976
GILMANOV_REF_WELL,142.0,407.263,6.253,1124.894,160016.17149999758
GILMANOV_REF_WELL,142.25,407.181,6.253,1124.894,160297.39499999757
GILMANOV_REF_WELL,142.5,407.099,6.253,1124.894,160578.61849999757
GILMANOV_REF_WELL,142.75,407.017,6.253,1124.894,160859.84199999756
GILMANOV_REF_WELL,143.0,406.936,6.253,1124.894,161141.06549999755
GILMANOV_REF_WELL,143.25,406.855,6.253,1124.894,161422.28899999755
GILMANOV_REF_WELL,143.5,406.773,6.253,1124.894,161703.51249999754
GILMANOV_REF_WELL,143.75,406.692,6.253,1124.894,161984.73599999753
GILMANOV_REF_WELL,144.0,406.611,6.253,1124.894,162265.95949999752
GILMANOV_REF_WELL,144.25,406.531,6.253,1124.894,162547.18299999752
GILMANOV_REF_WELL,144.5,406.45,6.253,1124.894,162828.4064999975
GILMANOV_REF_WELL,144.75,406.369,6.253,1124.894,163109.6299999975
GILMANOV_REF_WELL,145.0,406.289,6.253,1124.894,163390.8534999975
GILMANOV_REF_WELL,145.25,406.208,6.253,1124.894,163672.0769999975
GILMANOV_REF_WELL,145.5,406.128,6.253,1124.894,163953.30049999748
GILMANOV_REF_WELL,145.75,406.048,6.253,1124.894,164234.52399999747
GILMANOV_REF_WELL,146.0,405.968,6.253,1124.894,164515.74749999747
GILMANOV_REF_WELL,146.25,405.888,6.253,1124.894,164796.97099999746
GILMANOV_REF_WELL,146.5,405.808,6.253,1124.894,165078.19449999745
GILMANOV_REF_WELL,146.75,405.728,6.253,1124.894,165359.41799999744
GILMANOV_REF_WELL,147.0,405.648,6.253,1124.894,165640.64149999744
GILMANOV_REF_WELL,147.25,405.569,6.253,1124.894,165921.86499999743
GILMANOV_REF_WELL,147.5,405.489,6.253,1124.894,166203.08849999742
GILMANOV_REF_WELL,147.75,405.41,6.253,1124.894,166484.31199999742
GILMANOV_REF_WELL,148.0,405.331,6.253,1124.894,166765.5354999974
GILMANOV_REF_WELL,148.25,405.252,6.253,1124.894,167046.7589999974
GILMANOV_REF_WELL,148.5,405.173,6.253,1124.894,167327.9824999974
GILMANOV_REF_WELL,148.75,405.094,6.253,1124.894,167609.2059999974
GILMANOV_REF_WELL,149.0,405.015,6.253,1124.894,167890.42949999738
GILMANOV_REF_WELL,149.25,404.937,6.253,1124.894,168171.65299999737
GILMANOV_REF_WELL,149.5,404.858,6.253,1124.894,168452.87649999736
GILMANOV_REF_WELL,149.75,404.78,6.253,1124.894,168734.09999999736
GILMANOV_REF_WELL,150.0,404.701,6.253,1124.894,169015.32349999735
GILMANOV_REF_WELL,150.25,404.623,6.253,1124.894,169296.54699999734
GILMANOV_REF_WELL,150.5,404.545,6.253,1124.894,169577.77049999734
GILMANOV_REF_WELL,150.75,404.467,6.253,1124.894,169858.99399999733
GILMANOV_REF_WELL,151.0,404.389,6.253,1124.894,170140.21749999732
GILMANOV_REF_WELL,151.25,404.311,6.253,1124.894,170421.4409999973
GILMANOV_REF_WELL,151.5,404.234,6.253,1124.894,170702.6644999973
GILMANOV_REF_WELL,151.75,404.156,6.253,1124.894,170983.8879999973
GILMANOV_REF_WELL,152.0,404.078,6.253,1124.894,171265.1114999973
GILMANOV_REF_WELL,152.25,404.001,6.253,1124.894,171546.33499999729
GILMANOV_REF_WELL,152.5,403.924,6.253,1124.894,171827.55849999728
GILMANOV_REF_WELL,152.75,403.847,6.253,1124.894,172108.78199999727
GILMANOV_REF_WELL,153.0,403.77,6.253,1124.894,172390.00549999726
GILMANOV_REF_WELL,153.25,403.693,6.253,1124.894,172671.22899999726
GILMANOV_REF_WELL,153.5,403.616,6.253,1124.894,172952.45249999725
GILMANOV_REF_WELL,153.75,403.539,6.253,1124.894,173233.67599999724
GILMANOV_REF_WELL,154.0,403.463,6.253,1124.894,173514.89949999723
GILMANOV_REF_WELL,154.25,403.386,6.253,1124.894,173796.12299999723
GILMANOV_REF_WELL,154.5,403.31,6.253,1124.894,174077.34649999722
GILMANOV_REF_WELL,154.75,403.233,6.253,1124.894,174358.5699999972
BGW_analogue_A,0.0,510.796,8.455,0.752,0.188
BGW_analogue_A,0.25,510.067,8.455,0.751,0.37575000000000003
BGW_analogue_A,0.5,509.378,8.455,0.751,0.5635
BGW_analogue_A,0.75,508.723,8.455,0.751,0.75125
BGW_analogue_A,1.0,508.099,8.455,0.75,0.93875
BGW_analogue_A,1.25,507.501,8.455,0.75,1.12625
BGW_analogue_A,1.5,506.926,8.455,0.75,1.31375
BGW_analogue_A,1.75,506.373,8.455,0.749,1.501
BGW_analogue_A,2.0,505.838,8.455,0.749,1.6882499999999998
BGW_analogue_A,2.25,505.32,8.455,0.749,1.8754999999999997
BGW_analogue_A,2.5,504.818,8.455,0.748,2.0624999999999996
BGW_analogue_A,2.75,504.331,8.455,0.748,2.2494999999999994
BGW_analogue_A,3.0,503.856,8.455,0.748,2.436499999999999
BGW_analogue_A,3.25,503.394,8.455,0.748,2.623499999999999
BGW_analogue_A,3.5,502.943,8.455,0.747,2.810249999999999
BGW_analogue_A,3.75,502.503,8.455,0.747,2.996999999999999
BGW_analogue_A,4.0,502.073,8.455,0.747,3.183749999999999
BGW_analogue_A,4.25,501.652,8.455,0.747,3.370499999999999
BGW_analogue_A,4.5,501.24,8.455,0.747,3.557249999999999
BGW_analogue_A,4.75,500.836,8.455,0.746,3.743749999999999
BGW_analogue_A,5.0,500.439,8.455,0.746,3.930249999999999
BGW_analogue_A,5.25,500.051,8.455,0.746,4.116749999999999
BGW_analogue_A,5.5,499.669,8.455,0.746,4.3032499999999985
BGW_analogue_A,5.75,499.294,8.455,0.745,4.489499999999999
BGW_analogue_A,6.0,498.925,8.455,0.745,4.675749999999999
BGW_analogue_A,6.25,498.563,8.455,0.745,4.861999999999999
BGW_analogue_A,6.5,498.206,8.455,0.745,5.0482499999999995
BGW_analogue_A,6.75,497.855,8.455,0.745,5.2345
BGW_analogue_A,7.0,497.509,8.455,0.744,5.4205
BGW_analogue_A,7.25,497.168,8.455,0.744,5.6065
BGW_analogue_A,7.5,496.832,8.455,0.744,5.7924999999999995
BGW_analogue_A,7.75,496.5,8.455,0.744,5.9784999999999995
BGW_analogue_A,8.0,496.173,8.455,0.744,6.164499999999999
BGW_analogue_A,8.25,495.851,8.455,0.743,6.350249999999999
BGW_analogue_A,8.5,495.533,8.455,0.743,6.535999999999999
BGW_analogue_A,8.75,495.218,8.455,0.743,6.721749999999998
BGW_analogue_A,9.0,494.908,8.455,0.743,6.907499999999998
BGW_analogue_A,9.25,494.601,8.455,0.743,7.093249999999998
BGW_analogue_A,9.5,494.298,8.455,0.742,7.278749999999998
BGW_analogue_A,9.75,493.999,8.455,0.742,7.464249999999998
BGW_analogue_A,10.0,493.702,8.455,0.742,7.649749999999998
BGW_analogue_A,10.25,493.41,8.455,0.742,7.8352499999999985
BGW_analogue_A,10.5,493.12,8.455,0.742,8.020749999999998
BGW_analogue_A,10.75,492.833,8.455,0.741,8.205999999999998
BGW_analogue_A,11.0,492.55,8.455,0.741,8.391249999999998
BGW_analogue_A,11.25,492.269,8.455,0.741,8.576499999999998
BGW_analogue_A,11.5,491.992,8.455,0.741,8.761749999999997
BGW_analogue_A,11.75,491.717,8.455,0.741,8.946999999999997
BGW_analogue_A,12.0,491.444,8.455,0.741,9.132249999999997
BGW_analogue_A,12.25,491.175,8.455,0.74,9.317249999999998
BGW_analogue_A,12.5,490.908,8.455,0.74,9.502249999999998
BGW_analogue_A,12.75,490.643,8.455,0.74,9.687249999999999
BGW_analogue_A,13.0,490.381,8.455,0.74,9.87225
BGW_analogue_A,13.25,490.121,8.455,0.74,10.05725
BGW_analogue_A,13.5,489.863,8.455,0.74,10.24225
BGW_analogue_A,13.75,489.608,8.455,0.739,10.427
BGW_analogue_A,14.0,489.355,8.455,0.739,10.611749999999999
BGW_analogue_A,14.25,489.104,8.455,0.739,10.796499999999998
BGW_analogue_A,14.5,488.855,8.455,0.739,10.981249999999998
BGW_analogue_A,14.75,488.609,8.455,0.739,11.165999999999997
BGW_analogue_A,15.0,488.364,8.455,0.739,11.350749999999996
BGW_analogue_A,15.25,488.121,8.455,0.738,11.535249999999996
BGW_analogue_A,15.5,487.88,8.455,0.738,11.719749999999996
BGW_analogue_A,15.75,487.641,8.455,0.738,11.904249999999996
BGW_analogue_A,16.0,487.404,8.455,0.738,12.088749999999996
BGW_analogue_A,16.25,487.169,8.455,0.738,12.273249999999996
BGW_analogue_A,16.5,486.935,8.455,0.738,12.457749999999995
BGW_analogue_A,16.75,486.703,8.455,0.737,12.641999999999996
BGW_analogue_A,17.0,486.473,8.455,0.737,12.826249999999996
BGW_analogue_A,17.25,486.244,8.455,0.737,13.010499999999997
BGW_analogue_A,17.5,486.017,8.455,0.737,13.194749999999997
BGW_analogue_A,17.75,485.792,8.455,0.737,13.378999999999998
BGW_analogue_A,18.0,485.568,8.455,0.737,13.563249999999998
BGW_analogue_A,18.25,485.346,8.455,0.736,13.747249999999998
BGW_analogue_A,18.5,485.125,8.455,0.736,13.931249999999997
BGW_analogue_A,18.75,484.906,8.455,0.736,14.115249999999996
BGW_analogue_A,19.0,484.688,8.455,0.736,14.299249999999995
BGW_analogue_A,19.25,484.472,8.455,0.736,14.483249999999995
BGW_analogue_A,19.5,484.257,8.455,0.736,14.667249999999994
BGW_analogue_A,19.75,484.044,8.455,0.736,14.851249999999993
BGW_analogue_A,20.0,483.831,8.455,0.735,15.034999999999993
BGW_analogue_A,20.25,483.62,8.455,0.735,15.218749999999993
BGW_analogue_A,20.5,483.411,8.455,0.735,15.402499999999993
BGW_analogue_A,20.75,483.203,8.455,0.735,15.586249999999993
BGW_analogue_A,21.0,482.996,8.455,0.735,15.769999999999992
BGW_analogue_A,21.25,482.79,8.455,0.735,15.953749999999992
BGW_analogue_A,21.5,482.585,8.455,0.734,16.13724999999999
BGW_analogue_A,21.75,482.382,8.455,0.734,16.32074999999999
BGW_analogue_A,22.0,482.18,8.455,0.734,16.50424999999999
BGW_analogue_A,22.25,481.979,8.455,0.734,16.687749999999987
BGW_analogue_A,22.5,481.779,8.455,0.734,16.871249999999986
BGW_analogue_A,22.75,481.581,8.455,0.734,17.054749999999984
BGW_analogue_A,23.0,481.383,8.455,0.734,17.238249999999983
BGW_analogue_A,23.25,481.187,8.455,0.733,17.421499999999984
BGW_analogue_A,23.5,480.991,8.455,0.733,17.604749999999985
BGW_analogue_A,23.75,480.797,8.455,0.733,17.787999999999986
BGW_analogue_A,24.0,480.604,8.455,0.733,17.971249999999987
BGW_analogue_A,24.25,480.412,8.455,0.733,18.154499999999988
BGW_analogue_A,24.5,480.22,8.455,0.733,18.33774999999999
BGW_analogue_A,24.75,480.03,8.455,0.733,18.52099999999999
BGW_analogue_A,25.0,479.841,8.455,0.732,18.70399999999999
BGW_analogue_A,25.25,479.653,8.455,0.732,18.88699999999999
BGW_analogue_A,25.5,479.466,8.455,0.732,19.06999999999999
BGW_analogue_A,25.75,479.279,8.455,0.732,19.25299999999999
BGW_analogue_A,26.0,479.094,8.455,0.732,19.43599999999999
BGW_analogue_A,26.25,478.91,8.455,0.732,19.61899999999999
BGW_analogue_A,26.5,478.726,8.455,0.732,19.80199999999999
BGW_analogue_A,26.75,478.544,8.455,0.731,19.984749999999988
BGW_analogue_A,27.0,478.362,8.455,0.731,20.167499999999986
BGW_analogue_A,27.25,478.181,8.455,0.731,20.350249999999985
BGW_analogue_A,27.5,478.001,8.455,0.731,20.532999999999983
BGW_analogue_A,27.75,477.822,8.455,0.731,20.715749999999982
BGW_analogue_A,28.0,477.644,8.455,0.731,20.89849999999998
BGW_analogue_A,28.25,477.467,8.455,0.731,21.08124999999998
BGW_analogue_A,28.5,477.29,8.455,0.73,21.26374999999998
BGW_analogue_A,28.75,477.115,8.455,0.73,21.44624999999998
BGW_analogue_A,29.0,476.94,8.455,0.73,21.628749999999982
BGW_analogue_A,29.25,476.766,8.455,0.73,21.811249999999983
BGW_analogue_A,29.5,476.592,8.455,0.73,21.993749999999984
BGW_analogue_A,29.75,476.42,8.455,0.73,22.176249999999985
BGW_analogue_A,30.0,476.248,8.455,0.73,22.358749999999986
BGW_analogue_A,30.25,476.077,8.455,0.729,22.540999999999986
BGW_analogue_A,30.5,475.907,8.455,0.729,22.723249999999986
BGW_analogue_A,30.75,475.737,8.455,0.729,22.905499999999986
BGW_analogue_A,31.0,475.568,8.455,0.729,23.087749999999986
BGW_analogue_A,31.25,475.4,8.455,0.729,23.269999999999985
BGW_analogue_A,31.5,475.233,8.455,0.729,23.452249999999985
BGW_analogue_A,31.75,475.066,8.455,0.729,23.634499999999985
BGW_analogue_A,32.0,474.901,8.455,0.728,23.816499999999984
BGW_analogue_A,32.25,474.735,8.455,0.728,23.998499999999982
BGW_analogue_A,32.5,474.571,8.455,0.728,24.18049999999998
BGW_analogue_A,32.75,474.407,8.455,0.728,24.36249999999998
BGW_analogue_A,33.0,474.244,8.455,0.728,24.544499999999978
BGW_analogue_A,33.25,474.081,8.455,0.728,24.726499999999977
BGW_analogue_A,33.5,473.92,8.455,0.728,24.908499999999975
BGW_analogue_A,33.75,473.758,8.455,0.728,25.090499999999974
BGW_analogue_A,34.0,473.598,8.455,0.727,25.272249999999975
BGW_analogue_A,34.25,473.438,8.455,0.727,25.453999999999976
BGW_analogue_A,34.5,473.279,8.455,0.727,25.635749999999977
BGW_analogue_A,34.75,473.12,8.455,0.727,25.817499999999978
BGW_analogue_A,35.0,472.962,8.455,0.727,25.99924999999998
BGW_analogue_A,35.25,472.805,8.455,0.727,26.18099999999998
BGW_analogue_A,35.5,472.648,8.455,0.727,26.36274999999998
BGW_analogue_A,35.75,472.492,8.455,0.726,26.54424999999998
BGW_analogue_A,36.0,472.336,8.455,0.726,26.72574999999998
BGW_analogue_A,36.25,472.181,8.455,0.726,26.90724999999998
BGW_analogue_A,36.5,472.027,8.455,0.726,27.08874999999998
BGW_analogue_A,36.75,471.873,8.455,0.726,27.27024999999998
BGW_analogue_A,37.0,471.72,8.455,0.726,27.45174999999998
BGW_analogue_A,37.25,471.567,8.455,0.726,27.63324999999998
BGW_analogue_A,37.5,471.415,8.455,0.726,27.81474999999998
BGW_analogue_A,37.75,471.263,8.455,0.725,27.995999999999977
BGW_analogue_A,38.0,471.112,8.455,0.725,28.177249999999976
BGW_analogue_A,38.25,470.962,8.455,0.725,28.358499999999975
BGW_analogue_A,38.5,470.812,8.455,0.725,28.539749999999973
BGW_analogue_A,38.75,470.662,8.455,0.725,28.72099999999997
BGW_analogue_A,39.0,470.514,8.455,0.725,28.90224999999997
BGW_analogue_A,39.25,470.365,8.455,0.725,29.08349999999997
BGW_analogue_A,39.5,470.217,8.455,0.725,29.264749999999967
BGW_analogue_A,39.75,470.07,8.455,0.724,29.44574999999997
BGW_analogue_A,40.0,469.923,8.455,0.724,29.62674999999997
BGW_analogue_A,40.25,469.777,8.455,0.724,29.80774999999997
BGW_analogue_A,40.5,469.631,8.455,0.724,29.98874999999997
BGW_analogue_A,40.75,469.486,8.455,0.724,30.169749999999972
BGW_analogue_A,41.0,469.341,8.455,0.724,30.350749999999973
BGW_analogue_A,41.25,469.197,8.455,0.724,30.531749999999974
BGW_analogue_A,41.5,469.053,8.455,0.723,30.712499999999974
BGW_analogue_A,41.75,468.91,8.455,0.723,30.893249999999973
BGW_analogue_A,42.0,468.767,8.455,0.723,31.073999999999973
BGW_analogue_A,42.25,468.625,8.455,0.723,31.254749999999973
BGW_analogue_A,42.5,468.483,8.455,0.723,31.435499999999973
BGW_analogue_A,42.75,468.341,8.455,0.723,31.616249999999972
BGW_analogue_A,43.0,468.2,8.455,0.723,31.796999999999972
BGW_analogue_A,43.25,468.06,8.455,0.723,31.977749999999972
BGW_analogue_A,43.5,467.92,8.455,0.722,32.158249999999974
BGW_analogue_A,43.75,467.78,8.455,0.722,32.338749999999976
BGW_analogue_A,44.0,467.641,8.455,0.722,32.51924999999998
BGW_analogue_A,44.25,467.502,8.455,0.722,32.69974999999998
BGW_analogue_A,44.5,467.364,8.455,0.722,32.88024999999998
BGW_analogue_A,44.75,467.226,8.455,0.722,33.060749999999985
BGW_analogue_A,45.0,467.089,8.455,0.722,33.24124999999999
BGW_analogue_A,45.25,466.952,8.455,0.722,33.42174999999999
BGW_analogue_A,45.5,466.815,8.455,0.721,33.60199999999999
BGW_analogue_A,45.75,466.679,8.455,0.721,33.78224999999999
BGW_analogue_A,46.0,466.543,8.455,0.721,33.96249999999999
BGW_analogue_A,46.25,466.408,8.455,0.721,34.14274999999999
BGW_analogue_A,46.5,466.273,8.455,0.721,34.32299999999999
BGW_analogue_A,46.75,466.139,8.455,0.721,34.503249999999994
BGW_analogue_A,47.0,466.005,8.455,0.721,34.683499999999995
BGW_analogue_A,47.25,465.871,8.455,0.721,34.863749999999996
BGW_analogue_A,47.5,465.738,8.455,0.72,35.043749999999996
BGW_analogue_A,47.75,465.605,8.455,0.72,35.223749999999995
BGW_analogue_A,48.0,465.473,8.455,0.72,35.403749999999995
BGW_analogue_A,48.25,465.341,8.455,0.72,35.583749999999995
BGW_analogue_A,48.5,465.209,8.455,0.72,35.763749999999995
BGW_analogue_A,48.75,465.078,8.455,0.72,35.943749999999994
BGW_analogue_A,49.0,464.947,8.455,0.72,36.123749999999994
BGW_analogue_A,49.25,464.816,8.455,0.72,36.303749999999994
BGW_analogue_A,49.5,464.686,8.455,0.719,36.48349999999999
BGW_analogue_A,49.75,464.556,8.455,0.719,36.66324999999999
BGW_analogue_A,50.0,464.427,8.455,0.719,36.84299999999999
BGW_analogue_A,50.25,464.298,8.455,0.719,37.02274999999999
BGW_analogue_A,50.5,464.169,8.455,0.719,37.202499999999986
BGW_analogue_A,50.75,464.041,8.455,0.719,37.382249999999985
BGW_analogue_A,51.0,463.913,8.455,0.719,37.56199999999998
BGW_analogue_A,51.25,463.786,8.455,0.719,37.74174999999998
BGW_analogue_A,51.5,463.658,8.455,0.718,37.92124999999998
BGW_analogue_A,51.75,463.531,8.455,0.718,38.10074999999998
BGW_analogue_A,52.0,463.405,8.455,0.718,38.280249999999974
BGW_analogue_A,52.25,463.279,8.455,0.718,38.45974999999997
BGW_analogue_A,52.5,463.153,8.455,0.718,38.63924999999997
BGW_analogue_A,52.75,463.028,8.455,0.718,38.818749999999966
BGW_analogue_A,53.0,462.902,8.455,0.718,38.99824999999996
BGW_analogue_A,53.25,462.778,8.455,0.718,39.17774999999996
BGW_analogue_A,53.5,462.653,8.455,0.717,39.356999999999964
BGW_analogue_A,53.75,462.529,8.455,0.717,39.53624999999997
BGW_analogue_A,54.0,462.405,8.455,0.717,39.71549999999997
BGW_analogue_A,54.25,462.282,8.455,0.717,39.89474999999997
BGW_analogue_A,54.5,462.159,8.455,0.717,40.07399999999998
BGW_analogue_A,54.75,462.036,8.455,0.717,40.25324999999998
BGW_analogue_A,55.0,461.914,8.455,0.717,40.43249999999998
BGW_analogue_A,55.25,461.792,8.455,0.717,40.61174999999999
BGW_analogue_A,55.5,461.67,8.455,0.716,40.79074999999999
BGW_analogue_A,55.75,461.548,8.455,0.716,40.96974999999999
BGW_analogue_A,56.0,461.427,8.455,0.716,41.14874999999999
BGW_analogue_A,56.25,461.306,8.455,0.716,41.327749999999995
BGW_analogue_A,56.5,461.186,8.455,0.716,41.50675
BGW_analogue_A,56.75,461.065,8.455,0.716,41.68575
BGW_analogue_A,57.0,460.946,8.455,0.716,41.86475
BGW_analogue_A,57.25,460.826,8.455,0.716,42.04375
BGW_analogue_A,57.5,460.707,8.455,0.715,42.222500000000004
BGW_analogue_A,57.75,460.588,8.455,0.715,42.401250000000005
BGW_analogue_A,58.0,460.469,8.455,0.715,42.580000000000005
BGW_analogue_A,58.25,460.351,8.455,0.715,42.758750000000006
BGW_analogue_A,58.5,460.232,8.455,0.715,42.93750000000001
BGW_analogue_A,58.75,460.115,8.455,0.715,43.11625000000001
BGW_analogue_A,59.0,459.997,8.455,0.715,43.29500000000001
BGW_analogue_A,59.25,459.88,8.455,0.715,43.47375000000001
BGW_analogue_A,59.5,459.763,8.455,0.715,43.65250000000001
BGW_analogue_A,59.75,459.646,8.455,0.714,43.83100000000001
BGW_analogue_A,60.0,459.53,8.455,0.714,44.00950000000001
BGW_analogue_A,60.25,459.414,8.455,0.714,44.18800000000001
BGW_analogue_A,60.5,459.298,8.455,0.714,44.36650000000001
BGW_analogue_A,60.75,459.183,8.455,0.714,44.54500000000001
BGW_analogue_A,61.0,459.067,8.455,0.714,44.72350000000001
BGW_analogue_A,61.25,458.952,8.455,0.714,44.90200000000001
BGW_analogue_A,61.5,458.838,8.455,0.714,45.08050000000001
BGW_analogue_A,61.75,458.723,8.455,0.713,45.258750000000006
BGW_analogue_A,62.0,458.609,8.455,0.713,45.437000000000005
BGW_analogue_A,62.25,458.495,8.455,0.713,45.61525
BGW_analogue_A,62.5,458.382,8.455,0.713,45.7935
BGW_analogue_A,62.75,458.268,8.455,0.713,45.97175
BGW_analogue_A,63.0,458.155,8.455,0.713,46.15
BGW_analogue_A,63.25,458.043,8.455,0.713,46.32825
BGW_analogue_A,63.5,457.93,8.455,0.713,46.506499999999996
BGW_analogue_A,63.75,457.818,8.455,0.712,46.68449999999999
BGW_analogue_A,64.0,457.706,8.455,0.712,46.86249999999999
BGW_analogue_A,64.25,457.594,8.455,0.712,47.04049999999999
BGW_analogue_A,64.5,457.483,8.455,0.712,47.218499999999985
BGW_analogue_A,64.75,457.371,8.455,0.712,47.39649999999998
BGW_analogue_A,65.0,457.26,8.455,0.712,47.57449999999998
BGW_analogue_A,65.25,457.15,8.455,0.712,47.752499999999976
BGW_analogue_A,65.5,457.039,8.455,0.712,47.930499999999974
BGW_analogue_A,65.75,456.929,8.455,0.712,48.10849999999997
BGW_analogue_A,66.0,456.819,8.455,0.711,48.286249999999974
BGW_analogue_A,66.25,456.709,8.455,0.711,48.46399999999998
BGW_analogue_A,66.5,456.6,8.455,0.711,48.64174999999998
BGW_analogue_A,66.75,456.491,8.455,0.711,48.819499999999984
BGW_analogue_A,67.0,456.382,8.455,0.711,48.99724999999999
BGW_analogue_A,67.25,456.273,8.455,0.711,49.17499999999999
BGW_analogue_A,67.5,456.165,8.455,0.711,49.35274999999999
BGW_analogue_A,67.75,456.056,8.455,0.711,49.530499999999996
BGW_analogue_A,68.0,455.948,8.455,0.71,49.708
BGW_analogue_A,68.25,455.841,8.455,0.71,49.8855
BGW_analogue_A,68.5,455.733,8.455,0.71,50.063
BGW_analogue_A,68.75,455.626,8.455,0.71,50.240500000000004
BGW_analogue_A,69.0,455.519,8.455,0.71,50.418000000000006
BGW_analogue_A,69.25,455.412,8.455,0.71,50.59550000000001
BGW_analogue_A,69.5,455.305,8.455,0.71,50.77300000000001
BGW_analogue_A,69.75,455.199,8.455,0.71,50.95050000000001
BGW_analogue_A,70.0,455.093,8.455,0.71,51.128000000000014
BGW_analogue_A,70.25,454.987,8.455,0.709,51.305250000000015
BGW_analogue_A,70.5,454.881,8.455,0.709,51.482500000000016
BGW_analogue_A,70.75,454.776,8.455,0.709,51.65975000000002
BGW_analogue_A,71.0,454.671,8.455,0.709,51.83700000000002
BGW_analogue_A,71.25,454.566,8.455,0.709,52.01425000000002
BGW_analogue_A,71.5,454.461,8.455,0.709,52.19150000000002
BGW_analogue_A,71.75,454.356,8.455,0.709,52.36875000000002
BGW_analogue_A,72.0,454.252,8.455,0.709,52.54600000000002
BGW_analogue_A,72.25,454.148,8.455,0.708,52.72300000000002
BGW_analogue_A,72.5,454.044,8.455,0.708,52.90000000000002
BGW_analogue_A,72.75,453.94,8.455,0.708,53.07700000000002
BGW_analogue_A,73.0,453.837,8.455,0.708,53.25400000000002
BGW_analogue_A,73.25,453.734,8.455,0.708,53.43100000000002
BGW_analogue_A,73.5,453.63,8.455,0.708,53.60800000000002
BGW_analogue_A,73.75,453.528,8.455,0.708,53.78500000000002
BGW_analogue_A,74.0,453.425,8.455,0.708,53.96200000000002
BGW_analogue_A,74.25,453.323,8.455,0.708,54.13900000000002
BGW_analogue_A,74.5,453.22,8.455,0.707,54.315750000000016
BGW_analogue_A,74.75,453.119,8.455,0.707,54.492500000000014
BGW_analogue_A,75.0,453.017,8.455,0.707,54.66925000000001
BGW_analogue_A,75.25,452.915,8.455,0.707,54.84600000000001
BGW_analogue_A,75.5,452.814,8.455,0.707,55.02275000000001
BGW_analogue_A,75.75,452.713,8.455,0.707,55.19950000000001
BGW_analogue_A,76.0,452.612,8.455,0.707,55.376250000000006
BGW_analogue_A,76.25,452.511,8.455,0.707,55.553000000000004
BGW_analogue_A,76.5,452.41,8.455,0.706,55.7295
BGW_analogue_A,76.75,452.31,8.455,0.706,55.906
BGW_analogue_A,77.0,452.21,8.455,0.706,56.082499999999996
BGW_analogue_A,77.25,452.11,8.455,0.706,56.25899999999999
BGW_analogue_A,77.5,452.01,8.455,0.706,56.43549999999999
BGW_analogue_A,77.75,451.911,8.455,0.706,56.61199999999999
BGW_analogue_A,78.0,451.811,8.455,0.706,56.788499999999985
BGW_analogue_A,78.25,451.712,8.455,0.706,56.96499999999998
BGW_analogue_A,78.5,451.613,8.455,0.706,57.14149999999998
BGW_analogue_A,78.75,451.515,8.455,0.705,57.31774999999998
BGW_analogue_A,79.0,451.416,8.455,0.705,57.493999999999986
BGW_analogue_A,79.25,451.318,8.455,0.705,57.67024999999999
BGW_analogue_A,79.5,451.219,8.455,0.705,57.84649999999999
BGW_analogue_A,79.75,451.121,8.455,0.705,58.022749999999995
BGW_analogue_A,80.0,451.024,8.455,0.705,58.199
BGW_analogue_A,80.25,450.926,8.455,0.705,58.37525
BGW_analogue_A,80.5,450.828,8.455,0.705,58.551500000000004
BGW_analogue_A,80.75,450.731,8.455,0.705,58.72775000000001
BGW_analogue_A,81.0,450.634,8.455,0.704,58.90375000000001
BGW_analogue_A,81.25,450.537,8.455,0.704,59.07975000000001
BGW_analogue_A,81.5,450.441,8.455,0.704,59.25575000000001
BGW_analogue_A,81.75,450.344,8.455,0.704,59.431750000000015
BGW_analogue_A,82.0,450.248,8.455,0.704,59.60775000000002
BGW_analogue_A,82.25,450.152,8.455,0.704,59.78375000000002
BGW_analogue_A,82.5,450.056,8.455,0.704,59.95975000000002
BGW_analogue_A,82.75,449.96,8.455,0.704,60.13575000000002
BGW_analogue_A,83.0,449.864,8.455,0.703,60.311500000000024
BGW_analogue_A,83.25,449.769,8.455,0.703,60.487250000000024
BGW_analogue_A,83.5,449.674,8.455,0.703,60.663000000000025
BGW_analogue_A,83.75,449.579,8.455,0.703,60.838750000000026
BGW_analogue_A,84.0,449.484,8.455,0.703,61.01450000000003
BGW_analogue_A,84.25,449.389,8.455,0.703,61.19025000000003
BGW_analogue_A,84.5,449.294,8.455,0.703,61.36600000000003
BGW_analogue_A,84.75,449.2,8.455,0.703,61.54175000000003
BGW_analogue_A,85.0,449.106,8.455,0.703,61.71750000000003
BGW_analogue_A,85.25,449.012,8.455,0.702,61.89300000000003
BGW_analogue_A,85.5,448.918,8.455,0.702,62.06850000000003
BGW_analogue_A,85.75,448.824,8.455,0.702,62.24400000000003
BGW_analogue_A,86.0,448.731,8.455,0.702,62.41950000000003
BGW_analogue_A,86.25,448.637,8.455,0.702,62.59500000000003
BGW_analogue_A,86.5,448.544,8.455,0.702,62.77050000000003
BGW_analogue_A,86.75,448.451,8.455,0.702,62.946000000000026
BGW_analogue_A,87.0,448.358,8.455,0.702,63.121500000000026
BGW_analogue_A,87.25,448.266,8.455,0.702,63.297000000000025
BGW_analogue_A,87.5,448.173,8.455,0.701,63.472250000000024
BGW_analogue_A,87.75,448.081,8.455,0.701,63.64750000000002
BGW_analogue_A,88.0,447.989,8.455,0.701,63.82275000000002
BGW_analogue_A,88.25,447.897,8.455,0.701,63.99800000000002
BGW_analogue_A,88.5,447.805,8.455,0.701,64.17325000000002
BGW_analogue_A,88.75,447.713,8.455,0.701,64.34850000000003
BGW_analogue_A,89.0,447.622,8.455,0.701,64.52375000000004
BGW_analogue_A,89.25,447.53,8.455,0.701,64.69900000000004
BGW_analogue_A,89.5,447.439,8.455,0.701,64.87425000000005
BGW_analogue_A,89.75,447.348,8.455,0.7,65.04925000000004
BGW_analogue_A,90.0,447.257,8.455,0.7,65.22425000000004
BGW_analogue_A,90.25,447.167,8.455,0.7,65.39925000000004
BGW_analogue_A,90.5,447.076,8.455,0.7,65.57425000000003
BGW_analogue_A,90.75,446.986,8.455,0.7,65.74925000000003
BGW_analogue_A,91.0,446.895,8.455,0.7,65.92425000000003
BGW_analogue_A,91.25,446.805,8.455,0.7,66.09925000000003
BGW_analogue_A,91.5,446.715,8.455,0.7,66.27425000000002
BGW_analogue_A,91.75,446.626,8.455,0.7,66.44925000000002
BGW_analogue_A,92.0,446.536,8.455,0.699,66.62400000000002
BGW_analogue_A,92.25,446.447,8.455,0.699,66.79875000000003
BGW_analogue_A,92.5,446.357,8.455,0.699,66.97350000000003
BGW_analogue_A,92.75,446.268,8.455,0.699,67.14825000000003
BGW_analogue_A,93.0,446.179,8.455,0.699,67.32300000000004
BGW_analogue_A,93.25,446.09,8.455,0.699,67.49775000000004
BGW_analogue_A,93.5,446.002,8.455,0.699,67.67250000000004
BGW_analogue_A,93.75,445.913,8.455,0.699,67.84725000000005
BGW_analogue_A,94.0,445.825,8.455,0.698,68.02175000000004
BGW_analogue_A,94.25,445.736,8.455,0.698,68.19625000000003
BGW_analogue_A,94.5,445.648,8.455,0.698,68.37075000000003
BGW_analogue_A,94.75,445.56,8.455,0.698,68.54525000000002
BGW_analogue_A,95.0,445.473,8.455,0.698,68.71975000000002
BGW_analogue_A,95.25,445.385,8.455,0.698,68.89425000000001
BGW_analogue_A,95.5,445.297,8.455,0.698,69.06875000000001
BGW_analogue_A,95.75,445.21,8.455,0.698,69.24325
BGW_analogue_A,96.0,445.123,8.455,0.698,69.41775
BGW_analogue_A,96.25,445.036,8.455,0.697,69.592
BGW_analogue_A,96.5,444.949,8.455,0.697,69.76625
BGW_analogue_A,96.75,444.862,8.455,0.697,69.9405
BGW_analogue_A,97.0,444.775,8.455,0.697,70.11475
BGW_analogue_A,97.25,444.689,8.455,0.697,70.289
BGW_analogue_A,97.5,444.603,8.455,0.697,70.46325
BGW_analogue_A,97.75,444.516,8.455,0.697,70.6375
BGW_analogue_A,98.0,444.43,8.455,0.697,70.81175
BGW_analogue_A,98.25,444.344,8.455,0.697,70.986
BGW_analogue_A,98.5,444.259,8.455,0.696,71.16000000000001
BGW_analogue_A,98.75,444.173,8.455,0.696,71.33400000000002
BGW_analogue_A,99.0,444.087,8.455,0.696,71.50800000000002
BGW_analogue_A,99.25,444.002,8.455,0.696,71.68200000000003
BGW_analogue_A,99.5,443.917,8.455,0.696,71.85600000000004
BGW_analogue_A,99.75,443.832,8.455,0.696,72.03000000000004
BGW_analogue_A,100.0,443.747,8.455,0.696,72.20400000000005
BGW_analogue_A,100.25,443.662,8.455,0.696,72.37800000000006
BGW_analogue_A,100.5,443.577,8.455,0.696,72.55200000000006
BGW_analogue_A,100.75,443.493,8.455,0.695,72.72575000000006
BGW_analogue_A,101.0,443.408,8.455,0.695,72.89950000000006
BGW_analogue_A,101.25,443.324,8.455,0.695,73.07325000000006
BGW_analogue_A,101.5,443.24,8.455,0.695,73.24700000000006
BGW_analogue_A,101.75,443.156,8.455,0.695,73.42075000000006
BGW_analogue_A,102.0,443.072,8.455,0.695,73.59450000000005
BGW_analogue_A,102.25,442.988,8.455,0.695,73.76825000000005
BGW_analogue_A,102.5,442.905,8.455,0.695,73.94200000000005
BGW_analogue_A,102.75,442.821,8.455,0.695,74.11575000000005
BGW_analogue_A,103.0,442.738,8.455,0.694,74.28925000000005
BGW_analogue_A,103.25,442.655,8.455,0.694,74.46275000000006
BGW_analogue_A,103.5,442.571,8.455,0.694,74.63625000000006
BGW_analogue_A,103.75,442.488,8.455,0.694,74.80975000000007
BGW_analogue_A,104.0,442.406,8.455,0.694,74.98325000000007
BGW_analogue_A,104.25,442.323,8.455,0.694,75.15675000000007
BGW_analogue_A,104.5,442.24,8.455,0.694,75.33025000000008
BGW_analogue_A,104.75,442.158,8.455,0.694,75.50375000000008
BGW_analogue_A,105.0,442.076,8.455,0.694,75.67725000000009
BGW_analogue_A,105.25,441.993,8.455,0.693,75.85050000000008
BGW_analogue_A,105.5,441.911,8.455,0.693,76.02375000000008
BGW_analogue_A,105.75,441.829,8.455,0.693,76.19700000000007
BGW_analogue_A,106.0,441.748,8.455,0.693,76.37025000000007
BGW_analogue_A,106.25,441.666,8.455,0.693,76.54350000000007
BGW_analogue_A,106.5,441.584,8.455,0.693,76.71675000000006
BGW_analogue_A,106.75,441.503,8.455,0.693,76.89000000000006
BGW_analogue_A,107.0,441.422,8.455,0.693,77.06325000000005
BGW_analogue_A,107.25,441.34,8.455,0.693,77.23650000000005
BGW_analogue_A,107.5,441.259,8.455,0.692,77.40950000000005
BGW_analogue_A,107.75,441.178,8.455,0.692,77.58250000000005
BGW_analogue_A,108.0,441.098,8.455,0.692,77.75550000000005
BGW_analogue_A,108.25,441.017,8.455,0.692,77.92850000000006
BGW_analogue_A,108.5,440.936,8.455,0.692,78.10150000000006
BGW_analogue_A,108.75,440.856,8.455,0.692,78.27450000000006
BGW_analogue_A,109.0,440.776,8.455,0.692,78.44750000000006
BGW_analogue_A,109.25,440.695,8.455,0.692,78.62050000000006
BGW_analogue_A,109.5,440.615,8.455,0.692,78.79350000000007
BGW_analogue_A,109.75,440.535,8.455,0.691,78.96625000000006
BGW_analogue_A,110.0,440.455,8.455,0.691,79.13900000000005
BGW_analogue_A,110.25,440.376,8.455,0.691,79.31175000000005
BGW_analogue_A,110.5,440.296,8.455,0.691,79.48450000000004
BGW_analogue_A,110.75,440.217,8.455,0.691,79.65725000000003
BGW_analogue_A,111.0,440.137,8.455,0.691,79.83000000000003
BGW_analogue_A,111.25,440.058,8.455,0.691,80.00275000000002
BGW_analogue_A,111.5,439.979,8.455,0.691,80.17550000000001
BGW_analogue_A,111.75,439.9,8.455,0.691,80.34825000000001
BGW_analogue_A,112.0,439.821,8.455,0.69,80.52075
BGW_analogue_A,112.25,439.742,8.455,0.69,80.69325
BGW_analogue_A,112.5,439.663,8.455,0.69,80.86575
BGW_analogue_A,112.75,439.585,8.455,0.69,81.03825
BGW_analogue_A,113.0,439.506,8.455,0.69,81.21075
BGW_analogue_A,113.25,439.428,8.455,0.69,81.38325
BGW_analogue_A,113.5,439.35,8.455,0.69,81.55575
BGW_analogue_A,113.75,439.272,8.455,0.69,81.72825
BGW_analogue_A,114.0,439.194,8.455,0.69,81.90075
BGW_analogue_A,114.25,439.116,8.455,0.689,82.07300000000001
BGW_analogue_A,114.5,439.038,8.455,0.689,82.24525000000001
BGW_analogue_A,114.75,438.961,8.455,0.689,82.41750000000002
BGW_analogue_A,115.0,438.883,8.455,0.689,82.58975000000002
BGW_analogue_A,115.25,438.806,8.455,0.689,82.76200000000003
BGW_analogue_A,115.5,438.728,8.455,0.689,82.93425000000003
BGW_analogue_A,115.75,438.651,8.455,0.689,83.10650000000004
BGW_analogue_A,116.0,438.574,8.455,0.689,83.27875000000004
BGW_analogue_A,116.25,438.497,8.455,0.689,83.45100000000005
BGW_analogue_A,116.5,438.42,8.455,0.688,83.62300000000005
BGW_analogue_A,116.75,438.343,8.455,0.688,83.79500000000004
BGW_analogue_A,117.0,438.267,8.455,0.688,83.96700000000004
BGW_analogue_A,117.25,438.19,8.455,0.688,84.13900000000004
BGW_analogue_A,117.5,438.114,8.455,0.688,84.31100000000004
BGW_analogue_A,117.75,438.037,8.455,0.688,84.48300000000003
BGW_analogue_A,118.0,437.961,8.455,0.688,84.65500000000003
BGW_analogue_A,118.25,437.885,8.455,0.688,84.82700000000003
BGW_analogue_A,118.5,437.809,8.455,0.688,84.99900000000002
BGW_analogue_A,118.75,437.733,8.455,0.687,85.17075000000003
BGW_analogue_A,119.0,437.657,8.455,0.687,85.34250000000003
BGW_analogue_A,119.25,437.582,8.455,0.687,85.51425000000003
BGW_analogue_A,119.5,437.506,8.455,0.687,85.68600000000004
BGW_analogue_A,119.75,437.431,8.455,0.687,85.85775000000004
BGW_analogue_A,120.0,437.355,8.455,0.687,86.02950000000004
BGW_analogue_A,120.25,437.28,8.455,0.687,86.20125000000004
BGW_analogue_A,120.5,437.205,8.455,0.687,86.37300000000005
BGW_analogue_A,120.75,437.13,8.455,0.687,86.54475000000005
BGW_analogue_A,121.0,437.055,8.455,0.686,86.71625000000004
BGW_analogue_A,121.25,436.98,8.455,0.686,86.88775000000004
BGW_analogue_A,121.5,436.905,8.455,0.686,87.05925000000003
BGW_analogue_A,121.75,436.831,8.455,0.686,87.23075000000003
BGW_analogue_A,122.0,436.756,8.455,0.686,87.40225000000002
BGW_analogue_A,122.25,436.682,8.455,0.686,87.57375000000002
BGW_analogue_A,122.5,436.607,8.455,0.686,87.74525000000001
BGW_analogue_A,122.75,436.533,8.455,0.686,87.91675000000001
BGW_analogue_A,123.0,436.459,8.455,0.686,88.08825
BGW_analogue_A,123.25,436.385,8.455,0.686,88.25975
BGW_analogue_A,123.5,436.311,8.455,0.685,88.431
BGW_analogue_A,123.75,436.237,8.455,0.685,88.60225
BGW_analogue_A,124.0,436.164,8.455,0.685,88.7735
BGW_analogue_A,124.25,436.09,8.455,0.685,88.94475
BGW_analogue_A,124.5,436.017,8.455,0.685,89.116
BGW_analogue_A,124.75,435.943,8.455,0.685,89.28725
BGW_analogue_A,125.0,435.87,8.455,0.685,89.4585
BGW_analogue_A,125.25,435.797,8.455,0.685,89.62975
BGW_analogue_A,125.5,435.723,8.455,0.685,89.801
BGW_analogue_A,125.75,435.65,8.455,0.684,89.97200000000001
BGW_analogue_A,126.0,435.578,8.455,0.684,90.14300000000001
BGW_analogue_A,126.25,435.505,8.455,0.684,90.31400000000002
BGW_analogue_A,126.5,435.432,8.455,0.684,90.48500000000003
BGW_analogue_A,126.75,435.359,8.455,0.684,90.65600000000003
BGW_analogue_A,127.0,435.287,8.455,0.684,90.82700000000004
BGW_analogue_A,127.25,435.214,8.455,0.684,90.99800000000005
BGW_analogue_A,127.5,435.142,8.455,0.684,91.16900000000005
BGW_analogue_A,127.75,435.07,8.455,0.684,91.34000000000006
BGW_analogue_A,128.0,434.998,8.455,0.683,91.51075000000006
BGW_analogue_A,128.25,434.926,8.455,0.683,91.68150000000006
BGW_analogue_A,128.5,434.854,8.455,0.683,91.85225000000005
BGW_analogue_A,128.75,434.782,8.455,0.683,92.02300000000005
BGW_analogue_A,129.0,434.71,8.455,0.683,92.19375000000005
BGW_analogue_A,129.25,434.638,8.455,0.683,92.36450000000005
BGW_analogue_A,129.5,434.567,8.455,0.683,92.53525000000005
BGW_analogue_A,129.75,434.495,8.455,0.683,92.70600000000005
BGW_analogue_A,130.0,434.424,8.455,0.683,92.87675000000004
BGW_analogue_A,130.25,434.353,8.455,0.682,93.04725000000005
BGW_analogue_A,130.5,434.281,8.455,0.682,93.21775000000005
BGW_analogue_A,130.75,434.21,8.455,0.682,93.38825000000006
BGW_analogue_A,131.0,434.139,8.455,0.682,93.55875000000006
BGW_analogue_A,131.25,434.068,8.455,0.682,93.72925000000006
BGW_analogue_A,131.5,433.998,8.455,0.682,93.89975000000007
BGW_analogue_A,131.75,433.927,8.455,0.682,94.07025000000007
BGW_analogue_A,132.0,433.856,8.455,0.682,94.24075000000008
BGW_analogue_A,132.25,433.786,8.455,0.682,94.41125000000008
BGW_analogue_A,132.5,433.715,8.455,0.681,94.58150000000008
BGW_analogue_A,132.75,433.645,8.455,0.681,94.75175000000007
BGW_analogue_A,133.0,433.575,8.455,0.681,94.92200000000007
BGW_analogue_A,133.25,433.504,8.455,0.681,95.09225000000006
BGW_analogue_A,133.5,433.434,8.455,0.681,95.26250000000006
BGW_analogue_A,133.75,433.364,8.455,0.681,95.43275000000006
BGW_analogue_A,134.0,433.294,8.455,0.681,95.60300000000005
BGW_analogue_A,134.25,433.224,8.455,0.681,95.77325000000005
BGW_analogue_A,134.5,433.155,8.455,0.681,95.94350000000004
BGW_analogue_A,134.75,433.085,8.455,0.681,96.11375000000004
BGW_analogue_A,135.0,433.016,8.455,0.68,96.28375000000004
BGW_analogue_A,135.25,432.946,8.455,0.68,96.45375000000004
BGW_analogue_A,135.5,432.877,8.455,0.68,96.62375000000004
BGW_analogue_A,135.75,432.807,8.455,0.68,96.79375000000005
BGW_analogue_A,136.0,432.738,8.455,0.68,96.96375000000005
BGW_analogue_A,136.25,432.669,8.455,0.68,97.13375000000005
BGW_analogue_A,136.5,432.6,8.455,0.68,97.30375000000005
BGW_analogue_A,136.75,432.531,8.455,0.68,97.47375000000005
BGW_analogue_A,137.0,432.462,8.455,0.68,97.64375000000005
BGW_analogue_A,137.25,432.393,8.455,0.679,97.81350000000005
BGW_analogue_A,137.5,432.325,8.455,0.679,97.98325000000004
BGW_analogue_A,137.75,432.256,8.455,0.679,98.15300000000003
BGW_analogue_A,138.0,432.188,8.455,0.679,98.32275000000003
BGW_analogue_A,138.25,432.119,8.455,0.679,98.49250000000002
BGW_analogue_A,138.5,432.051,8.455,0.679,98.66225000000001
BGW_analogue_A,138.75,431.983,8.455,0.679,98.83200000000001
BGW_analogue_A,139.0,431.915,8.455,0.679,99.00175
BGW_analogue_A,139.25,431.846,8.455,0.679,99.1715
BGW_analogue_A,139.5,431.778,8.455,0.678,99.341
BGW_analogue_A,139.75,431.711,8.455,0.678,99.5105
BGW_analogue_A,140.0,431.643,8.455,0.678,99.67999999999999
BGW_analogue_A,140.25,431.575,8.455,0.678,99.84949999999999
BGW_analogue_A,140.5,431.507,8.455,0.678,100.01899999999999
BGW_analogue_A,140.75,431.44,8.455,0.678,100.18849999999999
BGW_analogue_A,141.0,431.372,8.455,0.678,100.35799999999999
BGW_analogue_A,141.25,431.305,8.455,0.678,100.52749999999999
BGW_analogue_A,141.5,431.238,8.455,0.678,100.69699999999999
BGW_analogue_A,141.75,431.17,8.455,0.677,100.86625
BGW_analogue_A,142.0,431.103,8.455,0.677,101.0355
BGW_analogue_A,142.25,431.036,8.455,0.677,101.20475
BGW_analogue_A,142.5,430.969,8.455,0.677,101.37400000000001
BGW_analogue_A,142.75,430.902,8.455,0.677,101.54325000000001
BGW_analogue_A,143.0,430.835,8.455,0.677,101.71250000000002
BGW_analogue_A,143.25,430.769,8.455,0.677,101.88175000000003
BGW_analogue_A,143.5,430.702,8.455,0.677,102.05100000000003
BGW_analogue_A,143.75,430.635,8.455,0.677,102.22025000000004
BGW_analogue_A,144.0,430.569,8.455,0.677,102.38950000000004
BGW_analogue_A,144.25,430.502,8.455,0.676,102.55850000000004
BGW_analogue_A,144.5,430.436,8.455,0.676,102.72750000000003
BGW_analogue_A,144.75,430.37,8.455,0.676,102.89650000000003
BGW_analogue_A,145.0,430.304,8.455,0.676,103.06550000000003
BGW_analogue_A,145.25,430.238,8.455,0.676,103.23450000000003
BGW_analogue_A,145.5,430.171,8.455,0.676,103.40350000000002
BGW_analogue_A,145.75,430.106,8.455,0.676,103.57250000000002
BGW_analogue_A,146.0,430.04,8.455,0.676,103.74150000000002
BGW_analogue_A,146.25,429.974,8.455,0.676,103.91050000000001
BGW_analogue_A,146.5,429.908,8.455,0.675,104.07925000000002
BGW_analogue_A,146.75,429.843,8.455,0.675,104.24800000000002
BGW_analogue_A,147.0,429.777,8.455,0.675,104.41675000000002
BGW_analogue_A,147.25,429.712,8.455,0.675,104.58550000000002
BGW_analogue_A,147.5,429.646,8.455,0.675,104.75425000000003
BGW_analogue_A,147.75,429.581,8.455,0.675,104.92300000000003
BGW_analogue_A,148.0,429.516,8.455,0.675,105.09175000000003
BGW_analogue_A,148.25,429.451,8.455,0.675,105.26050000000004
BGW_analogue_A,148.5,429.385,8.455,0.675,105.42925000000004
BGW_analogue_A,148.75,429.32,8.455,0.674,105.59775000000003
BGW_analogue_A,149.0,429.256,8.455,0.674,105.76625000000003
BGW_analogue_A,149.25,429.191,8.455,0.674,105.93475000000002
BGW_analogue_A,149.5,429.126,8.455,0.674,106.10325000000002
BGW_analogue_A,149.75,429.061,8.455,0.674,106.27175000000001
BGW_analogue_A,150.0,428.997,8.455,0.674,106.44025
BGW_analogue_A,150.25,428.932,8.455,0.674,106.60875
BGW_analogue_A,150.5,428.868,8.455,0.674,106.77725
BGW_analogue_A,150.75,428.803,8.455,0.674,106.94574999999999
BGW_analogue_A,151.0,428.739,8.455,0.674,107.11424999999998
BGW_analogue_A,151.25,428.675,8.455,0.673,107.28249999999998
BGW_analogue_A,151.5,428.611,8.455,0.673,107.45074999999999
BGW_analogue_A,151.75,428.546,8.455,0.673,107.61899999999999
BGW_analogue_A,152.0,428.482,8.455,0.673,107.78724999999999
BGW_analogue_A,152.25,428.419,8.455,0.673,107.95549999999999
BGW_analogue_A,152.5,428.355,8.455,0.673,108.12374999999999
BGW_analogue_A,152.75,428.291,8.455,0.673,108.29199999999999
BGW_analogue_A,153.0,428.227,8.455,0.673,108.46024999999999
BGW_analogue_A,153.25,428.164,8.455,0.673,108.62849999999999
BGW_analogue_A,153.5,428.1,8.455,0.672,108.7965
BGW_analogue_A,153.75,428.037,8.455,0.672,108.9645
BGW_analogue_A,154.0,427.973,8.455,0.672,109.13250000000001
BGW_analogue_A,154.25,427.91,8.455,0.672,109.30050000000001
BGW_analogue_A,154.5,427.846,8.455,0.672,109.46850000000002
BGW_analogue_A,154.75,427.783,8.455,0.672,109.63650000000003
BGW_analogue_A,155.0,427.72,8.455,0.672,109.80450000000003
BGW_analogue_A,155.25,427.657,8.455,0.672,109.97250000000004
BGW_analogue_A,155.5,427.594,8.455,0.672,110.14050000000005
BGW_analogue_A,155.75,427.531,8.455,0.671,110.30825000000004
BGW_analogue_A,156.0,427.468,8.455,0.671,110.47600000000004
BGW_analogue_A,156.25,427.406,8.455,0.671,110.64375000000004
BGW_analogue_A,156.5,427.343,8.455,0.671,110.81150000000004
BGW_analogue_A,156.75,427.28,8.455,0.671,110.97925000000004
BGW_analogue_A,157.0,427.218,8.455,0.671,111.14700000000003
BGW_analogue_A,157.25,427.155,8.455,0.671,111.31475000000003
BGW_analogue_A,157.5,427.093,8.455,0.671,111.48250000000003
BGW_analogue_A,157.75,427.031,8.455,0.671,111.65025000000003
BGW_analogue_A,158.0,426.968,8.455,0.671,111.81800000000003
BGW_analogue_A,158.25,426.906,8.455,0.67,111.98550000000003
BGW_analogue_A,158.5,426.844,8.455,0.67,112.15300000000003
BGW_analogue_A,158.75,426.782,8.455,0.67,112.32050000000004
BGW_analogue_A,159.0,426.72,8.455,0.67,112.48800000000004
BGW_analogue_A,159.25,426.658,8.455,0.67,112.65550000000005
BGW_analogue_A,159.5,426.596,8.455,0.67,112.82300000000005
BGW_analogue_A,159.75,426.535,8.455,0.67,112.99050000000005
BGW_analogue_A,160.0,426.473,8.455,0.67,113.15800000000006
BGW_analogue_A,160.25,426.411,8.455,0.67,113.32550000000006
BGW_analogue_A,160.5,426.35,8.455,0.669,113.49275000000006
BGW_analogue_A,160.75,426.288,8.455,0.669,113.66000000000005
BGW_analogue_A,161.0,426.227,8.455,0.669,113.82725000000005
BGW_analogue_A,161.25,426.166,8.455,0.669,113.99450000000004
BGW_analogue_A,161.5,426.104,8.455,0.669,114.16175000000004
BGW_analogue_A,161.75,426.043,8.455,0.669,114.32900000000004
BGW_analogue_A,162.0,425.982,8.455,0.669,114.49625000000003
BGW_analogue_A,162.25,425.921,8.455,0.669,114.66350000000003
BGW_analogue_A,162.5,425.86,8.455,0.669,114.83075000000002
BGW_analogue_A,162.75,425.799,8.455,0.669,114.99800000000002
BGW_analogue_A,163.0,425.738,8.455,0.668,115.16500000000002
BGW_analogue_A,163.25,425.677,8.455,0.668,115.33200000000002
BGW_analogue_A,163.5,425.617,8.455,0.668,115.49900000000002
BGW_analogue_A,163.75,425.556,8.455,0.668,115.66600000000003
BGW_analogue_A,164.0,425.495,8.455,0.668,115.83300000000003
BGW_analogue_A,164.25,425.435,8.455,0.668,116.00000000000003
BGW_analogue_A,164.5,425.374,8.455,0.668,116.16700000000003
BGW_analogue_A,164.75,425.314,8.455,0.668,116.33400000000003
BGW_analogue_A,165.0,425.254,8.455,0.668,116.50100000000003
BGW_analogue_A,165.25,425.193,8.455,0.667,116.66775000000003
BGW_analogue_A,165.5,425.133,8.455,0.667,116.83450000000002
BGW_analogue_A,165.75,425.073,8.455,0.667,117.00125000000001
BGW_analogue_A,166.0,425.013,8.455,0.667,117.168
BGW_analogue_A,166.25,424.953,8.455,0.667,117.33475
BGW_analogue_A,166.5,424.893,8.455,0.667,117.5015
BGW_analogue_A,166.75,424.833,8.455,0.667,117.66824999999999
BGW_analogue_A,167.0,424.773,8.455,0.667,117.83499999999998
BGW_analogue_A,167.25,424.714,8.455,0.667,118.00174999999997
BGW_analogue_A,167.5,424.654,8.455,0.667,118.16849999999997
BGW_analogue_A,167.75,424.594,8.455,0.666,118.33499999999997
BGW_analogue_A,168.0,424.535,8.455,0.666,118.50149999999996
BGW_analogue_A,168.25,424.475,8.455,0.666,118.66799999999996
BGW_analogue_A,168.5,424.416,8.455,0.666,118.83449999999996
BGW_analogue_A,168.75,424.357,8.455,0.666,119.00099999999996
BGW_analogue_A,169.0,424.297,8.455,0.666,119.16749999999996
BGW_analogue_A,169.25,424.238,8.455,0.666,119.33399999999996
BGW_analogue_A,169.5,424.179,8.455,0.666,119.50049999999996
BGW_analogue_A,169.75,424.12,8.455,0.666,119.66699999999996
BGW_analogue_A,170.0,424.061,8.455,0.665,119.83324999999996
BGW_analogue_A,170.25,424.002,8.455,0.665,119.99949999999997
BGW_analogue_A,170.5,423.943,8.455,0.665,120.16574999999997
BGW_analogue_A,170.75,423.884,8.455,0.665,120.33199999999998
BGW_analogue_A,171.0,423.826,8.455,0.665,120.49824999999998
BGW_analogue_A,171.25,423.767,8.455,0.665,120.66449999999999
BGW_analogue_A,171.5,423.708,8.455,0.665,120.83075
BGW_analogue_A,171.75,423.65,8.455,0.665,120.997
BGW_analogue_A,172.0,423.591,8.455,0.665,121.16325
BGW_analogue_A,172.25,423.533,8.455,0.665,121.32950000000001
BGW_analogue_A,172.5,423.474,8.455,0.664,121.4955
BGW_analogue_A,172.75,423.416,8.455,0.664,121.6615
BGW_analogue_A,173.0,423.358,8.455,0.664,121.8275
BGW_analogue_A,173.25,423.3,8.455,0.664,121.9935
BGW_analogue_A,173.5,423.241,8.455,0.664,122.1595
BGW_analogue_A,173.75,423.183,8.455,0.664,122.32549999999999
BGW_analogue_A,174.0,423.125,8.455,0.664,122.49149999999999
BGW_analogue_A,174.25,423.067,8.455,0.664,122.65749999999998
BGW_analogue_A,174.5,423.009,8.455,0.664,122.82349999999998
BGW_analogue_A,174.75,422.952,8.455,0.663,122.98924999999998
BGW_analogue_A,175.0,422.894,8.455,0.663,123.15499999999999
BGW_analogue_A,175.25,422.836,8.455,0.663,123.32074999999999
BGW_analogue_A,175.5,422.779,8.455,0.663,123.48649999999999
BGW_analogue_A,175.75,422.721,8.455,0.663,123.65225
BGW_analogue_A,176.0,422.663,8.455,0.663,123.818
BGW_analogue_A,176.25,422.606,8.455,0.663,123.98375
BGW_analogue_A,176.5,422.549,8.455,0.663,124.1495
BGW_analogue_A,176.75,422.491,8.455,0.663,124.31525
BGW_analogue_A,177.0,422.434,8.455,0.663,124.48100000000001
BGW_analogue_A,177.25,422.377,8.455,0.662,124.6465
BGW_analogue_A,177.5,422.32,8.455,0.662,124.812
BGW_analogue_A,177.75,422.263,8.455,0.662,124.97749999999999
BGW_analogue_A,178.0,422.206,8.455,0.662,125.14299999999999
BGW_analogue_A,178.25,422.149,8.455,0.662,125.30849999999998
BGW_analogue_A,178.5,422.092,8.455,0.662,125.47399999999998
BGW_analogue_A,178.75,422.035,8.455,0.662,125.63949999999997
BGW_analogue_A,179.0,421.978,8.455,0.662,125.80499999999996
BGW_analogue_A,179.25,421.921,8.455,0.662,125.97049999999996
BGW_analogue_A,179.5,421.865,8.455,0.661,126.13574999999996
BGW_analogue_A,179.75,421.808,8.455,0.661,126.30099999999996
BGW_analogue_B,0.0,510.411,7.549,1.912,0.478
BGW_analogue_B,0.25,509.657,7.549,1.912,0.956
BGW_analogue_B,0.5,508.945,7.549,1.911,1.4337499999999999
BGW_analogue_B,0.75,508.269,7.549,1.91,1.91125
BGW_analogue_B,1.0,507.623,7.549,1.909,2.3885
BGW_analogue_B,1.25,507.005,7.549,1.909,2.8657500000000002
BGW_analogue_B,1.5,506.411,7.549,1.908,3.34275
BGW_analogue_B,1.75,505.839,7.549,1.907,3.8195
BGW_analogue_B,2.0,505.286,7.549,1.907,4.296250000000001
BGW_analogue_B,2.25,504.75,7.549,1.906,4.77275
BGW_analogue_B,2.5,504.231,7.549,1.906,5.24925
BGW_analogue_B,2.75,503.726,7.549,1.905,5.7255
BGW_analogue_B,3.0,503.235,7.549,1.904,6.2015
BGW_analogue_B,3.25,502.757,7.549,1.904,6.6775
BGW_analogue_B,3.5,502.291,7.549,1.903,7.15325
BGW_analogue_B,3.75,501.835,7.549,1.903,7.629
BGW_analogue_B,4.0,501.39,7.549,1.902,8.1045
BGW_analogue_B,4.25,500.954,7.549,1.902,8.58
BGW_analogue_B,4.5,500.527,7.549,1.901,9.055250000000001
BGW_analogue_B,4.75,500.109,7.549,1.901,9.530500000000002
BGW_analogue_B,5.0,499.699,7.549,1.9,10.005500000000001
BGW_analogue_B,5.25,499.297,7.549,1.9,10.480500000000001
BGW_analogue_B,5.5,498.901,7.549,1.899,10.955250000000001
BGW_analogue_B,5.75,498.513,7.549,1.899,11.430000000000001
BGW_analogue_B,6.0,498.131,7.549,1.898,11.904500000000002
BGW_analogue_B,6.25,497.755,7.549,1.898,12.379000000000003
BGW_analogue_B,6.5,497.386,7.549,1.897,12.853250000000003
BGW_analogue_B,6.75,497.022,7.549,1.897,13.327500000000002
BGW_analogue_B,7.0,496.663,7.549,1.896,13.801500000000003
BGW_analogue_B,7.25,496.31,7.549,1.896,14.275500000000003
BGW_analogue_B,7.5,495.962,7.549,1.895,14.749250000000004
BGW_analogue_B,7.75,495.619,7.549,1.895,15.223000000000004
BGW_analogue_B,8.0,495.28,7.549,1.895,15.696750000000005
BGW_analogue_B,8.25,494.946,7.549,1.894,16.170250000000006
BGW_analogue_B,8.5,494.616,7.549,1.894,16.643750000000008
BGW_analogue_B,8.75,494.29,7.549,1.893,17.117000000000008
BGW_analogue_B,9.0,493.968,7.549,1.893,17.590250000000008
BGW_analogue_B,9.25,493.65,7.549,1.892,18.063250000000007
BGW_analogue_B,9.5,493.336,7.549,1.892,18.536250000000006
BGW_analogue_B,9.75,493.026,7.549,1.892,19.009250000000005
BGW_analogue_B,10.0,492.719,7.549,1.891,19.482000000000006
BGW_analogue_B,10.25,492.415,7.549,1.891,19.954750000000008
BGW_analogue_B,10.5,492.115,7.549,1.89,20.427250000000008
BGW_analogue_B,10.75,491.817,7.549,1.89,20.899750000000008
BGW_analogue_B,11.0,491.524,7.549,1.889,21.372000000000007
BGW_analogue_B,11.25,491.233,7.549,1.889,21.844250000000006
BGW_analogue_B,11.5,490.944,7.549,1.889,22.316500000000005
BGW_analogue_B,11.75,490.659,7.549,1.888,22.788500000000006
BGW_analogue_B,12.0,490.377,7.549,1.888,23.260500000000008
BGW_analogue_B,12.25,490.097,7.549,1.887,23.732250000000008
BGW_analogue_B,12.5,489.82,7.549,1.887,24.204000000000008
BGW_analogue_B,12.75,489.546,7.549,1.887,24.675750000000008
BGW_analogue_B,13.0,489.274,7.549,1.886,25.147250000000007
BGW_analogue_B,13.25,489.004,7.549,1.886,25.618750000000006
BGW_analogue_B,13.5,488.737,7.549,1.885,26.090000000000007
BGW_analogue_B,13.75,488.472,7.549,1.885,26.56125000000001
BGW_analogue_B,14.0,488.209,7.549,1.885,27.03250000000001
BGW_analogue_B,14.25,487.949,7.549,1.884,27.50350000000001
BGW_analogue_B,14.5,487.691,7.549,1.884,27.97450000000001
BGW_analogue_B,14.75,487.435,7.549,1.884,28.44550000000001
BGW_analogue_B,15.0,487.181,7.549,1.883,28.91625000000001
BGW_analogue_B,15.25,486.929,7.549,1.883,29.387000000000008
BGW_analogue_B,15.5,486.679,7.549,1.882,29.85750000000001
BGW_analogue_B,15.75,486.431,7.549,1.882,30.32800000000001
BGW_analogue_B,16.0,486.185,7.549,1.882,30.79850000000001
BGW_analogue_B,16.25,485.94,7.549,1.881,31.26875000000001
BGW_analogue_B,16.5,485.698,7.549,1.881,31.73900000000001
BGW_analogue_B,16.75,485.457,7.549,1.881,32.20925000000001
BGW_analogue_B,17.0,485.218,7.549,1.88,32.67925000000001
BGW_analogue_B,17.25,484.981,7.549,1.88,33.14925000000001
BGW_analogue_B,17.5,484.745,7.549,1.879,33.61900000000001
BGW_analogue_B,17.75,484.511,7.549,1.879,34.088750000000005
BGW_analogue_B,18.0,484.279,7.549,1.879,34.5585
BGW_analogue_B,18.25,484.048,7.549,1.878,35.028
BGW_analogue_B,18.5,483.819,7.549,1.878,35.497499999999995
BGW_analogue_B,18.75,483.591,7.549,1.878,35.96699999999999
BGW_analogue_B,19.0,483.365,7.549,1.877,36.436249999999994
BGW_analogue_B,19.25,483.141,7.549,1.877,36.905499999999996
BGW_analogue_B,19.5,482.918,7.549,1.877,37.37475
BGW_analogue_B,19.75,482.696,7.549,1.876,37.84375
BGW_analogue_B,20.0,482.475,7.549,1.876,38.31275
BGW_analogue_B,20.25,482.256,7.549,1.876,38.78175
BGW_analogue_B,20.5,482.039,7.549,1.875,39.2505
BGW_analogue_B,20.75,481.822,7.549,1.875,39.71925
BGW_analogue_B,21.0,481.607,7.549,1.874,40.18775
BGW_analogue_B,21.25,481.394,7.549,1.874,40.65625
BGW_analogue_B,21.5,481.181,7.549,1.874,41.12475
BGW_analogue_B,21.75,480.97,7.549,1.873,41.592999999999996
BGW_analogue_B,22.0,480.76,7.549,1.873,42.061249999999994
BGW_analogue_B,22.25,480.551,7.549,1.873,42.52949999999999
BGW_analogue_B,22.5,480.344,7.549,1.872,42.997499999999995
BGW_analogue_B,22.75,480.137,7.549,1.872,43.4655
BGW_analogue_B,23.0,479.932,7.549,1.872,43.9335
BGW_analogue_B,23.25,479.728,7.549,1.871,44.401250000000005
BGW_analogue_B,23.5,479.525,7.549,1.871,44.86900000000001
BGW_analogue_B,23.75,479.323,7.549,1.871,45.33675000000001
BGW_analogue_B,24.0,479.123,7.549,1.87,45.80425000000001
BGW_analogue_B,24.25,478.923,7.549,1.87,46.27175000000001
BGW_analogue_B,24.5,478.724,7.549,1.87,46.73925000000001
BGW_analogue_B,24.75,478.527,7.549,1.869,47.20650000000001
BGW_analogue_B,25.0,478.33,7.549,1.869,47.67375000000001
BGW_analogue_B,25.25,478.135,7.549,1.869,48.14100000000001
BGW_analogue_B,25.5,477.94,7.549,1.868,48.60800000000001
BGW_analogue_B,25.75,477.746,7.549,1.868,49.07500000000001
BGW_analogue_B,26.0,477.554,7.549,1.868,49.54200000000001
BGW_analogue_B,26.25,477.362,7.549,1.867,50.008750000000006
BGW_analogue_B,26.5,477.172,7.549,1.867,50.475500000000004
BGW_analogue_B,26.75,476.982,7.549,1.867,50.94225
BGW_analogue_B,27.0,476.793,7.549,1.866,51.408750000000005
BGW_analogue_B,27.25,476.605,7.549,1.866,51.87525000000001
BGW_analogue_B,27.5,476.418,7.549,1.866,52.34175000000001
BGW_analogue_B,27.75,476.232,7.549,1.865,52.808000000000014
BGW_analogue_B,28.0,476.047,7.549,1.865,53.274250000000016
BGW_analogue_B,28.25,475.862,7.549,1.865,53.74050000000002
BGW_analogue_B,28.5,475.679,7.549,1.864,54.20650000000002
BGW_analogue_B,28.75,475.496,7.549,1.864,54.67250000000002
BGW_analogue_B,29.0,475.314,7.549,1.864,55.13850000000002
BGW_analogue_B,29.25,475.134,7.549,1.863,55.60425000000002
BGW_analogue_B,29.5,474.953,7.549,1.863,56.07000000000002
BGW_analogue_B,29.75,474.774,7.549,1.863,56.53575000000002
BGW_analogue_B,30.0,474.595,7.549,1.862,57.00125000000002
BGW_analogue_B,30.25,474.418,7.549,1.862,57.46675000000002
BGW_analogue_B,30.5,474.241,7.549,1.862,57.93225000000002
BGW_analogue_B,30.75,474.064,7.549,1.861,58.397500000000015
BGW_analogue_B,31.0,473.889,7.549,1.861,58.86275000000001
BGW_analogue_B,31.25,473.714,7.549,1.861,59.32800000000001
BGW_analogue_B,31.5,473.54,7.549,1.86,59.79300000000001
BGW_analogue_B,31.75,473.367,7.549,1.86,60.25800000000002
BGW_analogue_B,32.0,473.195,7.549,1.86,60.72300000000002
BGW_analogue_B,32.25,473.023,7.549,1.86,61.188000000000024
BGW_analogue_B,32.5,472.852,7.549,1.859,61.652750000000026
BGW_analogue_B,32.75,472.681,7.549,1.859,62.11750000000003
BGW_analogue_B,33.0,472.512,7.549,1.859,62.58225000000003
BGW_analogue_B,33.25,472.343,7.549,1.858,63.04675000000003
BGW_analogue_B,33.5,472.174,7.549,1.858,63.51125000000003
BGW_analogue_B,33.75,472.007,7.549,1.858,63.97575000000003
BGW_analogue_B,34.0,471.84,7.549,1.857,64.44000000000004
BGW_analogue_B,34.25,471.674,7.549,1.857,64.90425000000005
BGW_analogue_B,34.5,471.508,7.549,1.857,65.36850000000005
BGW_analogue_B,34.75,471.343,7.549,1.856,65.83250000000005
BGW_analogue_B,35.0,471.179,7.549,1.856,66.29650000000005
BGW_analogue_B,35.25,471.015,7.549,1.856,66.76050000000005
BGW_analogue_B,35.5,470.852,7.549,1.855,67.22425000000005
BGW_analogue_B,35.75,470.69,7.549,1.855,67.68800000000006
BGW_analogue_B,36.0,470.528,7.549,1.855,68.15175000000006
BGW_analogue_B,36.25,470.367,7.549,1.854,68.61525000000006
BGW_analogue_B,36.5,470.206,7.549,1.854,69.07875000000006
BGW_analogue_B,36.75,470.046,7.549,1.854,69.54225000000005
BGW_analogue_B,37.0,469.886,7.549,1.854,70.00575000000005
BGW_analogue_B,37.25,469.728,7.549,1.853,70.46900000000005
BGW_analogue_B,37.5,469.569,7.549,1.853,70.93225000000005
BGW_analogue_B,37.75,469.412,7.549,1.853,71.39550000000006
BGW_analogue_B,38.0,469.255,7.549,1.852,71.85850000000005
BGW_analogue_B,38.25,469.098,7.549,1.852,72.32150000000004
BGW_analogue_B,38.5,468.942,7.549,1.852,72.78450000000004
BGW_analogue_B,38.75,468.787,7.549,1.851,73.24725000000004
BGW_analogue_B,39.0,468.632,7.549,1.851,73.71000000000004
BGW_analogue_B,39.25,468.478,7.549,1.851,74.17275000000004
BGW_analogue_B,39.5,468.324,7.549,1.85,74.63525000000004
BGW_analogue_B,39.75,468.171,7.549,1.85,75.09775000000005
BGW_analogue_B,40.0,468.018,7.549,1.85,75.56025000000005
BGW_analogue_B,40.25,467.866,7.549,1.85,76.02275000000006
BGW_analogue_B,40.5,467.714,7.549,1.849,76.48500000000006
BGW_analogue_B,40.75,467.563,7.549,1.849,76.94725000000005
BGW_analogue_B,41.0,467.412,7.549,1.849,77.40950000000005
BGW_analogue_B,41.25,467.262,7.549,1.848,77.87150000000005
BGW_analogue_B,41.5,467.113,7.549,1.848,78.33350000000006
BGW_analogue_B,41.75,466.963,7.549,1.848,78.79550000000006
BGW_analogue_B,42.0,466.815,7.549,1.847,79.25725000000006
BGW_analogue_B,42.25,466.667,7.549,1.847,79.71900000000005
BGW_analogue_B,42.5,466.519,7.549,1.847,80.18075000000005
BGW_analogue_B,42.75,466.372,7.549,1.846,80.64225000000005
BGW_analogue_B,43.0,466.225,7.549,1.846,81.10375000000005
BGW_analogue_B,43.25,466.079,7.549,1.846,81.56525000000005
BGW_analogue_B,43.5,465.933,7.549,1.846,82.02675000000005
BGW_analogue_B,43.75,465.788,7.549,1.845,82.48800000000006
BGW_analogue_B,44.0,465.643,7.549,1.845,82.94925000000006
BGW_analogue_B,44.25,465.499,7.549,1.845,83.41050000000007
BGW_analogue_B,44.5,465.355,7.549,1.844,83.87150000000007
BGW_analogue_B,44.75,465.212,7.549,1.844,84.33250000000007
BGW_analogue_B,45.0,465.069,7.549,1.844,84.79350000000007
BGW_analogue_B,45.25,464.926,7.549,1.843,85.25425000000007
BGW_analogue_B,45.5,464.784,7.549,1.843,85.71500000000007
BGW_analogue_B,45.75,464.643,7.549,1.843,86.17575000000008
BGW_analogue_B,46.0,464.501,7.549,1.843,86.63650000000008
BGW_analogue_B,46.25,464.361,7.549,1.842,87.09700000000008
BGW_analogue_B,46.5,464.22,7.549,1.842,87.55750000000008
BGW_analogue_B,46.75,464.08,7.549,1.842,88.01800000000007
BGW_analogue_B,47.0,463.941,7.549,1.841,88.47825000000007
BGW_analogue_B,47.25,463.802,7.549,1.841,88.93850000000008
BGW_analogue_B,47.5,463.663,7.549,1.841,89.39875000000008
BGW_analogue_B,47.75,463.525,7.549,1.84,89.85875000000007
BGW_analogue_B,48.0,463.387,7.549,1.84,90.31875000000007
BGW_analogue_B,48.25,463.25,7.549,1.84,90.77875000000006
BGW_analogue_B,48.5,463.113,7.549,1.84,91.23875000000005
BGW_analogue_B,48.75,462.976,7.549,1.839,91.69850000000005
BGW_analogue_B,49.0,462.84,7.549,1.839,92.15825000000005
BGW_analogue_B,49.25,462.704,7.549,1.839,92.61800000000005
BGW_analogue_B,49.5,462.568,7.549,1.838,93.07750000000006
BGW_analogue_B,49.75,462.433,7.549,1.838,93.53700000000006
BGW_analogue_B,50.0,462.299,7.549,1.838,93.99650000000007
BGW_analogue_B,50.25,462.164,7.549,1.837,94.45575000000007
BGW_analogue_B,50.5,462.031,7.549,1.837,94.91500000000006
BGW_analogue_B,50.75,461.897,7.549,1.837,95.37425000000006
BGW_analogue_B,51.0,461.764,7.549,1.837,95.83350000000006
BGW_analogue_B,51.25,461.631,7.549,1.836,96.29250000000006
BGW_analogue_B,51.5,461.499,7.549,1.836,96.75150000000006
BGW_analogue_B,51.75,461.367,7.549,1.836,97.21050000000007
BGW_analogue_B,52.0,461.235,7.549,1.835,97.66925000000006
BGW_analogue_B,52.25,461.104,7.549,1.835,98.12800000000006
BGW_analogue_B,52.5,460.973,7.549,1.835,98.58675000000005
BGW_analogue_B,52.75,460.842,7.549,1.835,99.04550000000005
BGW_analogue_B,53.0,460.712,7.549,1.834,99.50400000000005
BGW_analogue_B,53.25,460.582,7.549,1.834,99.96250000000005
BGW_analogue_B,53.5,460.453,7.549,1.834,100.42100000000005
BGW_analogue_B,53.75,460.324,7.549,1.833,100.87925000000006
BGW_analogue_B,54.0,460.195,7.549,1.833,101.33750000000006
BGW_analogue_B,54.25,460.066,7.549,1.833,101.79575000000007
BGW_analogue_B,54.5,459.938,7.549,1.832,102.25375000000007
BGW_analogue_B,54.75,459.81,7.549,1.832,102.71175000000007
BGW_analogue_B,55.0,459.683,7.549,1.832,103.16975000000006
BGW_analogue_B,55.25,459.556,7.549,1.832,103.62775000000006
BGW_analogue_B,55.5,459.429,7.549,1.831,104.08550000000007
BGW_analogue_B,55.75,459.303,7.549,1.831,104.54325000000007
BGW_analogue_B,56.0,459.176,7.549,1.831,105.00100000000008
BGW_analogue_B,56.25,459.051,7.549,1.83,105.45850000000007
BGW_analogue_B,56.5,458.925,7.549,1.83,105.91600000000007
BGW_analogue_B,56.75,458.8,7.549,1.83,106.37350000000006
BGW_analogue_B,57.0,458.675,7.549,1.83,106.83100000000006
BGW_analogue_B,57.25,458.551,7.549,1.829,107.28825000000006
BGW_analogue_B,57.5,458.427,7.549,1.829,107.74550000000006
BGW_analogue_B,57.75,458.303,7.549,1.829,108.20275000000007
BGW_analogue_B,58.0,458.179,7.549,1.828,108.65975000000006
BGW_analogue_B,58.25,458.056,7.549,1.828,109.11675000000005
BGW_analogue_B,58.5,457.933,7.549,1.828,109.57375000000005
BGW_analogue_B,58.75,457.81,7.549,1.828,110.03075000000004
BGW_analogue_B,59.0,457.688,7.549,1.827,110.48750000000004
BGW_analogue_B,59.25,457.566,7.549,1.827,110.94425000000004
BGW_analogue_B,59.5,457.444,7.549,1.827,111.40100000000004
BGW_analogue_B,59.75,457.323,7.549,1.826,111.85750000000004
BGW_analogue_B,60.0,457.202,7.549,1.826,112.31400000000005
BGW_analogue_B,60.25,457.081,7.549,1.826,112.77050000000006
BGW_analogue_B,60.5,456.96,7.549,1.825,113.22675000000005
BGW_analogue_B,60.75,456.84,7.549,1.825,113.68300000000005
BGW_analogue_B,61.0,456.72,7.549,1.825,114.13925000000005
BGW_analogue_B,61.25,456.6,7.549,1.825,114.59550000000004
BGW_analogue_B,61.5,456.481,7.549,1.824,115.05150000000005
BGW_analogue_B,61.75,456.362,7.549,1.824,115.50750000000005
BGW_analogue_B,62.0,456.243,7.549,1.824,115.96350000000005
BGW_analogue_B,62.25,456.125,7.549,1.823,116.41925000000005
BGW_analogue_B,62.5,456.006,7.549,1.823,116.87500000000004
BGW_analogue_B,62.75,455.888,7.549,1.823,117.33075000000004
BGW_analogue_B,63.0,455.771,7.549,1.823,117.78650000000003
BGW_analogue_B,63.25,455.653,7.549,1.822,118.24200000000003
BGW_analogue_B,63.5,455.536,7.549,1.822,118.69750000000003
BGW_analogue_B,63.75,455.419,7.549,1.822,119.15300000000003
BGW_analogue_B,64.0,455.303,7.549,1.821,119.60825000000004
BGW_analogue_B,64.25,455.187,7.549,1.821,120.06350000000005
BGW_analogue_B,64.5,455.071,7.549,1.821,120.51875000000005
BGW_analogue_B,64.75,454.955,7.549,1.821,120.97400000000006
BGW_analogue_B,65.0,454.839,7.549,1.82,121.42900000000006
BGW_analogue_B,65.25,454.724,7.549,1.82,121.88400000000006
BGW_analogue_B,65.5,454.609,7.549,1.82,122.33900000000006
BGW_analogue_B,65.75,454.494,7.549,1.819,122.79375000000006
BGW_analogue_B,66.0,454.38,7.549,1.819,123.24850000000006
BGW_analogue_B,66.25,454.266,7.549,1.819,123.70325000000007
BGW_analogue_B,66.5,454.152,7.549,1.819,124.15800000000007
BGW_analogue_B,66.75,454.038,7.549,1.818,124.61250000000007
BGW_analogue_B,67.0,453.925,7.549,1.818,125.06700000000006
BGW_analogue_B,67.25,453.811,7.549,1.818,125.52150000000006
BGW_analogue_B,67.5,453.698,7.549,1.817,125.97575000000006
BGW_analogue_B,67.75,453.586,7.549,1.817,126.43000000000006
BGW_analogue_B,68.0,453.473,7.549,1.817,126.88425000000007
BGW_analogue_B,68.25,453.361,7.549,1.817,127.33850000000007
BGW_analogue_B,68.5,453.249,7.549,1.816,127.79250000000006
BGW_analogue_B,68.75,453.138,7.549,1.816,128.24650000000005
BGW_analogue_B,69.0,453.026,7.549,1.816,128.70050000000006
BGW_analogue_B,69.25,452.915,7.549,1.815,129.15425000000008
BGW_analogue_B,69.5,452.804,7.549,1.815,129.6080000000001
BGW_analogue_B,69.75,452.693,7.549,1.815,130.0617500000001
BGW_analogue_B,70.0,452.583,7.549,1.815,130.51550000000012
BGW_analogue_B,70.25,452.473,7.549,1.814,130.9690000000001
BGW_analogue_B,70.5,452.363,7.549,1.814,131.4225000000001
BGW_analogue_B,70.75,452.253,7.549,1.814,131.8760000000001
BGW_analogue_B,71.0,452.143,7.549,1.813,132.3292500000001
BGW_analogue_B,71.25,452.034,7.549,1.813,132.78250000000008
BGW_analogue_B,71.5,451.925,7.549,1.813,133.23575000000008
BGW_analogue_B,71.75,451.816,7.549,1.813,133.68900000000008
BGW_analogue_B,72.0,451.708,7.549,1.812,134.14200000000008
BGW_analogue_B,72.25,451.599,7.549,1.812,134.59500000000008
BGW_analogue_B,72.5,451.491,7.549,1.812,135.0480000000001
BGW_analogue_B,72.75,451.383,7.549,1.811,135.5007500000001
BGW_analogue_B,73.0,451.275,7.549,1.811,135.9535000000001
BGW_analogue_B,73.25,451.168,7.549,1.811,136.4062500000001
BGW_analogue_B,73.5,451.061,7.549,1.811,136.85900000000012
BGW_analogue_B,73.75,450.954,7.549,1.81,137.3115000000001
BGW_analogue_B,74.0,450.847,7.549,1.81,137.7640000000001
BGW_analogue_B,74.25,450.74,7.549,1.81,138.21650000000008
BGW_analogue_B,74.5,450.634,7.549,1.809,138.66875000000007
BGW_analogue_B,74.75,450.528,7.549,1.809,139.12100000000007
BGW_analogue_B,75.0,450.422,7.549,1.809,139.57325000000006
BGW_analogue_B,75.25,450.316,7.549,1.809,140.02550000000005
BGW_analogue_B,75.5,450.211,7.549,1.808,140.47750000000005
BGW_analogue_B,75.75,450.105,7.549,1.808,140.92950000000005
BGW_analogue_B,76.0,450.0,7.549,1.808,141.38150000000005
BGW_analogue_B,76.25,449.895,7.549,1.807,141.83325000000005
BGW_analogue_B,76.5,449.791,7.549,1.807,142.28500000000005
BGW_analogue_B,76.75,449.686,7.549,1.807,142.73675000000006
BGW_analogue_B,77.0,449.582,7.549,1.807,143.18850000000006
BGW_analogue_B,77.25,449.478,7.549,1.806,143.64000000000007
BGW_analogue_B,77.5,449.374,7.549,1.806,144.09150000000008
BGW_analogue_B,77.75,449.271,7.549,1.806,144.5430000000001
BGW_analogue_B,78.0,449.167,7.549,1.806,144.9945000000001
BGW_analogue_B,78.25,449.064,7.549,1.805,145.4457500000001
BGW_analogue_B,78.5,448.961,7.549,1.805,145.89700000000008
BGW_analogue_B,78.75,448.858,7.549,1.805,146.34825000000006
BGW_analogue_B,79.0,448.756,7.549,1.804,146.79925000000006
BGW_analogue_B,79.25,448.653,7.549,1.804,147.25025000000005
BGW_analogue_B,79.5,448.551,7.549,1.804,147.70125000000004
BGW_analogue_B,79.75,448.449,7.549,1.804,148.15225000000004
BGW_analogue_B,80.0,448.347,7.549,1.803,148.60300000000004
BGW_analogue_B,80.25,448.246,7.549,1.803,149.05375000000004
BGW_analogue_B,80.5,448.144,7.549,1.803,149.50450000000004
BGW_analogue_B,80.75,448.043,7.549,1.802,149.95500000000004
BGW_analogue_B,81.0,447.942,7.549,1.802,150.40550000000005
BGW_analogue_B,81.25,447.841,7.549,1.802,150.85600000000005
BGW_analogue_B,81.5,447.741,7.549,1.802,151.30650000000006
BGW_analogue_B,81.75,447.64,7.549,1.801,151.75675000000007
BGW_analogue_B,82.0,447.54,7.549,1.801,152.20700000000008
BGW_analogue_B,82.25,447.44,7.549,1.801,152.6572500000001
BGW_analogue_B,82.5,447.34,7.549,1.8,153.10725000000008
BGW_analogue_B,82.75,447.24,7.549,1.8,153.55725000000007
BGW_analogue_B,83.0,447.141,7.549,1.8,154.00725000000006
BGW_analogue_B,83.25,447.041,7.549,1.8,154.45725000000004
BGW_analogue_B,83.5,446.942,7.549,1.799,154.90700000000004
BGW_analogue_B,83.75,446.843,7.549,1.799,155.35675000000003
BGW_analogue_B,84.0,446.745,7.549,1.799,155.80650000000003
BGW_analogue_B,84.25,446.646,7.549,1.798,156.25600000000003
BGW_analogue_B,84.5,446.548,7.549,1.798,156.70550000000003
BGW_analogue_B,84.75,446.449,7.549,1.798,157.15500000000003
BGW_analogue_B,85.0,446.351,7.549,1.798,157.60450000000003
BGW_analogue_B,85.25,446.254,7.549,1.797,158.05375000000004
BGW_analogue_B,85.5,446.156,7.549,1.797,158.50300000000004
BGW_analogue_B,85.75,446.058,7.549,1.797,158.95225000000005
BGW_analogue_B,86.0,445.961,7.549,1.797,159.40150000000006
BGW_analogue_B,86.25,445.864,7.549,1.796,159.85050000000007
BGW_analogue_B,86.5,445.767,7.549,1.796,160.29950000000008
BGW_analogue_B,86.75,445.67,7.549,1.796,160.7485000000001
BGW_analogue_B,87.0,445.574,7.549,1.795,161.19725000000008
BGW_analogue_B,87.25,445.477,7.549,1.795,161.64600000000007
BGW_analogue_B,87.5,445.381,7.549,1.795,162.09475000000006
BGW_analogue_B,87.75,445.285,7.549,1.795,162.54350000000005
BGW_analogue_B,88.0,445.189,7.549,1.794,162.99200000000005
BGW_analogue_B,88.25,445.093,7.549,1.794,163.44050000000004
BGW_analogue_B,88.5,444.998,7.549,1.794,163.88900000000004
BGW_analogue_B,88.75,444.902,7.549,1.793,164.33725000000004
BGW_analogue_B,89.0,444.807,7.549,1.793,164.78550000000004
BGW_analogue_B,89.25,444.712,7.549,1.793,165.23375000000004
BGW_analogue_B,89.5,444.617,7.549,1.793,165.68200000000004
BGW_analogue_B,89.75,444.523,7.549,1.792,166.13000000000005
BGW_analogue_B,90.0,444.428,7.549,1.792,166.57800000000006
BGW_analogue_B,90.25,444.334,7.549,1.792,167.02600000000007
BGW_analogue_B,90.5,444.239,7.549,1.792,167.47400000000007
BGW_analogue_B,90.75,444.145,7.549,1.791,167.9217500000001
BGW_analogue_B,91.0,444.051,7.549,1.791,168.3695000000001
BGW_analogue_B,91.25,443.958,7.549,1.791,168.81725000000012
BGW_analogue_B,91.5,443.864,7.549,1.79,169.2647500000001
BGW_analogue_B,91.75,443.771,7.549,1.79,169.7122500000001
BGW_analogue_B,92.0,443.678,7.549,1.79,170.1597500000001
BGW_analogue_B,92.25,443.584,7.549,1.79,170.60725000000008
BGW_analogue_B,92.5,443.492,7.549,1.789,171.05450000000008
BGW_analogue_B,92.75,443.399,7.549,1.789,171.50175000000007
BGW_analogue_B,93.0,443.306,7.549,1.789,171.94900000000007
BGW_analogue_B,93.25,443.214,7.549,1.788,172.39600000000007
BGW_analogue_B,93.5,443.122,7.549,1.788,172.84300000000007
BGW_analogue_B,93.75,443.029,7.549,1.788,173.29000000000008
BGW_analogue_B,94.0,442.937,7.549,1.788,173.73700000000008
BGW_analogue_B,94.25,442.846,7.549,1.787,174.1837500000001
BGW_analogue_B,94.5,442.754,7.549,1.787,174.6305000000001
BGW_analogue_B,94.75,442.663,7.549,1.787,175.0772500000001
BGW_analogue_B,95.0,442.571,7.549,1.787,175.52400000000011
BGW_analogue_B,95.25,442.48,7.549,1.786,175.9705000000001
BGW_analogue_B,95.5,442.389,7.549,1.786,176.4170000000001
BGW_analogue_B,95.75,442.298,7.549,1.786,176.86350000000007
BGW_analogue_B,96.0,442.207,7.549,1.785,177.30975000000007
BGW_analogue_B,96.25,442.117,7.549,1.785,177.75600000000006
BGW_analogue_B,96.5,442.026,7.549,1.785,178.20225000000005
BGW_analogue_B,96.75,441.936,7.549,1.785,178.64850000000004
BGW_analogue_B,97.0,441.846,7.549,1.784,179.09450000000004
BGW_analogue_B,97.25,441.756,7.549,1.784,179.54050000000004
BGW_analogue_B,97.5,441.666,7.549,1.784,179.98650000000004
BGW_analogue_B,97.75,441.577,7.549,1.783,180.43225000000004
BGW_analogue_B,98.0,441.487,7.549,1.783,180.87800000000004
BGW_analogue_B,98.25,441.398,7.549,1.783,181.32375000000005
BGW_analogue_B,98.5,441.308,7.549,1.783,181.76950000000005
BGW_analogue_B,98.75,441.219,7.549,1.782,182.21500000000006
BGW_analogue_B,99.0,441.13,7.549,1.782,182.66050000000007
BGW_analogue_B,99.25,441.042,7.549,1.782,183.10600000000008
BGW_analogue_B,99.5,440.953,7.549,1.782,183.5515000000001
BGW_analogue_B,99.75,440.864,7.549,1.781,183.99675000000008
BGW_analogue_B,100.0,440.776,7.549,1.781,184.44200000000006
BGW_analogue_B,100.25,440.688,7.549,1.781,184.88725000000005
BGW_analogue_B,100.5,440.6,7.549,1.78,185.33225000000004
BGW_analogue_B,100.75,440.512,7.549,1.78,185.77725000000004
BGW_analogue_B,101.0,440.424,7.549,1.78,186.22225000000003
BGW_analogue_B,101.25,440.336,7.549,1.78,186.66725000000002
BGW_analogue_B,101.5,440.249,7.549,1.779,187.11200000000002
BGW_analogue_B,101.75,440.162,7.549,1.779,187.55675000000002
BGW_analogue_B,102.0,440.074,7.549,1.779,188.00150000000002
BGW_analogue_B,102.25,439.987,7.549,1.778,188.44600000000003
BGW_analogue_B,102.5,439.9,7.549,1.778,188.89050000000003
BGW_analogue_B,102.75,439.814,7.549,1.778,189.33500000000004
BGW_analogue_B,103.0,439.727,7.549,1.778,189.77950000000004
BGW_analogue_B,103.25,439.64,7.549,1.777,190.22375000000005
BGW_analogue_B,103.5,439.554,7.549,1.777,190.66800000000006
BGW_analogue_B,103.75,439.468,7.549,1.777,191.11225000000007
BGW_analogue_B,104.0,439.382,7.549,1.777,191.55650000000009
BGW_analogue_B,104.25,439.296,7.549,1.776,192.00050000000007
BGW_analogue_B,104.5,439.21,7.549,1.776,192.44450000000006
BGW_analogue_B,104.75,439.124,7.549,1.776,192.88850000000005
BGW_analogue_B,105.0,439.038,7.549,1.775,193.33225000000004
BGW_analogue_B,105.25,438.953,7.549,1.775,193.77600000000004
BGW_analogue_B,105.5,438.868,7.549,1.775,194.21975000000003
BGW_analogue_B,105.75,438.782,7.549,1.775,194.66350000000003
BGW_analogue_B,106.0,438.697,7.549,1.774,195.10700000000003
BGW_analogue_B,106.25,438.613,7.549,1.774,195.55050000000003
BGW_analogue_B,106.5,438.528,7.549,1.774,195.99400000000003
BGW_analogue_B,106.75,438.443,7.549,1.774,196.43750000000003
BGW_analogue_B,107.0,438.359,7.549,1.773,196.88075000000003
BGW_analogue_B,107.25,438.274,7.549,1.773,197.32400000000004
BGW_analogue_B,107.5,438.19,7.549,1.773,197.76725000000005
BGW_analogue_B,107.75,438.106,7.549,1.772,198.21025000000006
BGW_analogue_B,108.0,438.022,7.549,1.772,198.65325000000007
BGW_analogue_B,108.25,437.938,7.549,1.772,199.09625000000008
BGW_analogue_B,108.5,437.854,7.549,1.772,199.5392500000001
BGW_analogue_B,108.75,437.771,7.549,1.771,199.98200000000008
BGW_analogue_B,109.0,437.687,7.549,1.771,200.42475000000007
BGW_analogue_B,109.25,437.604,7.549,1.771,200.86750000000006
BGW_analogue_B,109.5,437.52,7.549,1.77,201.31000000000006
BGW_analogue_B,109.75,437.437,7.549,1.77,201.75250000000005
BGW_analogue_B,110.0,437.354,7.549,1.77,202.19500000000005
BGW_analogue_B,110.25,437.271,7.549,1.77,202.63750000000005
BGW_analogue_B,110.5,437.189,7.549,1.769,203.07975000000005
BGW_analogue_B,110.75,437.106,7.549,1.769,203.52200000000005
BGW_analogue_B,111.0,437.024,7.549,1.769,203.96425000000005
BGW_analogue_B,111.25,436.941,7.549,1.769,204.40650000000005
BGW_analogue_B,111.5,436.859,7.549,1.768,204.84850000000006
BGW_analogue_B,111.75,436.777,7.549,1.768,205.29050000000007
BGW_analogue_B,112.0,436.695,7.549,1.768,205.73250000000007
BGW_analogue_B,112.25,436.613,7.549,1.767,206.1742500000001
BGW_analogue_B,112.5,436.531,7.549,1.767,206.6160000000001
BGW_analogue_B,112.75,436.45,7.549,1.767,207.0577500000001
BGW_analogue_B,113.0,436.368,7.549,1.767,207.49950000000013
BGW_analogue_B,113.25,436.287,7.549,1.766,207.94100000000012
BGW_analogue_B,113.5,436.205,7.549,1.766,208.3825000000001
BGW_analogue_B,113.75,436.124,7.549,1.766,208.8240000000001
BGW_analogue_B,114.0,436.043,7.549,1.766,209.2655000000001
BGW_analogue_B,114.25,435.962,7.549,1.765,209.70675000000008
BGW_analogue_B,114.5,435.882,7.549,1.765,210.14800000000008
BGW_analogue_B,114.75,435.801,7.549,1.765,210.58925000000008
BGW_analogue_B,115.0,435.72,7.549,1.764,211.03025000000008
BGW_analogue_B,115.25,435.64,7.549,1.764,211.47125000000008
BGW_analogue_B,115.5,435.56,7.549,1.764,211.91225000000009
BGW_analogue_B,115.75,435.479,7.549,1.764,212.3532500000001
BGW_analogue_B,116.0,435.399,7.549,1.763,212.7940000000001
BGW_analogue_B,116.25,435.319,7.549,1.763,213.2347500000001
BGW_analogue_B,116.5,435.239,7.549,1.763,213.6755000000001
BGW_analogue_B,116.75,435.16,7.549,1.763,214.11625000000012
BGW_analogue_B,117.0,435.08,7.549,1.762,214.5567500000001
BGW_analogue_B,117.25,435.001,7.549,1.762,214.9972500000001
BGW_analogue_B,117.5,434.921,7.549,1.762,215.43775000000008
BGW_analogue_B,117.75,434.842,7.549,1.761,215.87800000000007
BGW_analogue_B,118.0,434.763,7.549,1.761,216.31825000000006
BGW_analogue_B,118.25,434.684,7.549,1.761,216.75850000000005
BGW_analogue_B,118.5,434.605,7.549,1.761,217.19875000000005
BGW_analogue_B,118.75,434.526,7.549,1.76,217.63875000000004
BGW_analogue_B,119.0,434.447,7.549,1.76,218.07875000000004
BGW_analogue_B,119.25,434.369,7.549,1.76,218.51875000000004
BGW_analogue_B,119.5,434.29,7.549,1.76,218.95875000000004
BGW_analogue_B,119.75,434.212,7.549,1.759,219.39850000000004
BGW_analogue_B,120.0,434.134,7.549,1.759,219.83825000000004
BGW_analogue_B,120.25,434.055,7.549,1.759,220.27800000000005
BGW_analogue_B,120.5,433.977,7.549,1.758,220.71750000000006
BGW_analogue_B,120.75,433.899,7.549,1.758,221.15700000000007
BGW_analogue_B,121.0,433.822,7.549,1.758,221.59650000000008
BGW_analogue_B,121.25,433.744,7.549,1.758,222.0360000000001
BGW_analogue_B,121.5,433.666,7.549,1.757,222.47525000000007
BGW_analogue_B,121.75,433.589,7.549,1.757,222.91450000000006
BGW_analogue_B,122.0,433.511,7.549,1.757,223.35375000000005
BGW_analogue_B,122.25,433.434,7.549,1.756,223.79275000000004
BGW_analogue_B,122.5,433.357,7.549,1.756,224.23175000000003
BGW_analogue_B,122.75,433.28,7.549,1.756,224.67075000000003
BGW_analogue_B,123.0,433.203,7.549,1.756,225.10975000000002
BGW_analogue_B,123.25,433.126,7.549,1.755,225.54850000000002
BGW_analogue_B,123.5,433.049,7.549,1.755,225.98725000000002
BGW_analogue_B,123.75,432.973,7.549,1.755,226.42600000000002
BGW_analogue_B,124.0,432.896,7.549,1.755,226.86475000000002
BGW_analogue_B,124.25,432.82,7.549,1.754,227.30325000000002
BGW_analogue_B,124.5,432.743,7.549,1.754,227.74175000000002
BGW_analogue_B,124.75,432.667,7.549,1.754,228.18025000000003
BGW_analogue_B,125.0,432.591,7.549,1.753,228.61850000000004
BGW_analogue_B,125.25,432.515,7.549,1.753,229.05675000000005
BGW_analogue_B,125.5,432.439,7.549,1.753,229.49500000000006
BGW_analogue_B,125.75,432.363,7.549,1.753,229.93325000000007
BGW_analogue_B,126.0,432.288,7.549,1.752,230.37125000000006
BGW_analogue_B,126.25,432.212,7.549,1.752,230.80925000000005
BGW_analogue_B,126.5,432.137,7.549,1.752,231.24725000000004
BGW_analogue_B,126.75,432.061,7.549,1.752,231.68525000000002
BGW_analogue_B,127.0,431.986,7.549,1.751,232.12300000000002
BGW_analogue_B,127.25,431.911,7.549,1.751,232.56075
BGW_analogue_B,127.5,431.836,7.549,1.751,232.9985
BGW_analogue_B,127.75,431.761,7.549,1.75,233.436
BGW_analogue_B,128.0,431.686,7.549,1.75,233.8735
BGW_analogue_B,128.25,431.611,7.549,1.75,234.311
BGW_analogue_B,128.5,431.536,7.549,1.75,234.7485
BGW_analogue_B,128.75,431.462,7.549,1.749,235.18575
BGW_analogue_B,129.0,431.387,7.549,1.749,235.62300000000002
BGW_analogue_B,129.25,431.313,7.549,1.749,236.06025000000002
BGW_analogue_B,129.5,431.239,7.549,1.749,236.49750000000003
BGW_analogue_B,129.75,431.165,7.549,1.748,236.93450000000004
BGW_analogue_B,130.0,431.091,7.549,1.748,237.37150000000005
BGW_analogue_B,130.25,431.017,7.549,1.748,237.80850000000007
BGW_analogue_B,130.5,430.943,7.549,1.747,238.24525000000006
BGW_analogue_B,130.75,430.869,7.549,1.747,238.68200000000004
BGW_analogue_B,131.0,430.795,7.549,1.747,239.11875000000003
BGW_analogue_B,131.25,430.722,7.549,1.747,239.55550000000002
BGW_analogue_B,131.5,430.648,7.549,1.746,239.99200000000002
BGW_analogue_B,131.75,430.575,7.549,1.746,240.4285
BGW_analogue_B,132.0,430.502,7.549,1.746,240.865
BGW_analogue_B,132.25,430.428,7.549,1.746,241.3015
BGW_analogue_B,132.5,430.355,7.549,1.745,241.73775
BGW_analogue_B,132.75,430.282,7.549,1.745,242.174
BGW_analogue_B,133.0,430.209,7.549,1.745,242.61025
BGW_analogue_B,133.25,430.137,7.549,1.745,243.0465
BGW_analogue_B,133.5,430.064,7.549,1.744,243.48250000000002
BGW_analogue_B,133.75,429.991,7.549,1.744,243.91850000000002
BGW_analogue_B,134.0,429.919,7.549,1.744,244.35450000000003
BGW_analogue_B,134.25,429.846,7.549,1.743,244.79025000000004
BGW_analogue_B,134.5,429.774,7.549,1.743,245.22600000000006
BGW_analogue_B,134.75,429.702,7.549,1.743,245.66175000000007
BGW_analogue_B,135.0,429.63,7.549,1.743,246.09750000000008
BGW_analogue_B,135.25,429.558,7.549,1.742,246.53300000000007
BGW_analogue_B,135.5,429.486,7.549,1.742,246.96850000000006
BGW_analogue_B,135.75,429.414,7.549,1.742,247.40400000000005
BGW_analogue_B,136.0,429.342,7.549,1.742,247.83950000000004
BGW_analogue_B,136.25,429.271,7.549,1.741,248.27475000000004
BGW_analogue_B,136.5,429.199,7.549,1.741,248.71000000000004
BGW_analogue_B,136.75,429.127,7.549,1.741,249.14525000000003
BGW_analogue_B,137.0,429.056,7.549,1.74,249.58025000000004
BGW_analogue_B,137.25,428.985,7.549,1.74,250.01525000000004
BGW_analogue_B,137.5,428.914,7.549,1.74,250.45025000000004
BGW_analogue_B,137.75,428.843,7.549,1.74,250.88525000000004
BGW_analogue_B,138.0,428.772,7.549,1.739,251.32000000000005
BGW_analogue_B,138.25,428.701,7.549,1.739,251.75475000000006
BGW_analogue_B,138.5,428.63,7.549,1.739,252.18950000000007
BGW_analogue_B,138.75,428.559,7.549,1.739,252.62425000000007
BGW_analogue_B,139.0,428.488,7.549,1.738,253.0587500000001
BGW_analogue_B,139.25,428.418,7.549,1.738,253.4932500000001
BGW_analogue_B,139.5,428.347,7.549,1.738,253.92775000000012
BGW_analogue_B,139.75,428.277,7.549,1.737,254.3620000000001
BGW_analogue_B,140.0,428.207,7.549,1.737,254.7962500000001
BGW_analogue_B,140.25,428.136,7.549,1.737,255.2305000000001
BGW_analogue_B,140.5,428.066,7.549,1.737,255.66475000000008
BGW_analogue_B,140.75,427.996,7.549,1.736,256.0987500000001
BGW_analogue_B,141.0,427.926,7.549,1.736,256.53275000000014
BGW_analogue_B,141.25,427.857,7.549,1.736,256.96675000000016
BGW_analogue_B,141.5,427.787,7.549,1.736,257.4007500000002
BGW_analogue_B,141.75,427.717,7.549,1.735,257.83450000000016
BGW_analogue_B,142.0,427.648,7.549,1.735,258.26825000000014
BGW_analogue_B,142.25,427.578,7.549,1.735,258.7020000000001
BGW_analogue_B,142.5,427.509,7.549,1.734,259.1355000000001
BGW_analogue_B,142.75,427.439,7.549,1.734,259.5690000000001
BGW_analogue_B,143.0,427.37,7.549,1.734,260.00250000000005
BGW_analogue_B,143.25,427.301,7.549,1.734,260.43600000000004
BGW_analogue_B,143.5,427.232,7.549,1.733,260.86925
BGW_analogue_B,143.75,427.163,7.549,1.733,261.3025
BGW_analogue_B,144.0,427.094,7.549,1.733,261.73575
BGW_analogue_B,144.25,427.025,7.549,1.733,262.169
BGW_analogue_B,144.5,426.956,7.549,1.732,262.602
BGW_analogue_B,144.75,426.888,7.549,1.732,263.03499999999997
BGW_analogue_B,145.0,426.819,7.549,1.732,263.46799999999996
BGW_analogue_B,145.25,426.751,7.549,1.731,263.90074999999996
BGW_analogue_B,145.5,426.682,7.549,1.731,264.33349999999996
BGW_analogue_B,145.75,426.614,7.549,1.731,264.76624999999996
BGW_analogue_B,146.0,426.546,7.549,1.731,265.19899999999996
BGW_analogue_B,146.25,426.478,7.549,1.73,265.63149999999996
BGW_analogue_B,146.5,426.41,7.549,1.73,266.06399999999996
BGW_analogue_B,146.75,426.342,7.549,1.73,266.49649999999997
BGW_analogue_B,147.0,426.274,7.549,1.73,266.929
BGW_analogue_B,147.25,426.206,7.549,1.729,267.36125
BGW_analogue_B,147.5,426.139,7.549,1.729,267.7935
BGW_analogue_B,147.75,426.071,7.549,1.729,268.22575
BGW_analogue_B,148.0,426.003,7.549,1.729,268.658
BGW_analogue_B,148.25,425.936,7.549,1.728,269.09000000000003
BGW_analogue_B,148.5,425.869,7.549,1.728,269.52200000000005
BGW_analogue_B,148.75,425.801,7.549,1.728,269.95400000000006
BGW_analogue_B,149.0,425.734,7.549,1.727,270.3857500000001
BGW_analogue_B,149.25,425.667,7.549,1.727,270.8175000000001
BGW_analogue_B,149.5,425.6,7.549,1.727,271.24925000000013
BGW_analogue_B,149.75,425.533,7.549,1.727,271.68100000000015
BGW_analogue_B,150.0,425.466,7.549,1.726,272.1125000000002
BGW_analogue_B,150.25,425.399,7.549,1.726,272.5440000000002
BGW_analogue_B,150.5,425.333,7.549,1.726,272.97550000000024
BGW_analogue_B,150.75,425.266,7.549,1.726,273.40700000000027
BGW_analogue_B,151.0,425.199,7.549,1.725,273.83825000000024
BGW_analogue_B,151.25,425.133,7.549,1.725,274.2695000000002
BGW_analogue_B,151.5,425.067,7.549,1.725,274.7007500000002
BGW_analogue_B,151.75,425.0,7.549,1.724,275.1317500000002
BGW_analogue_B,152.0,424.934,7.549,1.724,275.56275000000016
BGW_analogue_B,152.25,424.868,7.549,1.724,275.99375000000015
BGW_analogue_B,152.5,424.802,7.549,1.724,276.42475000000013
BGW_analogue_B,152.75,424.736,7.549,1.723,276.8555000000001
BGW_analogue_B,153.0,424.67,7.549,1.723,277.2862500000001
BGW_analogue_B,153.25,424.604,7.549,1.723,277.7170000000001
BGW_analogue_B,153.5,424.538,7.549,1.723,278.1477500000001
BGW_analogue_B,153.75,424.473,7.549,1.722,278.5782500000001
BGW_analogue_B,154.0,424.407,7.549,1.722,279.0087500000001
BGW_analogue_B,154.25,424.341,7.549,1.722,279.4392500000001
BGW_analogue_B,154.5,424.276,7.549,1.721,279.8695000000001
BGW_analogue_B,154.75,424.211,7.549,1.721,280.2997500000001
BGW_analogue_B,155.0,424.145,7.549,1.721,280.7300000000001
BGW_analogue_B,155.25,424.08,7.549,1.721,281.1602500000001
BGW_analogue_B,155.5,424.015,7.549,1.72,281.5902500000001
BGW_analogue_B,155.75,423.95,7.549,1.72,282.0202500000001
BGW_analogue_B,156.0,423.885,7.549,1.72,282.4502500000001
BGW_analogue_B,156.25,423.82,7.549,1.72,282.8802500000001
BGW_analogue_B,156.5,423.755,7.549,1.719,283.3100000000001
BGW_analogue_B,156.75,423.691,7.549,1.719,283.73975000000013
BGW_analogue_B,157.0,423.626,7.549,1.719,284.16950000000014
BGW_analogue_B,157.25,423.561,7.549,1.719,284.59925000000015
BGW_analogue_B,157.5,423.497,7.549,1.718,285.0287500000002
BGW_analogue_B,157.75,423.432,7.549,1.718,285.4582500000002
BGW_analogue_B,158.0,423.368,7.549,1.718,285.8877500000002
BGW_analogue_B,158.25,423.304,7.549,1.717,286.31700000000023
BGW_analogue_B,158.5,423.24,7.549,1.717,286.74625000000026
BGW_analogue_B,158.75,423.175,7.549,1.717,287.1755000000003
BGW_analogue_B,159.0,423.111,7.549,1.717,287.6047500000003
BGW_analogue_B,159.25,423.047,7.549,1.716,288.0337500000003
BGW_analogue_B,159.5,422.983,7.549,1.716,288.46275000000026
BGW_analogue_B,159.75,422.92,7.549,1.716,288.89175000000023
BGW_analogue_B,160.0,422.856,7.549,1.716,289.3207500000002
BGW_analogue_B,160.25,422.792,7.549,1.715,289.7495000000002
BGW_analogue_B,160.5,422.729,7.549,1.715,290.17825000000016
BGW_analogue_B,160.75,422.665,7.549,1.715,290.60700000000014
BGW_analogue_B,161.0,422.602,7.549,1.714,291.0355000000001
BGW_analogue_B,161.25,422.538,7.549,1.714,291.4640000000001
BGW_analogue_B,161.5,422.475,7.549,1.714,291.8925000000001
BGW_analogue_B,161.75,422.412,7.549,1.714,292.3210000000001
BGW_analogue_B,162.0,422.348,7.549,1.713,292.7492500000001
BGW_analogue_B,162.25,422.285,7.549,1.713,293.17750000000007
BGW_analogue_B,162.5,422.222,7.549,1.713,293.60575000000006
BGW_analogue_B,162.75,422.159,7.549,1.713,294.03400000000005
BGW_analogue_B,163.0,422.097,7.549,1.712,294.46200000000005
BGW_analogue_B,163.25,422.034,7.549,1.712,294.89000000000004
BGW_analogue_B,163.5,421.971,7.549,1.712,295.31800000000004
BGW_analogue_B,163.75,421.908,7.549,1.712,295.74600000000004
BGW_analogue_B,164.0,421.846,7.549,1.711,296.17375000000004
BGW_analogue_B,164.25,421.783,7.549,1.711,296.60150000000004
BGW_analogue_B,164.5,421.721,7.549,1.711,297.02925000000005
BGW_analogue_B,164.75,421.658,7.549,1.71,297.45675000000006
BGW_analogue_B,165.0,421.596,7.549,1.71,297.88425000000007
BGW_analogue_B,165.25,421.534,7.549,1.71,298.3117500000001
BGW_analogue_B,165.5,421.472,7.549,1.71,298.7392500000001
BGW_analogue_B,165.75,421.41,7.549,1.709,299.1665000000001
BGW_analogue_B,166.0,421.348,7.549,1.709,299.5937500000001
BGW_analogue_B,166.25,421.286,7.549,1.709,300.02100000000013
BGW_analogue_B,166.5,421.224,7.549,1.709,300.44825000000014
BGW_analogue_B,166.75,421.162,7.549,1.708,300.87525000000016
BGW_analogue_B,167.0,421.1,7.549,1.708,301.3022500000002
BGW_analogue_B,167.25,421.039,7.549,1.708,301.7292500000002
BGW_analogue_B,167.5,420.977,7.549,1.707,302.15600000000023
BGW_analogue_B,167.75,420.915,7.549,1.707,302.58275000000026
BGW_analogue_B,168.0,420.854,7.549,1.707,303.0095000000003
BGW_analogue_B,168.25,420.793,7.549,1.707,303.4362500000003
BGW_analogue_B,168.5,420.731,7.549,1.706,303.8627500000003
BGW_analogue_B,168.75,420.67,7.549,1.706,304.28925000000027
BGW_analogue_B,169.0,420.609,7.549,1.706,304.71575000000024
BGW_analogue_B,169.25,420.548,7.549,1.706,305.1422500000002
BGW_analogue_B,169.5,420.487,7.549,1.705,305.5685000000002
BGW_analogue_B,169.75,420.426,7.549,1.705,305.9947500000002
BGW_analogue_B,170.0,420.365,7.549,1.705,306.42100000000016
BGW_analogue_B,170.25,420.304,7.549,1.705,306.84725000000014
BGW_analogue_B,170.5,420.243,7.549,1.704,307.27325000000013
BGW_analogue_B,170.75,420.183,7.549,1.704,307.6992500000001
BGW_analogue_B,171.0,420.122,7.549,1.704,308.1252500000001
BGW_analogue_B,171.25,420.061,7.549,1.703,308.5510000000001
BGW_analogue_B,171.5,420.001,7.549,1.703,308.9767500000001
BGW_analogue_B,171.75,419.941,7.549,1.703,309.4025000000001
BGW_analogue_B,172.0,419.88,7.549,1.703,309.8282500000001
BGW_analogue_B,172.25,419.82,7.549,1.702,310.2537500000001
BGW_analogue_B,172.5,419.76,7.549,1.702,310.6792500000001
BGW_analogue_B,172.75,419.699,7.549,1.702,311.1047500000001
BGW_analogue_B,173.0,419.639,7.549,1.702,311.5302500000001
BGW_analogue_B,173.25,419.579,7.549,1.701,311.9555000000001
BGW_analogue_B,173.5,419.519,7.549,1.701,312.3807500000001
BGW_analogue_B,173.75,419.46,7.549,1.701,312.8060000000001
BGW_analogue_B,174.0,419.4,7.549,1.701,313.2312500000001
BGW_analogue_B,174.25,419.34,7.549,1.7,313.6562500000001
BGW_analogue_B,174.5,419.28,7.549,1.7,314.0812500000001
BGW_analogue_B,174.75,419.221,7.549,1.7,314.50625000000014
BGW_analogue_B,175.0,419.161,7.549,1.699,314.93100000000015
BGW_analogue_B,175.25,419.102,7.549,1.699,315.35575000000017
BGW_analogue_B,175.5,419.042,7.549,1.699,315.7805000000002
BGW_analogue_B,175.75,418.983,7.549,1.699,316.2052500000002
BGW_analogue_B,176.0,418.924,7.549,1.698,316.62975000000023
BGW_analogue_B,176.25,418.864,7.549,1.698,317.05425000000025
BGW_analogue_B,176.5,418.805,7.549,1.698,317.4787500000003
BGW_analogue_B,176.75,418.746,7.549,1.698,317.9032500000003
BGW_analogue_B,177.0,418.687,7.549,1.697,318.32750000000027
BGW_analogue_B,177.25,418.628,7.549,1.697,318.75175000000024
BGW_analogue_B,177.5,418.569,7.549,1.697,319.1760000000002
BGW_analogue_B,177.75,418.51,7.549,1.697,319.6002500000002
BGW_analogue_B,178.0,418.452,7.549,1.696,320.02425000000017
BGW_analogue_B,178.25,418.393,7.549,1.696,320.44825000000014
BGW_analogue_B,178.5,418.334,7.549,1.696,320.8722500000001
BGW_analogue_B,178.75,418.276,7.549,1.695,321.2960000000001
BGW_analogue_B,179.0,418.217,7.549,1.695,321.7197500000001
BGW_analogue_B,179.25,418.159,7.549,1.695,322.1435000000001
BGW_analogue_B,179.5,418.1,7.549,1.695,322.56725000000006
BGW_analogue_B,179.75,418.042,7.549,1.694,322.99075000000005
BGW_analogue_C,0.0,520.094,9.609,0.258,0.0645
BGW_analogue_C,0.25,519.324,9.609,0.258,0.129
BGW_analogue_C,0.5,518.597,9.609,0.258,0.1935
BGW_analogue_C,0.75,517.906,9.609,0.258,0.258
BGW_analogue_C,1.0,517.248,9.609,0.258,0.3225
BGW_analogue_C,1.25,516.617,9.609,0.258,0.387
BGW_analogue_C,1.5,516.011,9.609,0.258,0.4515
BGW_analogue_C,1.75,515.428,9.609,0.257,0.51575
BGW_analogue_C,2.0,514.864,9.609,0.257,0.5800000000000001
BGW_analogue_C,2.25,514.318,9.609,0.257,0.6442500000000001
BGW_analogue_C,2.5,513.789,9.609,0.257,0.7085000000000001
BGW_analogue_C,2.75,513.275,9.609,0.257,0.7727500000000002
BGW_analogue_C,3.0,512.776,9.609,0.257,0.8370000000000002
BGW_analogue_C,3.25,512.289,9.609,0.257,0.9012500000000002
BGW_analogue_C,3.5,511.814,9.609,0.257,0.9655000000000002
BGW_analogue_C,3.75,511.351,9.609,0.257,1.0297500000000002
BGW_analogue_C,4.0,510.898,9.609,0.257,1.094
BGW_analogue_C,4.25,510.454,9.609,0.256,1.1580000000000001
BGW_analogue_C,4.5,510.021,9.609,0.256,1.2220000000000002
BGW_analogue_C,4.75,509.595,9.609,0.256,1.2860000000000003
BGW_analogue_C,5.0,509.179,9.609,0.256,1.3500000000000003
BGW_analogue_C,5.25,508.77,9.609,0.256,1.4140000000000004
BGW_analogue_C,5.5,508.368,9.609,0.256,1.4780000000000004
BGW_analogue_C,5.75,507.973,9.609,0.256,1.5420000000000005
BGW_analogue_C,6.0,507.586,9.609,0.256,1.6060000000000005
BGW_analogue_C,6.25,507.204,9.609,0.256,1.6700000000000006
BGW_analogue_C,6.5,506.829,9.609,0.256,1.7340000000000007
BGW_analogue_C,6.75,506.46,9.609,0.256,1.7980000000000007
BGW_analogue_C,7.0,506.096,9.609,0.256,1.8620000000000008
BGW_analogue_C,7.25,505.737,9.609,0.255,1.9257500000000007
BGW_analogue_C,7.5,505.384,9.609,0.255,1.9895000000000007
BGW_analogue_C,7.75,505.036,9.609,0.255,2.0532500000000007
BGW_analogue_C,8.0,504.692,9.609,0.255,2.117000000000001
BGW_analogue_C,8.25,504.353,9.609,0.255,2.180750000000001
BGW_analogue_C,8.5,504.019,9.609,0.255,2.2445000000000013
BGW_analogue_C,8.75,503.688,9.609,0.255,2.3082500000000015
BGW_analogue_C,9.0,503.362,9.609,0.255,2.3720000000000017
BGW_analogue_C,9.25,503.04,9.609,0.255,2.435750000000002
BGW_analogue_C,9.5,502.722,9.609,0.255,2.499500000000002
BGW_analogue_C,9.75,502.407,9.609,0.255,2.5632500000000022
BGW_analogue_C,10.0,502.096,9.609,0.255,2.6270000000000024
BGW_analogue_C,10.25,501.789,9.609,0.255,2.6907500000000026
BGW_analogue_C,10.5,501.485,9.609,0.255,2.754500000000003
BGW_analogue_C,10.75,501.184,9.609,0.254,2.8180000000000027
BGW_analogue_C,11.0,500.886,9.609,0.254,2.8815000000000026
BGW_analogue_C,11.25,500.591,9.609,0.254,2.9450000000000025
BGW_analogue_C,11.5,500.3,9.609,0.254,3.0085000000000024
BGW_analogue_C,11.75,500.011,9.609,0.254,3.0720000000000023
BGW_analogue_C,12.0,499.725,9.609,0.254,3.135500000000002
BGW_analogue_C,12.25,499.442,9.609,0.254,3.199000000000002
BGW_analogue_C,12.5,499.162,9.609,0.254,3.262500000000002
BGW_analogue_C,12.75,498.884,9.609,0.254,3.326000000000002
BGW_analogue_C,13.0,498.609,9.609,0.254,3.3895000000000017
BGW_analogue_C,13.25,498.337,9.609,0.254,3.4530000000000016
BGW_analogue_C,13.5,498.067,9.609,0.254,3.5165000000000015
BGW_analogue_C,13.75,497.799,9.609,0.254,3.5800000000000014
BGW_analogue_C,14.0,497.533,9.609,0.254,3.6435000000000013
BGW_analogue_C,14.25,497.27,9.609,0.254,3.707000000000001
BGW_analogue_C,14.5,497.009,9.609,0.253,3.770250000000001
BGW_analogue_C,14.75,496.75,9.609,0.253,3.8335000000000012
BGW_analogue_C,15.0,496.494,9.609,0.253,3.8967500000000013
BGW_analogue_C,15.25,496.239,9.609,0.253,3.9600000000000013
BGW_analogue_C,15.5,495.986,9.609,0.253,4.023250000000001
BGW_analogue_C,15.75,495.736,9.609,0.253,4.086500000000001
BGW_analogue_C,16.0,495.487,9.609,0.253,4.149750000000001
BGW_analogue_C,16.25,495.24,9.609,0.253,4.213000000000001
BGW_analogue_C,16.5,494.995,9.609,0.253,4.276250000000001
BGW_analogue_C,16.75,494.752,9.609,0.253,4.339500000000001
BGW_analogue_C,17.0,494.511,9.609,0.253,4.402750000000001
BGW_analogue_C,17.25,494.271,9.609,0.253,4.466000000000001
BGW_analogue_C,17.5,494.034,9.609,0.253,4.529250000000001
BGW_analogue_C,17.75,493.798,9.609,0.253,4.592500000000001
BGW_analogue_C,18.0,493.563,9.609,0.253,4.655750000000001
BGW_analogue_C,18.25,493.33,9.609,0.253,4.719000000000001
BGW_analogue_C,18.5,493.099,9.609,0.252,4.782000000000001
BGW_analogue_C,18.75,492.869,9.609,0.252,4.845000000000001
BGW_analogue_C,19.0,492.641,9.609,0.252,4.908
BGW_analogue_C,19.25,492.415,9.609,0.252,4.971
BGW_analogue_C,19.5,492.189,9.609,0.252,5.034
BGW_analogue_C,19.75,491.966,9.609,0.252,5.0969999999999995
BGW_analogue_C,20.0,491.743,9.609,0.252,5.159999999999999
BGW_analogue_C,20.25,491.523,9.609,0.252,5.222999999999999
BGW_analogue_C,20.5,491.303,9.609,0.252,5.285999999999999
BGW_analogue_C,20.75,491.085,9.609,0.252,5.348999999999998
BGW_analogue_C,21.0,490.868,9.609,0.252,5.411999999999998
BGW_analogue_C,21.25,490.653,9.609,0.252,5.474999999999998
BGW_analogue_C,21.5,490.439,9.609,0.252,5.537999999999998
BGW_analogue_C,21.75,490.226,9.609,0.252,5.600999999999997
BGW_analogue_C,22.0,490.014,9.609,0.252,5.663999999999997
BGW_analogue_C,22.25,489.804,9.609,0.252,5.726999999999997
BGW_analogue_C,22.5,489.595,9.609,0.252,5.7899999999999965
BGW_analogue_C,22.75,489.387,9.609,0.252,5.852999999999996
BGW_analogue_C,23.0,489.18,9.609,0.251,5.9157499999999965
BGW_analogue_C,23.25,488.974,9.609,0.251,5.978499999999997
BGW_analogue_C,23.5,488.77,9.609,0.251,6.041249999999997
BGW_analogue_C,23.75,488.567,9.609,0.251,6.103999999999997
BGW_analogue_C,24.0,488.364,9.609,0.251,6.166749999999998
BGW_analogue_C,24.25,488.163,9.609,0.251,6.229499999999998
BGW_analogue_C,24.5,487.963,9.609,0.251,6.292249999999998
BGW_analogue_C,24.75,487.764,9.609,0.251,6.354999999999999
BGW_analogue_C,25.0,487.566,9.609,0.251,6.417749999999999
BGW_analogue_C,25.25,487.369,9.609,0.251,6.480499999999999
BGW_analogue_C,25.5,487.173,9.609,0.251,6.54325
BGW_analogue_C,25.75,486.979,9.609,0.251,6.606
BGW_analogue_C,26.0,486.785,9.609,0.251,6.66875
BGW_analogue_C,26.25,486.592,9.609,0.251,6.7315000000000005
BGW_analogue_C,26.5,486.4,9.609,0.251,6.794250000000001
BGW_analogue_C,26.75,486.209,9.609,0.251,6.857000000000001
BGW_analogue_C,27.0,486.019,9.609,0.251,6.919750000000001
BGW_analogue_C,27.25,485.83,9.609,0.251,6.982500000000002
BGW_analogue_C,27.5,485.642,9.609,0.25,7.045000000000002
BGW_analogue_C,27.75,485.455,9.609,0.25,7.107500000000002
BGW_analogue_C,28.0,485.268,9.609,0.25,7.170000000000002
BGW_analogue_C,28.25,485.083,9.609,0.25,7.232500000000002
BGW_analogue_C,28.5,484.898,9.609,0.25,7.295000000000002
BGW_analogue_C,28.75,484.714,9.609,0.25,7.357500000000002
BGW_analogue_C,29.0,484.532,9.609,0.25,7.420000000000002
BGW_analogue_C,29.25,484.35,9.609,0.25,7.482500000000002
BGW_analogue_C,29.5,484.168,9.609,0.25,7.545000000000002
BGW_analogue_C,29.75,483.988,9.609,0.25,7.607500000000002
BGW_analogue_C,30.0,483.808,9.609,0.25,7.670000000000002
BGW_analogue_C,30.25,483.63,9.609,0.25,7.732500000000002
BGW_analogue_C,30.5,483.452,9.609,0.25,7.795000000000002
BGW_analogue_C,30.75,483.275,9.609,0.25,7.857500000000002
BGW_analogue_C,31.0,483.098,9.609,0.25,7.920000000000002
BGW_analogue_C,31.25,482.923,9.609,0.25,7.982500000000002
BGW_analogue_C,31.5,482.748,9.609,0.25,8.045000000000002
BGW_analogue_C,31.75,482.574,9.609,0.25,8.107500000000002
BGW_analogue_C,32.0,482.4,9.609,0.25,8.170000000000002
BGW_analogue_C,32.25,482.228,9.609,0.249,8.232250000000002
BGW_analogue_C,32.5,482.056,9.609,0.249,8.294500000000003
BGW_analogue_C,32.75,481.885,9.609,0.249,8.356750000000003
BGW_analogue_C,33.0,481.714,9.609,0.249,8.419000000000004
BGW_analogue_C,33.25,481.544,9.609,0.249,8.481250000000005
BGW_analogue_C,33.5,481.375,9.609,0.249,8.543500000000005
BGW_analogue_C,33.75,481.207,9.609,0.249,8.605750000000006
BGW_analogue_C,34.0,481.039,9.609,0.249,8.668000000000006
BGW_analogue_C,34.25,480.872,9.609,0.249,8.730250000000007
BGW_analogue_C,34.5,480.706,9.609,0.249,8.792500000000008
BGW_analogue_C,34.75,480.54,9.609,0.249,8.854750000000008
BGW_analogue_C,35.0,480.375,9.609,0.249,8.917000000000009
BGW_analogue_C,35.25,480.211,9.609,0.249,8.97925000000001
BGW_analogue_C,35.5,480.047,9.609,0.249,9.04150000000001
BGW_analogue_C,35.75,479.884,9.609,0.249,9.10375000000001
BGW_analogue_C,36.0,479.721,9.609,0.249,9.166000000000011
BGW_analogue_C,36.25,479.559,9.609,0.249,9.228250000000012
BGW_analogue_C,36.5,479.398,9.609,0.249,9.290500000000012
BGW_analogue_C,36.75,479.238,9.609,0.249,9.352750000000013
BGW_analogue_C,37.0,479.077,9.609,0.249,9.415000000000013
BGW_analogue_C,37.25,478.918,9.609,0.248,9.477000000000013
BGW_analogue_C,37.5,478.759,9.609,0.248,9.539000000000012
BGW_analogue_C,37.75,478.601,9.609,0.248,9.601000000000012
BGW_analogue_C,38.0,478.443,9.609,0.248,9.663000000000011
BGW_analogue_C,38.25,478.286,9.609,0.248,9.72500000000001
BGW_analogue_C,38.5,478.13,9.609,0.248,9.78700000000001
BGW_analogue_C,38.75,477.974,9.609,0.248,9.849000000000009
BGW_analogue_C,39.0,477.818,9.609,0.248,9.911000000000008
BGW_analogue_C,39.25,477.663,9.609,0.248,9.973000000000008
BGW_analogue_C,39.5,477.509,9.609,0.248,10.035000000000007
BGW_analogue_C,39.75,477.355,9.609,0.248,10.097000000000007
BGW_analogue_C,40.0,477.202,9.609,0.248,10.159000000000006
BGW_analogue_C,40.25,477.05,9.609,0.248,10.221000000000005
BGW_analogue_C,40.5,476.897,9.609,0.248,10.283000000000005
BGW_analogue_C,40.75,476.746,9.609,0.248,10.345000000000004
BGW_analogue_C,41.0,476.595,9.609,0.248,10.407000000000004
BGW_analogue_C,41.25,476.444,9.609,0.248,10.469000000000003
BGW_analogue_C,41.5,476.294,9.609,0.248,10.531000000000002
BGW_analogue_C,41.75,476.144,9.609,0.248,10.593000000000002
BGW_analogue_C,42.0,475.995,9.609,0.248,10.655000000000001
BGW_analogue_C,42.25,475.847,9.609,0.248,10.717
BGW_analogue_C,42.5,475.699,9.609,0.247,10.77875
BGW_analogue_C,42.75,475.551,9.609,0.247,10.8405
BGW_analogue_C,43.0,475.404,9.609,0.247,10.90225
BGW_analogue_C,43.25,475.258,9.609,0.247,10.964
BGW_analogue_C,43.5,475.112,9.609,0.247,11.02575
BGW_analogue_C,43.75,474.966,9.609,0.247,11.0875
BGW_analogue_C,44.0,474.821,9.609,0.247,11.14925
BGW_analogue_C,44.25,474.676,9.609,0.247,11.211
BGW_analogue_C,44.5,474.532,9.609,0.247,11.27275
BGW_analogue_C,44.75,474.388,9.609,0.247,11.3345
BGW_analogue_C,45.0,474.245,9.609,0.247,11.39625
BGW_analogue_C,45.25,474.102,9.609,0.247,11.458
BGW_analogue_C,45.5,473.959,9.609,0.247,11.51975
BGW_analogue_C,45.75,473.817,9.609,0.247,11.5815
BGW_analogue_C,46.0,473.676,9.609,0.247,11.64325
BGW_analogue_C,46.25,473.535,9.609,0.247,11.705
BGW_analogue_C,46.5,473.394,9.609,0.247,11.76675
BGW_analogue_C,46.75,473.254,9.609,0.247,11.8285
BGW_analogue_C,47.0,473.114,9.609,0.247,11.89025
BGW_analogue_C,47.25,472.975,9.609,0.247,11.952
BGW_analogue_C,47.5,472.836,9.609,0.247,12.01375
BGW_analogue_C,47.75,472.697,9.609,0.246,12.07525
BGW_analogue_C,48.0,472.559,9.609,0.246,12.136750000000001
BGW_analogue_C,48.25,472.422,9.609,0.246,12.198250000000002
BGW_analogue_C,48.5,472.284,9.609,0.246,12.259750000000002
BGW_analogue_C,48.75,472.147,9.609,0.246,12.321250000000003
BGW_analogue_C,49.0,472.011,9.609,0.246,12.382750000000003
BGW_analogue_C,49.25,471.875,9.609,0.246,12.444250000000004
BGW_analogue_C,49.5,471.739,9.609,0.246,12.505750000000004
BGW_analogue_C,49.75,471.604,9.609,0.246,12.567250000000005
BGW_analogue_C,50.0,471.469,9.609,0.246,12.628750000000005
BGW_analogue_C,50.25,471.335,9.609,0.246,12.690250000000006
BGW_analogue_C,50.5,471.201,9.609,0.246,12.751750000000007
BGW_analogue_C,50.75,471.067,9.609,0.246,12.813250000000007
BGW_analogue_C,51.0,470.933,9.609,0.246,12.874750000000008
BGW_analogue_C,51.25,470.801,9.609,0.246,12.936250000000008
BGW_analogue_C,51.5,470.668,9.609,0.246,12.997750000000009
BGW_analogue_C,51.75,470.536,9.609,0.246,13.05925000000001
BGW_analogue_C,52.0,470.404,9.609,0.246,13.12075000000001
BGW_analogue_C,52.25,470.272,9.609,0.246,13.18225000000001
BGW_analogue_C,52.5,470.141,9.609,0.246,13.243750000000011
BGW_analogue_C,52.75,470.011,9.609,0.246,13.305250000000012
BGW_analogue_C,53.0,469.88,9.609,0.245,13.366500000000011
BGW_analogue_C,53.25,469.75,9.609,0.245,13.42775000000001
BGW_analogue_C,53.5,469.621,9.609,0.245,13.48900000000001
BGW_analogue_C,53.75,469.491,9.609,0.245,13.550250000000009
BGW_analogue_C,54.0,469.362,9.609,0.245,13.611500000000008
BGW_analogue_C,54.25,469.234,9.609,0.245,13.672750000000008
BGW_analogue_C,54.5,469.105,9.609,0.245,13.734000000000007
BGW_analogue_C,54.75,468.977,9.609,0.245,13.795250000000006
BGW_analogue_C,55.0,468.85,9.609,0.245,13.856500000000006
BGW_analogue_C,55.25,468.723,9.609,0.245,13.917750000000005
BGW_analogue_C,55.5,468.596,9.609,0.245,13.979000000000005
BGW_analogue_C,55.75,468.469,9.609,0.245,14.040250000000004
BGW_analogue_C,56.0,468.343,9.609,0.245,14.101500000000003
BGW_analogue_C,56.25,468.217,9.609,0.245,14.162750000000003
BGW_analogue_C,56.5,468.091,9.609,0.245,14.224000000000002
BGW_analogue_C,56.75,467.966,9.609,0.245,14.285250000000001
BGW_analogue_C,57.0,467.841,9.609,0.245,14.3465
BGW_analogue_C,57.25,467.717,9.609,0.245,14.40775
BGW_analogue_C,57.5,467.592,9.609,0.245,14.469
BGW_analogue_C,57.75,467.468,9.609,0.245,14.530249999999999
BGW_analogue_C,58.0,467.345,9.609,0.245,14.591499999999998
BGW_analogue_C,58.25,467.221,9.609,0.245,14.652749999999997
BGW_analogue_C,58.5,467.098,9.609,0.244,14.713749999999997
BGW_analogue_C,58.75,466.976,9.609,0.244,14.774749999999997
BGW_analogue_C,59.0,466.853,9.609,0.244,14.835749999999997
BGW_analogue_C,59.25,466.731,9.609,0.244,14.896749999999997
BGW_analogue_C,59.5,466.61,9.609,0.244,14.957749999999997
BGW_analogue_C,59.75,466.488,9.609,0.244,15.018749999999997
BGW_analogue_C,60.0,466.367,9.609,0.244,15.079749999999997
BGW_analogue_C,60.25,466.246,9.609,0.244,15.140749999999997
BGW_analogue_C,60.5,466.125,9.609,0.244,15.201749999999997
BGW_analogue_C,60.75,466.005,9.609,0.244,15.262749999999997
BGW_analogue_C,61.0,465.885,9.609,0.244,15.323749999999997
BGW_analogue_C,61.25,465.765,9.609,0.244,15.384749999999997
BGW_analogue_C,61.5,465.646,9.609,0.244,15.445749999999997
BGW_analogue_C,61.75,465.527,9.609,0.244,15.506749999999997
BGW_analogue_C,62.0,465.408,9.609,0.244,15.567749999999997
BGW_analogue_C,62.25,465.29,9.609,0.244,15.628749999999997
BGW_analogue_C,62.5,465.171,9.609,0.244,15.689749999999997
BGW_analogue_C,62.75,465.053,9.609,0.244,15.750749999999996
BGW_analogue_C,63.0,464.936,9.609,0.244,15.811749999999996
BGW_analogue_C,63.25,464.818,9.609,0.244,15.872749999999996
BGW_analogue_C,63.5,464.701,9.609,0.244,15.933749999999996
BGW_analogue_C,63.75,464.584,9.609,0.244,15.994749999999996
BGW_analogue_C,64.0,464.468,9.609,0.244,16.055749999999996
BGW_analogue_C,64.25,464.351,9.609,0.243,16.116499999999995
BGW_analogue_C,64.5,464.235,9.609,0.243,16.177249999999994
BGW_analogue_C,64.75,464.12,9.609,0.243,16.237999999999992
BGW_analogue_C,65.0,464.004,9.609,0.243,16.29874999999999
BGW_analogue_C,65.25,463.889,9.609,0.243,16.35949999999999
BGW_analogue_C,65.5,463.774,9.609,0.243,16.42024999999999
BGW_analogue_C,65.75,463.659,9.609,0.243,16.480999999999987
BGW_analogue_C,66.0,463.545,9.609,0.243,16.541749999999986
BGW_analogue_C,66.25,463.43,9.609,0.243,16.602499999999985
BGW_analogue_C,66.5,463.317,9.609,0.243,16.663249999999984
BGW_analogue_C,66.75,463.203,9.609,0.243,16.723999999999982
BGW_analogue_C,67.0,463.089,9.609,0.243,16.78474999999998
BGW_analogue_C,67.25,462.976,9.609,0.243,16.84549999999998
BGW_analogue_C,67.5,462.863,9.609,0.243,16.90624999999998
BGW_analogue_C,67.75,462.751,9.609,0.243,16.966999999999977
BGW_analogue_C,68.0,462.638,9.609,0.243,17.027749999999976
BGW_analogue_C,68.25,462.526,9.609,0.243,17.088499999999975
BGW_analogue_C,68.5,462.414,9.609,0.243,17.149249999999974
BGW_analogue_C,68.75,462.303,9.609,0.243,17.209999999999972
BGW_analogue_C,69.0,462.191,9.609,0.243,17.27074999999997
BGW_analogue_C,69.25,462.08,9.609,0.243,17.33149999999997
BGW_analogue_C,69.5,461.969,9.609,0.243,17.39224999999997
BGW_analogue_C,69.75,461.859,9.609,0.242,17.45274999999997
BGW_analogue_C,70.0,461.748,9.609,0.242,17.51324999999997
BGW_analogue_C,70.25,461.638,9.609,0.242,17.573749999999972
BGW_analogue_C,70.5,461.528,9.609,0.242,17.634249999999973
BGW_analogue_C,70.75,461.418,9.609,0.242,17.694749999999974
BGW_analogue_C,71.0,461.309,9.609,0.242,17.755249999999975
BGW_analogue_C,71.25,461.2,9.609,0.242,17.815749999999976
BGW_analogue_C,71.5,461.091,9.609,0.242,17.876249999999978
BGW_analogue_C,71.75,460.982,9.609,0.242,17.93674999999998
BGW_analogue_C,72.0,460.873,9.609,0.242,17.99724999999998
BGW_analogue_C,72.25,460.765,9.609,0.242,18.05774999999998
BGW_analogue_C,72.5,460.657,9.609,0.242,18.118249999999982
BGW_analogue_C,72.75,460.549,9.609,0.242,18.178749999999983
BGW_analogue_C,73.0,460.441,9.609,0.242,18.239249999999984
BGW_analogue_C,73.25,460.334,9.609,0.242,18.299749999999985
BGW_analogue_C,73.5,460.227,9.609,0.242,18.360249999999986
BGW_analogue_C,73.75,460.12,9.609,0.242,18.420749999999988
BGW_analogue_C,74.0,460.013,9.609,0.242,18.48124999999999
BGW_analogue_C,74.25,459.907,9.609,0.242,18.54174999999999
BGW_analogue_C,74.5,459.8,9.609,0.242,18.60224999999999
BGW_analogue_C,74.75,459.694,9.609,0.242,18.662749999999992
BGW_analogue_C,75.0,459.588,9.609,0.242,18.723249999999993
BGW_analogue_C,75.25,459.483,9.609,0.242,18.783749999999994
BGW_analogue_C,75.5,459.377,9.609,0.242,18.844249999999995
BGW_analogue_C,75.75,459.272,9.609,0.241,18.904499999999995
BGW_analogue_C,76.0,459.167,9.609,0.241,18.964749999999995
BGW_analogue_C,76.25,459.062,9.609,0.241,19.024999999999995
BGW_analogue_C,76.5,458.958,9.609,0.241,19.085249999999995
BGW_analogue_C,76.75,458.853,9.609,0.241,19.145499999999995
BGW_analogue_C,77.0,458.749,9.609,0.241,19.205749999999995
BGW_analogue_C,77.25,458.645,9.609,0.241,19.265999999999995
BGW_analogue_C,77.5,458.542,9.609,0.241,19.326249999999995
BGW_analogue_C,77.75,458.438,9.609,0.241,19.386499999999995
BGW_analogue_C,78.0,458.335,9.609,0.241,19.446749999999994
BGW_analogue_C,78.25,458.232,9.609,0.241,19.506999999999994
BGW_analogue_C,78.5,458.129,9.609,0.241,19.567249999999994
BGW_analogue_C,78.75,458.026,9.609,0.241,19.627499999999994
BGW_analogue_C,79.0,457.924,9.609,0.241,19.687749999999994
BGW_analogue_C,79.25,457.821,9.609,0.241,19.747999999999994
BGW_analogue_C,79.5,457.719,9.609,0.241,19.808249999999994
BGW_analogue_C,79.75,457.617,9.609,0.241,19.868499999999994
BGW_analogue_C,80.0,457.516,9.609,0.241,19.928749999999994
BGW_analogue_C,80.25,457.414,9.609,0.241,19.988999999999994
BGW_analogue_C,80.5,457.313,9.609,0.241,20.049249999999994
BGW_analogue_C,80.75,457.212,9.609,0.241,20.109499999999993
BGW_analogue_C,81.0,457.111,9.609,0.241,20.169749999999993
BGW_analogue_C,81.25,457.01,9.609,0.241,20.229999999999993
BGW_analogue_C,81.5,456.91,9.609,0.24,20.289999999999992
BGW_analogue_C,81.75,456.809,9.609,0.24,20.34999999999999
BGW_analogue_C,82.0,456.709,9.609,0.24,20.40999999999999
BGW_analogue_C,82.25,456.609,9.609,0.24,20.469999999999988
BGW_analogue_C,82.5,456.509,9.609,0.24,20.529999999999987
BGW_analogue_C,82.75,456.41,9.609,0.24,20.589999999999986
BGW_analogue_C,83.0,456.31,9.609,0.24,20.649999999999984
BGW_analogue_C,83.25,456.211,9.609,0.24,20.709999999999983
BGW_analogue_C,83.5,456.112,9.609,0.24,20.769999999999982
BGW_analogue_C,83.75,456.013,9.609,0.24,20.82999999999998
BGW_analogue_C,84.0,455.915,9.609,0.24,20.88999999999998
BGW_analogue_C,84.25,455.816,9.609,0.24,20.949999999999978
BGW_analogue_C,84.5,455.718,9.609,0.24,21.009999999999977
BGW_analogue_C,84.75,455.62,9.609,0.24,21.069999999999975
BGW_analogue_C,85.0,455.522,9.609,0.24,21.129999999999974
BGW_analogue_C,85.25,455.424,9.609,0.24,21.189999999999973
BGW_analogue_C,85.5,455.327,9.609,0.24,21.24999999999997
BGW_analogue_C,85.75,455.229,9.609,0.24,21.30999999999997
BGW_analogue_C,86.0,455.132,9.609,0.24,21.36999999999997
BGW_analogue_C,86.25,455.035,9.609,0.24,21.429999999999968
BGW_analogue_C,86.5,454.938,9.609,0.24,21.489999999999966
BGW_analogue_C,86.75,454.842,9.609,0.24,21.549999999999965
BGW_analogue_C,87.0,454.745,9.609,0.24,21.609999999999964
BGW_analogue_C,87.25,454.649,9.609,0.24,21.669999999999963
BGW_analogue_C,87.5,454.553,9.609,0.239,21.729749999999964
BGW_analogue_C,87.75,454.457,9.609,0.239,21.789499999999965
BGW_analogue_C,88.0,454.361,9.609,0.239,21.849249999999966
BGW_analogue_C,88.25,454.265,9.609,0.239,21.908999999999967
BGW_analogue_C,88.5,454.17,9.609,0.239,21.968749999999968
BGW_analogue_C,88.75,454.075,9.609,0.239,22.02849999999997
BGW_analogue_C,89.0,453.979,9.609,0.239,22.08824999999997
BGW_analogue_C,89.25,453.885,9.609,0.239,22.14799999999997
BGW_analogue_C,89.5,453.79,9.609,0.239,22.207749999999972
BGW_analogue_C,89.75,453.695,9.609,0.239,22.267499999999973
BGW_analogue_C,90.0,453.601,9.609,0.239,22.327249999999975
BGW_analogue_C,90.25,453.506,9.609,0.239,22.386999999999976
BGW_analogue_C,90.5,453.412,9.609,0.239,22.446749999999977
BGW_analogue_C,90.75,453.318,9.609,0.239,22.506499999999978
BGW_analogue_C,91.0,453.225,9.609,0.239,22.56624999999998
BGW_analogue_C,91.25,453.131,9.609,0.239,22.62599999999998
BGW_analogue_C,91.5,453.038,9.609,0.239,22.68574999999998
BGW_analogue_C,91.75,452.944,9.609,0.239,22.745499999999982
BGW_analogue_C,92.0,452.851,9.609,0.239,22.805249999999983
BGW_analogue_C,92.25,452.758,9.609,0.239,22.864999999999984
BGW_analogue_C,92.5,452.665,9.609,0.239,22.924749999999985
BGW_analogue_C,92.75,452.573,9.609,0.239,22.984499999999986
BGW_analogue_C,93.0,452.48,9.609,0.239,23.044249999999987
BGW_analogue_C,93.25,452.388,9.609,0.239,23.10399999999999
BGW_analogue_C,93.5,452.296,9.609,0.238,23.16349999999999
BGW_analogue_C,93.75,452.204,9.609,0.238,23.22299999999999
BGW_analogue_C,94.0,452.112,9.609,0.238,23.282499999999988
BGW_analogue_C,94.25,452.02,9.609,0.238,23.341999999999988
BGW_analogue_C,94.5,451.929,9.609,0.238,23.401499999999988
BGW_analogue_C,94.75,451.837,9.609,0.238,23.460999999999988
BGW_analogue_C,95.0,451.746,9.609,0.238,23.520499999999988
BGW_analogue_C,95.25,451.655,9.609,0.238,23.579999999999988
BGW_analogue_C,95.5,451.564,9.609,0.238,23.639499999999988
BGW_analogue_C,95.75,451.473,9.609,0.238,23.698999999999987
BGW_analogue_C,96.0,451.383,9.609,0.238,23.758499999999987
BGW_analogue_C,96.25,451.292,9.609,0.238,23.817999999999987
BGW_analogue_C,96.5,451.202,9.609,0.238,23.877499999999987
BGW_analogue_C,96.75,451.112,9.609,0.238,23.936999999999987
BGW_analogue_C,97.0,451.022,9.609,0.238,23.996499999999987
BGW_analogue_C,97.25,450.932,9.609,0.238,24.055999999999987
BGW_analogue_C,97.5,450.842,9.609,0.238,24.115499999999987
BGW_analogue_C,97.75,450.753,9.609,0.238,24.174999999999986
BGW_analogue_C,98.0,450.663,9.609,0.238,24.234499999999986
BGW_analogue_C,98.25,450.574,9.609,0.238,24.293999999999986
BGW_analogue_C,98.5,450.485,9.609,0.238,24.353499999999986
BGW_analogue_C,98.75,450.396,9.609,0.238,24.412999999999986
BGW_analogue_C,99.0,450.307,9.609,0.238,24.472499999999986
BGW_analogue_C,99.25,450.218,9.609,0.238,24.531999999999986
BGW_analogue_C,99.5,450.13,9.609,0.237,24.591249999999985
BGW_analogue_C,99.75,450.042,9.609,0.237,24.650499999999983
BGW_analogue_C,100.0,449.953,9.609,0.237,24.709749999999982
BGW_analogue_C,100.25,449.865,9.609,0.237,24.76899999999998
BGW_analogue_C,100.5,449.777,9.609,0.237,24.82824999999998
BGW_analogue_C,100.75,449.689,9.609,0.237,24.887499999999978
BGW_analogue_C,101.0,449.602,9.609,0.237,24.946749999999977
BGW_analogue_C,101.25,449.514,9.609,0.237,25.005999999999975
BGW_analogue_C,101.5,449.427,9.609,0.237,25.065249999999974
BGW_analogue_C,101.75,449.339,9.609,0.237,25.124499999999973
BGW_analogue_C,102.0,449.252,9.609,0.237,25.18374999999997
BGW_analogue_C,102.25,449.165,9.609,0.237,25.24299999999997
BGW_analogue_C,102.5,449.079,9.609,0.237,25.30224999999997
BGW_analogue_C,102.75,448.992,9.609,0.237,25.361499999999968
BGW_analogue_C,103.0,448.905,9.609,0.237,25.420749999999966
BGW_analogue_C,103.25,448.819,9.609,0.237,25.479999999999965
BGW_analogue_C,103.5,448.732,9.609,0.237,25.539249999999964
BGW_analogue_C,103.75,448.646,9.609,0.237,25.598499999999962
BGW_analogue_C,104.0,448.56,9.609,0.237,25.65774999999996
BGW_analogue_C,104.25,448.474,9.609,0.237,25.71699999999996
BGW_analogue_C,104.5,448.389,9.609,0.237,25.77624999999996
BGW_analogue_C,104.75,448.303,9.609,0.237,25.835499999999957
BGW_analogue_C,105.0,448.218,9.609,0.237,25.894749999999956
BGW_analogue_C,105.25,448.132,9.609,0.237,25.953999999999954
BGW_analogue_C,105.5,448.047,9.609,0.236,26.012999999999955
BGW_analogue_C,105.75,447.962,9.609,0.236,26.071999999999957
BGW_analogue_C,106.0,447.877,9.609,0.236,26.130999999999958
BGW_analogue_C,106.25,447.792,9.609,0.236,26.18999999999996
BGW_analogue_C,106.5,447.707,9.609,0.236,26.24899999999996
BGW_analogue_C,106.75,447.623,9.609,0.236,26.30799999999996
BGW_analogue_C,107.0,447.538,9.609,0.236,26.366999999999962
BGW_analogue_C,107.25,447.454,9.609,0.236,26.425999999999963
BGW_analogue_C,107.5,447.37,9.609,0.236,26.484999999999964
BGW_analogue_C,107.75,447.286,9.609,0.236,26.543999999999965
BGW_analogue_C,108.0,447.202,9.609,0.236,26.602999999999966
BGW_analogue_C,108.25,447.118,9.609,0.236,26.661999999999967
BGW_analogue_C,108.5,447.034,9.609,0.236,26.720999999999968
BGW_analogue_C,108.75,446.951,9.609,0.236,26.77999999999997
BGW_analogue_C,109.0,446.867,9.609,0.236,26.83899999999997
BGW_analogue_C,109.25,446.784,9.609,0.236,26.89799999999997
BGW_analogue_C,109.5,446.701,9.609,0.236,26.956999999999972
BGW_analogue_C,109.75,446.618,9.609,0.236,27.015999999999973
BGW_analogue_C,110.0,446.535,9.609,0.236,27.074999999999974
BGW_analogue_C,110.25,446.452,9.609,0.236,27.133999999999975
BGW_analogue_C,110.5,446.37,9.609,0.236,27.192999999999977
BGW_analogue_C,110.75,446.287,9.609,0.236,27.251999999999978
BGW_analogue_C,111.0,446.205,9.609,0.236,27.31099999999998
BGW_analogue_C,111.25,446.122,9.609,0.236,27.36999999999998
BGW_analogue_C,111.5,446.04,9.609,0.236,27.42899999999998
BGW_analogue_C,111.75,445.958,9.609,0.235,27.48774999999998
BGW_analogue_C,112.0,445.876,9.609,0.235,27.54649999999998
BGW_analogue_C,112.25,445.794,9.609,0.235,27.60524999999998
BGW_analogue_C,112.5,445.713,9.609,0.235,27.66399999999998
BGW_analogue_C,112.75,445.631,9.609,0.235,27.72274999999998
BGW_analogue_C,113.0,445.55,9.609,0.235,27.78149999999998
BGW_analogue_C,113.25,445.468,9.609,0.235,27.84024999999998
BGW_analogue_C,113.5,445.387,9.609,0.235,27.89899999999998
BGW_analogue_C,113.75,445.306,9.609,0.235,27.95774999999998
BGW_analogue_C,114.0,445.225,9.609,0.235,28.01649999999998
BGW_analogue_C,114.25,445.144,9.609,0.235,28.07524999999998
BGW_analogue_C,114.5,445.063,9.609,0.235,28.13399999999998
BGW_analogue_C,114.75,444.983,9.609,0.235,28.19274999999998
BGW_analogue_C,115.0,444.902,9.609,0.235,28.25149999999998
BGW_analogue_C,115.25,444.822,9.609,0.235,28.31024999999998
BGW_analogue_C,115.5,444.742,9.609,0.235,28.36899999999998
BGW_analogue_C,115.75,444.662,9.609,0.235,28.42774999999998
BGW_analogue_C,116.0,444.581,9.609,0.235,28.486499999999978
BGW_analogue_C,116.25,444.502,9.609,0.235,28.545249999999978
BGW_analogue_C,116.5,444.422,9.609,0.235,28.603999999999978
BGW_analogue_C,116.75,444.342,9.609,0.235,28.662749999999978
BGW_analogue_C,117.0,444.262,9.609,0.235,28.721499999999978
BGW_analogue_C,117.25,444.183,9.609,0.235,28.780249999999977
BGW_analogue_C,117.5,444.104,9.609,0.235,28.838999999999977
BGW_analogue_C,117.75,444.024,9.609,0.235,28.897749999999977
BGW_analogue_C,118.0,443.945,9.609,0.234,28.956249999999976
BGW_analogue_C,118.25,443.866,9.609,0.234,29.014749999999975
BGW_analogue_C,118.5,443.787,9.609,0.234,29.073249999999973
BGW_analogue_C,118.75,443.709,9.609,0.234,29.131749999999972
BGW_analogue_C,119.0,443.63,9.609,0.234,29.19024999999997
BGW_analogue_C,119.25,443.551,9.609,0.234,29.24874999999997
BGW_analogue_C,119.5,443.473,9.609,0.234,29.307249999999968
BGW_analogue_C,119.75,443.394,9.609,0.234,29.365749999999966
BGW_analogue_C,120.0,443.316,9.609,0.234,29.424249999999965
BGW_analogue_C,120.25,443.238,9.609,0.234,29.482749999999964
BGW_analogue_C,120.5,443.16,9.609,0.234,29.541249999999962
BGW_analogue_C,120.75,443.082,9.609,0.234,29.59974999999996
BGW_analogue_C,121.0,443.004,9.609,0.234,29.65824999999996
BGW_analogue_C,121.25,442.927,9.609,0.234,29.71674999999996
BGW_analogue_C,121.5,442.849,9.609,0.234,29.775249999999957
BGW_analogue_C,121.75,442.772,9.609,0.234,29.833749999999956
BGW_analogue_C,122.0,442.694,9.609,0.234,29.892249999999954
BGW_analogue_C,122.25,442.617,9.609,0.234,29.950749999999953
BGW_analogue_C,122.5,442.54,9.609,0.234,30.009249999999952
BGW_analogue_C,122.75,442.463,9.609,0.234,30.06774999999995
BGW_analogue_C,123.0,442.386,9.609,0.234,30.12624999999995
BGW_analogue_C,123.25,442.309,9.609,0.234,30.184749999999948
BGW_analogue_C,123.5,442.232,9.609,0.234,30.243249999999946
BGW_analogue_C,123.75,442.156,9.609,0.234,30.301749999999945
BGW_analogue_C,124.0,442.079,9.609,0.234,30.360249999999944
BGW_analogue_C,124.25,442.003,9.609,0.233,30.418499999999945
BGW_analogue_C,124.5,441.926,9.609,0.233,30.476749999999946
BGW_analogue_C,124.75,441.85,9.609,0.233,30.534999999999947
BGW_analogue_C,125.0,441.774,9.609,0.233,30.593249999999948
BGW_analogue_C,125.25,441.698,9.609,0.233,30.65149999999995
BGW_analogue_C,125.5,441.622,9.609,0.233,30.70974999999995
BGW_analogue_C,125.75,441.546,9.609,0.233,30.76799999999995
BGW_analogue_C,126.0,441.471,9.609,0.233,30.826249999999952
BGW_analogue_C,126.25,441.395,9.609,0.233,30.884499999999953
BGW_analogue_C,126.5,441.32,9.609,0.233,30.942749999999954
BGW_analogue_C,126.75,441.244,9.609,0.233,31.000999999999955
BGW_analogue_C,127.0,441.169,9.609,0.233,31.059249999999956
BGW_analogue_C,127.25,441.094,9.609,0.233,31.117499999999957
BGW_analogue_C,127.5,441.019,9.609,0.233,31.175749999999958
BGW_analogue_C,127.75,440.944,9.609,0.233,31.23399999999996
BGW_analogue_C,128.0,440.869,9.609,0.233,31.29224999999996
BGW_analogue_C,128.25,440.794,9.609,0.233,31.35049999999996
BGW_analogue_C,128.5,440.719,9.609,0.233,31.408749999999962
BGW_analogue_C,128.75,440.645,9.609,0.233,31.466999999999963
BGW_analogue_C,129.0,440.57,9.609,0.233,31.525249999999964
BGW_analogue_C,129.25,440.496,9.609,0.233,31.583499999999965
BGW_analogue_C,129.5,440.421,9.609,0.233,31.641749999999966
BGW_analogue_C,129.75,440.347,9.609,0.233,31.699999999999967
BGW_analogue_C,130.0,440.273,9.609,0.233,31.75824999999997
BGW_analogue_C,130.25,440.199,9.609,0.233,31.81649999999997
BGW_analogue_C,130.5,440.125,9.609,0.232,31.87449999999997
BGW_analogue_C,130.75,440.051,9.609,0.232,31.93249999999997
BGW_analogue_C,131.0,439.978,9.609,0.232,31.99049999999997
BGW_analogue_C,131.25,439.904,9.609,0.232,32.04849999999997
BGW_analogue_C,131.5,439.831,9.609,0.232,32.10649999999997
BGW_analogue_C,131.75,439.757,9.609,0.232,32.16449999999997
BGW_analogue_C,132.0,439.684,9.609,0.232,32.22249999999997
BGW_analogue_C,132.25,439.611,9.609,0.232,32.28049999999997
BGW_analogue_C,132.5,439.537,9.609,0.232,32.33849999999997
BGW_analogue_C,132.75,439.464,9.609,0.232,32.39649999999997
BGW_analogue_C,133.0,439.391,9.609,0.232,32.45449999999997
BGW_analogue_C,133.25,439.319,9.609,0.232,32.51249999999997
BGW_analogue_C,133.5,439.246,9.609,0.232,32.57049999999997
BGW_analogue_C,133.75,439.173,9.609,0.232,32.62849999999997
BGW_analogue_C,134.0,439.101,9.609,0.232,32.68649999999997
BGW_analogue_C,134.25,439.028,9.609,0.232,32.74449999999997
BGW_analogue_C,134.5,438.956,9.609,0.232,32.80249999999997
BGW_analogue_C,134.75,438.883,9.609,0.232,32.860499999999966
BGW_analogue_C,135.0,438.811,9.609,0.232,32.918499999999966
BGW_analogue_C,135.25,438.739,9.609,0.232,32.976499999999966
BGW_analogue_C,135.5,438.667,9.609,0.232,33.034499999999966
BGW_analogue_C,135.75,438.595,9.609,0.232,33.092499999999966
BGW_analogue_C,136.0,438.523,9.609,0.232,33.150499999999965
BGW_analogue_C,136.25,438.452,9.609,0.232,33.208499999999965
BGW_analogue_C,136.5,438.38,9.609,0.232,33.266499999999965
BGW_analogue_C,136.75,438.308,9.609,0.232,33.324499999999965
BGW_analogue_C,137.0,438.237,9.609,0.231,33.382249999999964
BGW_analogue_C,137.25,438.165,9.609,0.231,33.43999999999996
BGW_analogue_C,137.5,438.094,9.609,0.231,33.49774999999996
BGW_analogue_C,137.75,438.023,9.609,0.231,33.55549999999996
BGW_analogue_C,138.0,437.952,9.609,0.231,33.61324999999996
BGW_analogue_C,138.25,437.881,9.609,0.231,33.67099999999996
BGW_analogue_C,138.5,437.81,9.609,0.231,33.728749999999955
BGW_analogue_C,138.75,437.739,9.609,0.231,33.786499999999954
BGW_analogue_C,139.0,437.668,9.609,0.231,33.84424999999995
BGW_analogue_C,139.25,437.598,9.609,0.231,33.90199999999995
BGW_analogue_C,139.5,437.527,9.609,0.231,33.95974999999995
BGW_analogue_C,139.75,437.457,9.609,0.231,34.01749999999995
BGW_analogue_C,140.0,437.386,9.609,0.231,34.07524999999995
BGW_analogue_C,140.25,437.316,9.609,0.231,34.132999999999946
BGW_analogue_C,140.5,437.246,9.609,0.231,34.190749999999944
BGW_analogue_C,140.75,437.175,9.609,0.231,34.24849999999994
BGW_analogue_C,141.0,437.105,9.609,0.231,34.30624999999994
BGW_analogue_C,141.25,437.035,9.609,0.231,34.36399999999994
BGW_analogue_C,141.5,436.966,9.609,0.231,34.42174999999994
BGW_analogue_C,141.75,436.896,9.609,0.231,34.47949999999994
BGW_analogue_C,142.0,436.826,9.609,0.231,34.537249999999936
BGW_analogue_C,142.25,436.756,9.609,0.231,34.594999999999935
BGW_analogue_C,142.5,436.687,9.609,0.231,34.65274999999993
BGW_analogue_C,142.75,436.617,9.609,0.231,34.71049999999993
BGW_analogue_C,143.0,436.548,9.609,0.231,34.76824999999993
BGW_analogue_C,143.25,436.479,9.609,0.23,34.82574999999993
BGW_analogue_C,143.5,436.41,9.609,0.23,34.883249999999926
BGW_analogue_C,143.75,436.34,9.609,0.23,34.94074999999992
BGW_analogue_C,144.0,436.271,9.609,0.23,34.99824999999992
BGW_analogue_C,144.25,436.203,9.609,0.23,35.05574999999992
BGW_analogue_C,144.5,436.134,9.609,0.23,35.113249999999915
BGW_analogue_C,144.75,436.065,9.609,0.23,35.17074999999991
BGW_analogue_C,145.0,435.996,9.609,0.23,35.22824999999991
BGW_analogue_C,145.25,435.928,9.609,0.23,35.28574999999991
BGW_analogue_C,145.5,435.859,9.609,0.23,35.343249999999905
BGW_analogue_C,145.75,435.791,9.609,0.23,35.4007499999999
BGW_analogue_C,146.0,435.722,9.609,0.23,35.4582499999999
BGW_analogue_C,146.25,435.654,9.609,0.23,35.5157499999999
BGW_analogue_C,146.5,435.586,9.609,0.23,35.573249999999895
BGW_analogue_C,146.75,435.518,9.609,0.23,35.63074999999989
BGW_analogue_C,147.0,435.45,9.609,0.23,35.68824999999989
BGW_analogue_C,147.25,435.382,9.609,0.23,35.74574999999989
BGW_analogue_C,147.5,435.314,9.609,0.23,35.803249999999885
BGW_analogue_C,147.75,435.246,9.609,0.23,35.86074999999988
BGW_analogue_C,148.0,435.178,9.609,0.23,35.91824999999988
BGW_analogue_C,148.25,435.111,9.609,0.23,35.97574999999988
BGW_analogue_C,148.5,435.043,9.609,0.23,36.033249999999875
BGW_analogue_C,148.75,434.976,9.609,0.23,36.09074999999987
BGW_analogue_C,149.0,434.908,9.609,0.23,36.14824999999987
BGW_analogue_C,149.25,434.841,9.609,0.23,36.20574999999987
BGW_analogue_C,149.5,434.774,9.609,0.23,36.263249999999864
BGW_analogue_C,149.75,434.707,9.609,0.229,36.32049999999987
BGW_analogue_C,150.0,434.639,9.609,0.229,36.37774999999987
BGW_analogue_C,150.25,434.572,9.609,0.229,36.434999999999874
BGW_analogue_C,150.5,434.506,9.609,0.229,36.49224999999988
BGW_analogue_C,150.75,434.439,9.609,0.229,36.54949999999988
BGW_analogue_C,151.0,434.372,9.609,0.229,36.606749999999884
BGW_analogue_C,151.25,434.305,9.609,0.229,36.66399999999989
BGW_analogue_C,151.5,434.239,9.609,0.229,36.72124999999989
BGW_analogue_C,151.75,434.172,9.609,0.229,36.778499999999894
BGW_analogue_C,152.0,434.106,9.609,0.229,36.8357499999999
BGW_analogue_C,152.25,434.039,9.609,0.229,36.8929999999999
BGW_analogue_C,152.5,433.973,9.609,0.229,36.950249999999905
BGW_analogue_C,152.75,433.907,9.609,0.229,37.00749999999991
BGW_analogue_C,153.0,433.841,9.609,0.229,37.06474999999991
BGW_analogue_C,153.25,433.775,9.609,0.229,37.121999999999915
BGW_analogue_C,153.5,433.709,9.609,0.229,37.17924999999992
BGW_analogue_C,153.75,433.643,9.609,0.229,37.23649999999992
BGW_analogue_C,154.0,433.577,9.609,0.229,37.293749999999925
BGW_analogue_C,154.25,433.511,9.609,0.229,37.35099999999993
BGW_analogue_C,154.5,433.446,9.609,0.229,37.40824999999993
BGW_analogue_C,154.75,433.38,9.609,0.229,37.465499999999935
BGW_analogue_C,155.0,433.314,9.609,0.229,37.52274999999994
BGW_analogue_C,155.25,433.249,9.609,0.229,37.57999999999994
BGW_analogue_C,155.5,433.184,9.609,0.229,37.637249999999945
BGW_analogue_C,155.75,433.118,9.609,0.229,37.69449999999995
BGW_analogue_C,156.0,433.053,9.609,0.229,37.75174999999995
BGW_analogue_C,156.25,432.988,9.609,0.228,37.808749999999954
BGW_analogue_C,156.5,432.923,9.609,0.228,37.865749999999956
BGW_analogue_C,156.75,432.858,9.609,0.228,37.92274999999996
BGW_analogue_C,157.0,432.793,9.609,0.228,37.97974999999996
BGW_analogue_C,157.25,432.728,9.609,0.228,38.03674999999996
BGW_analogue_C,157.5,432.663,9.609,0.228,38.093749999999964
BGW_analogue_C,157.75,432.599,9.609,0.228,38.15074999999997
BGW_analogue_C,158.0,432.534,9.609,0.228,38.20774999999997
BGW_analogue_C,158.25,432.47,9.609,0.228,38.26474999999997
BGW_analogue_C,158.5,432.405,9.609,0.228,38.32174999999997
BGW_analogue_C,158.75,432.341,9.609,0.228,38.378749999999975
BGW_analogue_C,159.0,432.276,9.609,0.228,38.43574999999998
BGW_analogue_C,159.25,432.212,9.609,0.228,38.49274999999998
BGW_analogue_C,159.5,432.148,9.609,0.228,38.54974999999998
BGW_analogue_C,159.75,432.084,9.609,0.228,38.606749999999984
BGW_analogue_C,160.0,432.02,9.609,0.228,38.663749999999986
BGW_analogue_C,160.25,431.956,9.609,0.228,38.72074999999999
BGW_analogue_C,160.5,431.892,9.609,0.228,38.77774999999999
BGW_analogue_C,160.75,431.828,9.609,0.228,38.83474999999999
BGW_analogue_C,161.0,431.764,9.609,0.228,38.891749999999995
BGW_analogue_C,161.25,431.701,9.609,0.228,38.94875
BGW_analogue_C,161.5,431.637,9.609,0.228,39.00575
BGW_analogue_C,161.75,431.573,9.609,0.228,39.06275
BGW_analogue_C,162.0,431.51,9.609,0.228,39.11975
BGW_analogue_C,162.25,431.447,9.609,0.228,39.176750000000006
BGW_analogue_C,162.5,431.383,9.609,0.228,39.23375000000001
BGW_analogue_C,162.75,431.32,9.609,0.227,39.29050000000001
BGW_analogue_C,163.0,431.257,9.609,0.227,39.34725000000001
BGW_analogue_C,163.25,431.194,9.609,0.227,39.40400000000001
BGW_analogue_C,163.5,431.131,9.609,0.227,39.46075000000001
BGW_analogue_C,163.75,431.068,9.609,0.227,39.51750000000001
BGW_analogue_C,164.0,431.005,9.609,0.227,39.57425000000001
BGW_analogue_C,164.25,430.942,9.609,0.227,39.631000000000014
BGW_analogue_C,164.5,430.879,9.609,0.227,39.687750000000015
BGW_analogue_C,164.75,430.816,9.609,0.227,39.744500000000016
BGW_analogue_C,165.0,430.754,9.609,0.227,39.80125000000002
BGW_analogue_C,165.25,430.691,9.609,0.227,39.85800000000002
BGW_analogue_C,165.5,430.629,9.609,0.227,39.91475000000002
BGW_analogue_C,165.75,430.566,9.609,0.227,39.97150000000002
BGW_analogue_C,166.0,430.504,9.609,0.227,40.02825000000002
BGW_analogue_C,166.25,430.442,9.609,0.227,40.08500000000002
BGW_analogue_C,166.5,430.379,9.609,0.227,40.14175000000002
BGW_analogue_C,166.75,430.317,9.609,0.227,40.198500000000024
BGW_analogue_C,167.0,430.255,9.609,0.227,40.255250000000025
BGW_analogue_C,167.25,430.193,9.609,0.227,40.312000000000026
BGW_analogue_C,167.5,430.131,9.609,0.227,40.36875000000003
BGW_analogue_C,167.75,430.069,9.609,0.227,40.42550000000003
BGW_analogue_C,168.0,430.008,9.609,0.227,40.48225000000003
BGW_analogue_C,168.25,429.946,9.609,0.227,40.53900000000003
BGW_analogue_C,168.5,429.884,9.609,0.227,40.59575000000003
BGW_analogue_C,168.75,429.823,9.609,0.227,40.65250000000003
BGW_analogue_C,169.0,429.761,9.609,0.227,40.70925000000003
BGW_analogue_C,169.25,429.7,9.609,0.226,40.76575000000003
BGW_analogue_C,169.5,429.638,9.609,0.226,40.82225000000003
BGW_analogue_C,169.75,429.577,9.609,0.226,40.87875000000003
BGW_analogue_C,170.0,429.516,9.609,0.226,40.93525000000003
BGW_analogue_C,170.25,429.454,9.609,0.226,40.99175000000003
BGW_analogue_C,170.5,429.393,9.609,0.226,41.04825000000003
BGW_analogue_C,170.75,429.332,9.609,0.226,41.10475000000003
BGW_analogue_C,171.0,429.271,9.609,0.226,41.16125000000003
BGW_analogue_C,171.25,429.21,9.609,0.226,41.21775000000003
BGW_analogue_C,171.5,429.149,9.609,0.226,41.27425000000003
BGW_analogue_C,171.75,429.088,9.609,0.226,41.33075000000003
BGW_analogue_C,172.0,429.028,9.609,0.226,41.38725000000003
BGW_analogue_C,172.25,428.967,9.609,0.226,41.44375000000003
BGW_analogue_C,172.5,428.906,9.609,0.226,41.50025000000003
BGW_analogue_C,172.75,428.846,9.609,0.226,41.55675000000003
BGW_analogue_C,173.0,428.785,9.609,0.226,41.61325000000003
BGW_analogue_C,173.25,428.725,9.609,0.226,41.66975000000003
BGW_analogue_C,173.5,428.665,9.609,0.226,41.72625000000003
BGW_analogue_C,173.75,428.604,9.609,0.226,41.78275000000003
BGW_analogue_C,174.0,428.544,9.609,0.226,41.83925000000003
BGW_analogue_C,174.25,428.484,9.609,0.226,41.89575000000003
BGW_analogue_C,174.5,428.424,9.609,0.226,41.95225000000003
BGW_analogue_C,174.75,428.364,9.609,0.226,42.00875000000003
BGW_analogue_C,175.0,428.304,9.609,0.226,42.06525000000003
BGW_analogue_C,175.25,428.244,9.609,0.226,42.12175000000003
BGW_analogue_C,175.5,428.184,9.609,0.226,42.17825000000003
BGW_analogue_C,175.75,428.124,9.609,0.225,42.234500000000025
BGW_analogue_C,176.0,428.064,9.609,0.225,42.290750000000024
BGW_analogue_C,176.25,428.005,9.609,0.225,42.34700000000002
BGW_analogue_C,176.5,427.945,9.609,0.225,42.40325000000002
BGW_analogue_C,176.75,427.886,9.609,0.225,42.45950000000002
BGW_analogue_C,177.0,427.826,9.609,0.225,42.51575000000002
BGW_analogue_C,177.25,427.767,9.609,0.225,42.57200000000002
BGW_analogue_C,177.5,427.707,9.609,0.225,42.628250000000016
BGW_analogue_C,177.75,427.648,9.609,0.225,42.684500000000014
BGW_analogue_C,178.0,427.589,9.609,0.225,42.74075000000001
BGW_analogue_C,178.25,427.53,9.609,0.225,42.79700000000001
BGW_analogue_C,178.5,427.471,9.609,0.225,42.85325000000001
BGW_analogue_C,178.75,427.411,9.609,0.225,42.90950000000001
BGW_analogue_C,179.0,427.353,9.609,0.225,42.96575000000001
BGW_analogue_C,179.25,427.294,9.609,0.225,43.022000000000006
BGW_analogue_C,179.5,427.235,9.609,0.225,43.078250000000004
BGW_analogue_C,179.75,427.176,9.609,0.225,43.1345
