case_id,t_sec_within_stroke,surface_position_ft,pump_position_ft,surface_load_lbf,pump_load_lbf
Case1_Lufkin_C114,0.0,0.11716,0.075,2054.95,2638.59
Case1_Lufkin_C114,0.00529,0.12319,0.08097,2054.15,2638.68
Case1_Lufkin_C114,0.01058,0.12937,0.08708,2053.39,2638.75
Case1_Lufkin_C114,0.01587,0.13569,0.09335,2052.7,2638.8
Case1_Lufkin_C114,0.02116,0.14216,0.09976,2052.07,2638.85
Case1_Lufkin_C114,0.02646,0.14877,0.10632,2051.5,2638.88
Case1_Lufkin_C114,0.03175,0.15553,0.11303,2050.96,2638.85
Case1_Lufkin_C114,0.03704,0.16244,0.11988,2050.41,2638.81
Case1_Lufkin_C114,0.04233,0.16949,0.12687,2049.84,2638.82
Case1_Lufkin_C114,0.04762,0.17668,0.13401,2049.23,2638.87
Case1_Lufkin_C114,0.05291,0.18401,0.1413,2048.65,2638.87
Case1_Lufkin_C114,0.0582,0.19149,0.14872,2048.11,2638.88
Case1_Lufkin_C114,0.06349,0.19911,0.15629,2047.57,2638.93
Case1_Lufkin_C114,0.06878,0.20687,0.164,2046.97,2638.98
Case1_Lufkin_C114,0.07407,0.21478,0.17185,2046.27,2639.03
Case1_Lufkin_C114,0.07937,0.22282,0.17984,2045.46,2639.05
Case1_Lufkin_C114,0.08466,0.231,0.18798,2044.56,2639.03
Case1_Lufkin_C114,0.08995,0.23933,0.19625,2043.64,2638.98
Case1_Lufkin_C114,0.09524,0.24779,0.20467,2042.75,2638.97
Case1_Lufkin_C114,0.10053,0.25639,0.21322,2041.86,2639.0
Case1_Lufkin_C114,0.10582,0.26513,0.22191,2040.94,2639.05
Case1_Lufkin_C114,0.11111,0.274,0.23073,2040.02,2639.09
Case1_Lufkin_C114,0.1164,0.28301,0.2397,2039.19,2639.09
Case1_Lufkin_C114,0.12169,0.29216,0.2488,2038.52,2639.09
Case1_Lufkin_C114,0.12698,0.30144,0.25803,2037.98,2639.09
Case1_Lufkin_C114,0.13228,0.31086,0.2674,2037.53,2639.08
Case1_Lufkin_C114,0.13757,0.32041,0.27691,2037.12,2639.08
Case1_Lufkin_C114,0.14286,0.3301,0.28655,2036.76,2639.08
Case1_Lufkin_C114,0.14815,0.33991,0.29632,2036.41,2639.1
Case1_Lufkin_C114,0.15344,0.34986,0.30623,2036.0,2639.14
Case1_Lufkin_C114,0.15873,0.35994,0.31626,2035.54,2639.17
Case1_Lufkin_C114,0.16402,0.37015,0.32643,2035.13,2639.2
Case1_Lufkin_C114,0.16931,0.38049,0.33673,2034.81,2639.2
Case1_Lufkin_C114,0.1746,0.39096,0.34716,2034.51,2639.2
Case1_Lufkin_C114,0.17989,0.40156,0.35772,2034.24,2639.24
Case1_Lufkin_C114,0.18519,0.41229,0.36841,2034.06,2639.31
Case1_Lufkin_C114,0.19048,0.42314,0.37923,2034.01,2639.38
Case1_Lufkin_C114,0.19577,0.43412,0.39018,2034.01,2639.44
Case1_Lufkin_C114,0.20106,0.44522,0.40126,2033.99,2639.49
Case1_Lufkin_C114,0.20635,0.45645,0.41248,2033.95,2639.5
Case1_Lufkin_C114,0.21164,0.4678,0.42382,2033.88,2639.49
Case1_Lufkin_C114,0.21693,0.47928,0.43529,2033.82,2639.5
Case1_Lufkin_C114,0.22222,0.49088,0.44688,2033.88,2639.52
Case1_Lufkin_C114,0.22751,0.5026,0.45861,2034.06,2639.51
Case1_Lufkin_C114,0.2328,0.51444,0.47046,2034.28,2639.45
Case1_Lufkin_C114,0.2381,0.5264,0.48244,2034.51,2639.37
Case1_Lufkin_C114,0.24339,0.53848,0.49454,2034.77,2639.32
Case1_Lufkin_C114,0.24868,0.55068,0.50677,2035.05,2639.29
Case1_Lufkin_C114,0.25397,0.56299,0.51911,2035.36,2639.28
Case1_Lufkin_C114,0.25926,0.57542,0.53158,2035.7,2639.28
Case1_Lufkin_C114,0.26455,0.58797,0.54417,2036.1,2639.29
Case1_Lufkin_C114,0.26984,0.60063,0.55688,2036.59,2639.31
Case1_Lufkin_C114,0.27513,0.61341,0.5697,2037.18,2639.32
Case1_Lufkin_C114,0.28042,0.6263,0.58265,2037.86,2639.28
Case1_Lufkin_C114,0.28571,0.6393,0.59571,2038.6,2639.23
Case1_Lufkin_C114,0.29101,0.65241,0.60889,2039.4,2639.21
Case1_Lufkin_C114,0.2963,0.66563,0.62219,2040.28,2639.19
Case1_Lufkin_C114,0.30159,0.67897,0.6356,2041.29,2639.13
Case1_Lufkin_C114,0.30688,0.69241,0.64913,2042.5,2639.06
Case1_Lufkin_C114,0.31217,0.70596,0.66276,2043.87,2639.04
Case1_Lufkin_C114,0.31746,0.71961,0.67651,2045.37,2639.06
Case1_Lufkin_C114,0.32275,0.73337,0.69037,2046.95,2639.07
Case1_Lufkin_C114,0.32804,0.74724,0.70434,2048.6,2639.05
Case1_Lufkin_C114,0.33333,0.76121,0.71842,2050.3,2639.0
Case1_Lufkin_C114,0.33862,0.77528,0.73261,2052.06,2638.93
Case1_Lufkin_C114,0.34392,0.78945,0.7469,2053.89,2638.86
Case1_Lufkin_C114,0.34921,0.80373,0.7613,2055.73,2638.83
Case1_Lufkin_C114,0.3545,0.8181,0.77581,2057.5,2638.83
Case1_Lufkin_C114,0.35979,0.83258,0.79042,2059.2,2638.8
Case1_Lufkin_C114,0.36508,0.84715,0.80513,2060.91,2638.75
Case1_Lufkin_C114,0.37037,0.86182,0.81994,2062.68,2638.72
Case1_Lufkin_C114,0.37566,0.87658,0.83486,2064.52,2638.68
Case1_Lufkin_C114,0.38095,0.89144,0.84987,2066.44,2638.61
Case1_Lufkin_C114,0.38624,0.90639,0.86499,2068.45,2638.53
Case1_Lufkin_C114,0.39153,0.92144,0.8802,2070.57,2638.46
Case1_Lufkin_C114,0.39683,0.93658,0.89551,2072.74,2638.39
Case1_Lufkin_C114,0.40212,0.95181,0.91091,2074.91,2638.34
Case1_Lufkin_C114,0.40741,0.96712,0.92641,2077.08,2638.28
Case1_Lufkin_C114,0.4127,0.98253,0.942,2079.29,2638.18
Case1_Lufkin_C114,0.41799,0.99802,0.95768,2081.53,2638.07
Case1_Lufkin_C114,0.42328,1.0136,0.97345,2083.76,2637.94
Case1_Lufkin_C114,0.42857,1.02927,0.9893,2085.98,2637.83
Case1_Lufkin_C114,0.43386,1.04502,1.00524,2088.29,2637.75
Case1_Lufkin_C114,0.43915,1.06085,1.02127,2090.74,2637.68
Case1_Lufkin_C114,0.44444,1.07677,1.03737,2093.28,2637.62
Case1_Lufkin_C114,0.44974,1.09277,1.05356,2095.83,2637.55
Case1_Lufkin_C114,0.45503,1.10884,1.06983,2098.36,2637.48
Case1_Lufkin_C114,0.46032,1.125,1.08617,2100.88,2637.43
Case1_Lufkin_C114,0.46561,1.14123,1.1026,2103.41,2637.4
Case1_Lufkin_C114,0.4709,1.15754,1.1191,2106.0,2637.4
Case1_Lufkin_C114,0.47619,1.17393,1.13568,2108.68,2637.39
Case1_Lufkin_C114,0.48148,1.19039,1.15233,2111.41,2637.32
Case1_Lufkin_C114,0.48677,1.20692,1.16906,2114.15,2637.22
Case1_Lufkin_C114,0.49206,1.22353,1.18586,2116.93,2637.14
Case1_Lufkin_C114,0.49735,1.2402,1.20273,2119.73,2637.06
Case1_Lufkin_C114,0.50265,1.25695,1.21968,2122.53,2636.96
Case1_Lufkin_C114,0.50794,1.27376,1.23669,2125.28,2636.87
Case1_Lufkin_C114,0.51323,1.29064,1.25377,2128.04,2636.81
Case1_Lufkin_C114,0.51852,1.30759,1.27092,2130.81,2636.76
Case1_Lufkin_C114,0.52381,1.3246,1.28813,2133.59,2636.71
Case1_Lufkin_C114,0.5291,1.34168,1.30541,2136.35,2636.64
Case1_Lufkin_C114,0.53439,1.35882,1.32275,2139.06,2636.57
Case1_Lufkin_C114,0.53968,1.37602,1.34015,2141.67,2636.52
Case1_Lufkin_C114,0.54497,1.39328,1.35761,2144.19,2636.45
Case1_Lufkin_C114,0.55026,1.4106,1.37514,2146.69,2636.34
Case1_Lufkin_C114,0.55556,1.42798,1.39272,2149.2,2636.21
Case1_Lufkin_C114,0.56085,1.44542,1.41036,2151.72,2636.13
Case1_Lufkin_C114,0.56614,1.46291,1.42805,2154.28,2636.08
Case1_Lufkin_C114,0.57143,1.48045,1.4458,2156.85,2636.04
Case1_Lufkin_C114,0.57672,1.49805,1.4636,2159.45,2635.97
Case1_Lufkin_C114,0.58201,1.5157,1.48146,2162.13,2635.89
Case1_Lufkin_C114,0.5873,1.53341,1.49936,2164.92,2635.79
Case1_Lufkin_C114,0.59259,1.55116,1.51732,2167.82,2635.69
Case1_Lufkin_C114,0.59788,1.56895,1.53532,2170.8,2635.6
Case1_Lufkin_C114,0.60317,1.5868,1.55337,2173.77,2635.54
Case1_Lufkin_C114,0.60847,1.60469,1.57147,2176.7,2635.47
Case1_Lufkin_C114,0.61376,1.62263,1.58961,2179.62,2635.39
Case1_Lufkin_C114,0.61905,1.64061,1.6078,2182.56,2635.33
Case1_Lufkin_C114,0.62434,1.65863,1.62603,2185.48,2635.28
Case1_Lufkin_C114,0.62963,1.67669,1.6443,2188.41,2635.21
Case1_Lufkin_C114,0.63492,1.6948,1.66261,2191.4,2635.12
Case1_Lufkin_C114,0.64021,1.71294,1.68096,2194.47,2635.06
Case1_Lufkin_C114,0.6455,1.73111,1.69936,2197.59,2635.02
Case1_Lufkin_C114,0.65079,1.74933,1.71778,2200.74,2634.98
Case1_Lufkin_C114,0.65608,1.76758,1.73625,2203.92,2634.96
Case1_Lufkin_C114,0.66138,1.78586,1.75475,2207.15,2634.92
Case1_Lufkin_C114,0.66667,1.80417,1.77329,2210.39,2634.85
Case1_Lufkin_C114,0.67196,1.82252,1.79187,2213.59,2634.75
Case1_Lufkin_C114,0.67725,1.84089,1.81048,2216.74,2634.66
Case1_Lufkin_C114,0.68254,1.85929,1.82912,2219.95,2634.58
Case1_Lufkin_C114,0.68783,1.87772,1.84779,2223.27,2634.48
Case1_Lufkin_C114,0.69312,1.89618,1.86649,2226.66,2634.37
Case1_Lufkin_C114,0.69841,1.91465,1.88522,2230.07,2634.24
Case1_Lufkin_C114,0.7037,1.93316,1.90398,2233.48,2634.1
Case1_Lufkin_C114,0.70899,1.95168,1.92277,2236.88,2633.97
Case1_Lufkin_C114,0.71429,1.97023,1.94157,2240.29,2633.88
Case1_Lufkin_C114,0.71958,1.98879,1.9604,2243.74,2633.81
Case1_Lufkin_C114,0.72487,2.00737,1.97925,2247.24,2633.74
Case1_Lufkin_C114,0.73016,2.02597,1.99813,2250.8,2633.66
Case1_Lufkin_C114,0.73545,2.04459,2.01702,2254.41,2633.57
Case1_Lufkin_C114,0.74074,2.06322,2.03592,2258.08,2633.48
Case1_Lufkin_C114,0.74603,2.08186,2.05485,2261.84,2633.38
Case1_Lufkin_C114,0.75132,2.10051,2.07379,2265.66,2633.26
Case1_Lufkin_C114,0.75661,2.11917,2.09275,2269.5,2633.12
Case1_Lufkin_C114,0.7619,2.13785,2.11171,2273.43,2633.02
Case1_Lufkin_C114,0.7672,2.15653,2.13069,2277.49,2632.92
Case1_Lufkin_C114,0.77249,2.17521,2.14968,2281.67,2632.81
Case1_Lufkin_C114,0.77778,2.19391,2.16868,2285.97,2632.7
Case1_Lufkin_C114,0.78307,2.2126,2.18768,2290.35,2632.62
Case1_Lufkin_C114,0.78836,2.2313,2.20669,2294.76,2632.55
Case1_Lufkin_C114,0.79365,2.25,2.22571,2299.18,2632.45
Case1_Lufkin_C114,0.79894,2.2687,2.24473,2303.62,2632.32
Case1_Lufkin_C114,0.80423,2.2874,2.26375,2308.11,2632.16
Case1_Lufkin_C114,0.80952,2.30609,2.28277,2312.6,2632.04
Case1_Lufkin_C114,0.81481,2.32479,2.30179,2317.05,2631.95
Case1_Lufkin_C114,0.82011,2.34347,2.32081,2321.46,2631.86
Case1_Lufkin_C114,0.8254,2.36215,2.33983,2325.84,2631.76
Case1_Lufkin_C114,0.83069,2.38083,2.35884,2330.21,2631.64
Case1_Lufkin_C114,0.83598,2.39949,2.37785,2334.64,2631.52
Case1_Lufkin_C114,0.84127,2.41814,2.39685,2339.17,2631.39
Case1_Lufkin_C114,0.84656,2.43678,2.41584,2343.76,2631.26
Case1_Lufkin_C114,0.85185,2.45541,2.43482,2348.39,2631.13
Case1_Lufkin_C114,0.85714,2.47403,2.45379,2353.04,2630.99
Case1_Lufkin_C114,0.86243,2.49263,2.47275,2357.72,2630.85
Case1_Lufkin_C114,0.86772,2.51121,2.49169,2362.4,2630.72
Case1_Lufkin_C114,0.87302,2.52977,2.51062,2367.06,2630.59
Case1_Lufkin_C114,0.87831,2.54832,2.52952,2371.7,2630.43
Case1_Lufkin_C114,0.8836,2.56684,2.54841,2376.36,2630.25
Case1_Lufkin_C114,0.88889,2.58535,2.56728,2381.06,2630.07
Case1_Lufkin_C114,0.89418,2.60382,2.58612,2385.78,2629.93
Case1_Lufkin_C114,0.89947,2.62228,2.60494,2390.52,2629.8
Case1_Lufkin_C114,0.90476,2.64071,2.62373,2395.32,2629.68
Case1_Lufkin_C114,0.91005,2.65911,2.6425,2400.2,2629.56
Case1_Lufkin_C114,0.91534,2.67748,2.66123,2405.07,2629.45
Case1_Lufkin_C114,0.92063,2.69583,2.67993,2409.89,2629.32
Case1_Lufkin_C114,0.92593,2.71414,2.69861,2414.67,2629.21
Case1_Lufkin_C114,0.93122,2.73242,2.71725,2419.47,2629.13
Case1_Lufkin_C114,0.93651,2.75067,2.73585,2424.33,2629.05
Case1_Lufkin_C114,0.9418,2.76889,2.75442,2429.25,2628.94
Case1_Lufkin_C114,0.94709,2.78706,2.77296,2434.18,2628.8
Case1_Lufkin_C114,0.95238,2.8052,2.79146,2439.09,2628.65
Case1_Lufkin_C114,0.95767,2.82331,2.80992,2444.0,2628.49
Case1_Lufkin_C114,0.96296,2.84137,2.82834,2448.89,2628.35
Case1_Lufkin_C114,0.96825,2.85939,2.84672,2453.75,2628.23
Case1_Lufkin_C114,0.97354,2.87737,2.86505,2458.6,2628.11
Case1_Lufkin_C114,0.97884,2.89531,2.88334,2463.42,2627.98
Case1_Lufkin_C114,0.98413,2.9132,2.90159,2468.21,2627.87
Case1_Lufkin_C114,0.98942,2.93105,2.91978,2472.98,2627.76
Case1_Lufkin_C114,0.99471,2.94884,2.93793,2477.72,2627.65
Case1_Lufkin_C114,1.0,2.96659,2.95604,2482.38,2627.52
Case1_Lufkin_C114,1.00529,2.9843,2.97409,2486.95,2627.38
Case1_Lufkin_C114,1.01058,3.00195,2.99209,2491.44,2627.24
Case1_Lufkin_C114,1.01587,3.01955,3.01003,2495.92,2627.11
Case1_Lufkin_C114,1.02116,3.03709,3.02793,2500.42,2626.96
Case1_Lufkin_C114,1.02646,3.05458,3.04577,2504.93,2626.82
Case1_Lufkin_C114,1.03175,3.07202,3.06355,2509.46,2626.71
Case1_Lufkin_C114,1.03704,3.0894,3.08127,2514.0,2626.63
Case1_Lufkin_C114,1.04233,3.10672,3.09893,2518.56,2626.52
Case1_Lufkin_C114,1.04762,3.12398,3.11653,2523.17,2626.36
Case1_Lufkin_C114,1.05291,3.14118,3.13408,2527.85,2626.21
Case1_Lufkin_C114,1.0582,3.15832,3.15156,2532.59,2626.07
Case1_Lufkin_C114,1.06349,3.1754,3.16897,2537.32,2625.95
Case1_Lufkin_C114,1.06878,3.19241,3.18632,2542.02,2625.84
Case1_Lufkin_C114,1.07407,3.20936,3.20361,2546.66,2625.73
Case1_Lufkin_C114,1.07937,3.22624,3.22082,2551.26,2625.61
Case1_Lufkin_C114,1.08466,3.24305,3.23797,2555.85,2625.5
Case1_Lufkin_C114,1.08995,3.2598,3.25505,2560.46,2625.4
Case1_Lufkin_C114,1.09524,3.27647,3.27206,2565.09,2625.28
Case1_Lufkin_C114,1.10053,3.29308,3.289,2569.73,2625.17
Case1_Lufkin_C114,1.10582,3.30961,3.30587,2574.39,2625.07
Case1_Lufkin_C114,1.11111,3.32607,3.32266,2579.09,2624.98
Case1_Lufkin_C114,1.1164,3.34246,3.33938,2583.81,2624.89
Case1_Lufkin_C114,1.12169,3.35877,3.35603,2588.5,2624.82
Case1_Lufkin_C114,1.12698,3.375,3.3726,2593.16,2624.72
Case1_Lufkin_C114,1.13228,3.39116,3.38909,2597.82,2624.58
Case1_Lufkin_C114,1.13757,3.40723,3.40551,2602.46,2624.44
Case1_Lufkin_C114,1.14286,3.42323,3.42185,2607.07,2624.31
Case1_Lufkin_C114,1.14815,3.43915,3.43811,2611.69,2624.18
Case1_Lufkin_C114,1.15344,3.45498,3.45429,2616.36,2624.04
Case1_Lufkin_C114,1.15873,3.47073,3.47039,2621.08,2623.9
Case1_Lufkin_C114,1.16402,3.4864,3.48641,2625.82,2623.74
Case1_Lufkin_C114,1.16931,3.50198,3.50234,2630.48,2623.58
Case1_Lufkin_C114,1.1746,3.51747,3.51819,2635.1,2623.44
Case1_Lufkin_C114,1.17989,3.53288,3.53395,2639.74,2623.33
Case1_Lufkin_C114,1.18519,3.54819,3.54962,2644.41,2623.24
Case1_Lufkin_C114,1.19048,3.56342,3.56521,2649.11,2623.14
Case1_Lufkin_C114,1.19577,3.57856,3.5807,2653.83,2623.02
Case1_Lufkin_C114,1.20106,3.59361,3.5961,2658.58,2622.89
Case1_Lufkin_C114,1.20635,3.60856,3.61142,2663.36,2622.75
Case1_Lufkin_C114,1.21164,3.62342,3.62664,2668.17,2622.61
Case1_Lufkin_C114,1.21693,3.63818,3.64176,2673.01,2622.47
Case1_Lufkin_C114,1.22222,3.65285,3.6568,2677.88,2622.34
Case1_Lufkin_C114,1.22751,3.66742,3.67173,2682.81,2622.19
Case1_Lufkin_C114,1.2328,3.6819,3.68657,2687.8,2622.07
Case1_Lufkin_C114,1.2381,3.69627,3.70131,2692.87,2621.96
Case1_Lufkin_C114,1.24339,3.71055,3.71596,2697.99,2621.85
Case1_Lufkin_C114,1.24868,3.72472,3.7305,2703.14,2621.72
Case1_Lufkin_C114,1.25397,3.73879,3.74494,2708.27,2621.6
Case1_Lufkin_C114,1.25926,3.75276,3.75928,2713.35,2621.48
Case1_Lufkin_C114,1.26455,3.76663,3.77352,2718.43,2621.34
Case1_Lufkin_C114,1.26984,3.78039,3.78765,2723.51,2621.18
Case1_Lufkin_C114,1.27513,3.79404,3.80168,2728.54,2621.03
Case1_Lufkin_C114,1.28042,3.80759,3.8156,2733.53,2620.92
Case1_Lufkin_C114,1.28571,3.82103,3.82942,2738.47,2620.83
Case1_Lufkin_C114,1.29101,3.83437,3.84313,2743.38,2620.72
Case1_Lufkin_C114,1.2963,3.84759,3.85673,2748.27,2620.57
Case1_Lufkin_C114,1.30159,3.8607,3.87022,2753.22,2620.41
Case1_Lufkin_C114,1.30688,3.8737,3.8836,2758.22,2620.28
Case1_Lufkin_C114,1.31217,3.88659,3.89687,2763.24,2620.14
Case1_Lufkin_C114,1.31746,3.89937,3.91002,2768.25,2620.0
Case1_Lufkin_C114,1.32275,3.91203,3.92307,2773.23,2619.85
Case1_Lufkin_C114,1.32804,3.92458,3.93599,2778.19,2619.71
Case1_Lufkin_C114,1.33333,3.93701,3.9488,2783.12,2619.57
Case1_Lufkin_C114,1.33862,3.94932,3.9615,2788.03,2619.41
Case1_Lufkin_C114,1.34392,3.96152,3.97407,2792.91,2619.25
Case1_Lufkin_C114,1.34921,3.9736,3.98652,2797.77,2619.09
Case1_Lufkin_C114,1.3545,3.98556,3.99886,2802.64,2618.93
Case1_Lufkin_C114,1.35979,3.9974,4.01107,2807.52,2618.79
Case1_Lufkin_C114,1.36508,4.00912,4.02316,2812.42,2618.66
Case1_Lufkin_C114,1.37037,4.02072,4.03512,2817.32,2618.55
Case1_Lufkin_C114,1.37566,4.0322,4.04696,2822.18,2618.44
Case1_Lufkin_C114,1.38095,4.04355,4.05867,2827.04,2618.32
Case1_Lufkin_C114,1.38624,4.05478,4.07026,2831.86,2618.2
Case1_Lufkin_C114,1.39153,4.06588,4.08172,2836.62,2618.1
Case1_Lufkin_C114,1.39683,4.07686,4.09305,2841.35,2618.01
Case1_Lufkin_C114,1.40212,4.08771,4.10425,2846.12,2617.9
Case1_Lufkin_C114,1.40741,4.09844,4.11533,2850.92,2617.78
Case1_Lufkin_C114,1.4127,4.10904,4.12627,2855.7,2617.64
Case1_Lufkin_C114,1.41799,4.11951,4.13709,2860.41,2617.49
Case1_Lufkin_C114,1.42328,4.12985,4.14777,2865.06,2617.34
Case1_Lufkin_C114,1.42857,4.14006,4.15832,2869.68,2617.22
Case1_Lufkin_C114,1.43386,4.15014,4.16874,2874.27,2617.11
Case1_Lufkin_C114,1.43915,4.16009,4.17902,2878.81,2617.0
Case1_Lufkin_C114,1.44444,4.1699,4.18917,2883.29,2616.89
Case1_Lufkin_C114,1.44974,4.17959,4.19918,2887.72,2616.78
Case1_Lufkin_C114,1.45503,4.18914,4.20906,2892.09,2616.68
Case1_Lufkin_C114,1.46032,4.19856,4.2188,2896.4,2616.56
Case1_Lufkin_C114,1.46561,4.20784,4.22841,2900.61,2616.44
Case1_Lufkin_C114,1.4709,4.21699,4.23787,2904.75,2616.32
Case1_Lufkin_C114,1.47619,4.226,4.2472,2908.82,2616.18
Case1_Lufkin_C114,1.48148,4.23487,4.25639,2912.86,2616.06
Case1_Lufkin_C114,1.48677,4.24361,4.26544,2916.91,2615.95
Case1_Lufkin_C114,1.49206,4.25221,4.27434,2920.96,2615.84
Case1_Lufkin_C114,1.49735,4.26067,4.28311,2925.01,2615.74
Case1_Lufkin_C114,1.50265,4.269,4.29173,2929.03,2615.64
Case1_Lufkin_C114,1.50794,4.27718,4.30022,2933.05,2615.54
Case1_Lufkin_C114,1.51323,4.28522,4.30856,2937.09,2615.43
Case1_Lufkin_C114,1.51852,4.29313,4.31675,2941.15,2615.28
Case1_Lufkin_C114,1.52381,4.30089,4.3248,2945.2,2615.16
Case1_Lufkin_C114,1.5291,4.30851,4.33271,2949.2,2615.07
Case1_Lufkin_C114,1.53439,4.31599,4.34047,2953.13,2614.99
Case1_Lufkin_C114,1.53968,4.32332,4.34809,2957.0,2614.9
Case1_Lufkin_C114,1.54497,4.33051,4.35556,2960.81,2614.8
Case1_Lufkin_C114,1.55026,4.33756,4.36289,2964.59,2614.7
Case1_Lufkin_C114,1.55556,4.34447,4.37006,2968.39,2614.62
Case1_Lufkin_C114,1.56085,4.35123,4.3771,2972.19,2614.54
Case1_Lufkin_C114,1.56614,4.35784,4.38398,2975.96,2614.45
Case1_Lufkin_C114,1.57143,4.36431,4.39072,2979.72,2614.37
Case1_Lufkin_C114,1.57672,4.37063,4.39731,2983.47,2614.3
Case1_Lufkin_C114,1.58201,4.37681,4.40375,2987.19,2614.23
Case1_Lufkin_C114,1.5873,4.38284,4.41005,2990.86,2614.15
Case1_Lufkin_C114,1.59259,4.38872,4.41619,2994.49,2614.06
Case1_Lufkin_C114,1.59788,4.39445,4.42219,2998.08,2613.96
Case1_Lufkin_C114,1.60317,4.40004,4.42804,3001.62,2613.84
Case1_Lufkin_C114,1.60847,4.40548,4.43375,3005.15,2613.73
Case1_Lufkin_C114,1.61376,4.41077,4.4393,3008.68,2613.63
Case1_Lufkin_C114,1.61905,4.4159,4.4447,3012.2,2613.53
Case1_Lufkin_C114,1.62434,4.42089,4.44995,3015.71,2613.42
Case1_Lufkin_C114,1.62963,4.42573,4.45505,3019.19,2613.3
Case1_Lufkin_C114,1.63492,4.43042,4.46,3022.63,2613.19
Case1_Lufkin_C114,1.64021,4.43496,4.4648,3025.99,2613.1
Case1_Lufkin_C114,1.6455,4.43935,4.46944,3029.32,2613.03
Case1_Lufkin_C114,1.65079,4.44359,4.47394,3032.67,2612.96
Case1_Lufkin_C114,1.65608,4.44767,4.47828,3036.06,2612.89
Case1_Lufkin_C114,1.66138,4.45161,4.48246,3039.44,2612.8
Case1_Lufkin_C114,1.66667,4.45539,4.4865,3042.78,2612.7
Case1_Lufkin_C114,1.67196,4.45902,4.49038,3046.12,2612.59
Case1_Lufkin_C114,1.67725,4.46249,4.49411,3049.48,2612.49
Case1_Lufkin_C114,1.68254,4.46582,4.49768,3052.85,2612.4
Case1_Lufkin_C114,1.68783,4.46899,4.5011,3056.22,2612.32
Case1_Lufkin_C114,1.69312,4.47201,4.50437,3059.61,2612.22
Case1_Lufkin_C114,1.69841,4.47487,4.50748,3063.02,2612.14
Case1_Lufkin_C114,1.7037,4.47758,4.51043,3066.46,2612.07
Case1_Lufkin_C114,1.70899,4.48014,4.51323,3069.9,2612.0
Case1_Lufkin_C114,1.71429,4.48254,4.51588,3073.29,2611.92
Case1_Lufkin_C114,1.71958,4.48479,4.51837,3076.64,2611.83
Case1_Lufkin_C114,1.72487,4.48688,4.5207,3079.93,2611.74
Case1_Lufkin_C114,1.73016,4.48882,4.52288,3083.17,2611.64
Case1_Lufkin_C114,1.73545,4.4906,4.52491,3086.36,2611.56
Case1_Lufkin_C114,1.74074,4.49223,4.52678,3089.52,2611.48
Case1_Lufkin_C114,1.74603,4.49371,4.52849,3092.62,2611.4
Case1_Lufkin_C114,1.75132,4.49503,4.53004,3095.66,2611.34
Case1_Lufkin_C114,1.75661,4.49619,4.53144,3098.65,2611.28
Case1_Lufkin_C114,1.7619,4.4972,4.53268,3101.64,2611.19
Case1_Lufkin_C114,1.7672,4.49806,4.53377,3104.65,2611.08
Case1_Lufkin_C114,1.77249,4.49876,4.5347,3107.67,2610.98
Case1_Lufkin_C114,1.77778,4.4993,4.53547,3110.66,2610.9
Case1_Lufkin_C114,1.78307,4.49969,4.53608,3113.61,2610.83
Case1_Lufkin_C114,1.78836,4.49992,4.53654,3116.5,2610.74
Case1_Lufkin_C114,1.79365,4.5,4.53684,3119.34,2610.64
Case1_Lufkin_C114,1.79894,4.49992,4.53698,3122.12,2610.54
Case1_Lufkin_C114,1.80423,4.49969,4.53696,3124.88,2610.46
Case1_Lufkin_C114,1.80952,4.4993,4.53679,3127.61,2610.36
Case1_Lufkin_C114,1.81481,4.49876,4.53645,3130.29,2610.27
Case1_Lufkin_C114,1.82011,4.49806,4.53596,3132.96,2610.18
Case1_Lufkin_C114,1.8254,4.4972,4.5353,3135.62,2610.11
Case1_Lufkin_C114,1.83069,4.49619,4.53449,3138.26,2610.05
Case1_Lufkin_C114,1.83598,4.49503,4.53352,3140.86,2610.01
Case1_Lufkin_C114,1.84127,4.49371,4.53239,3143.41,2609.95
Case1_Lufkin_C114,1.84656,4.49223,4.5311,3145.91,2609.9
Case1_Lufkin_C114,1.85185,4.4906,4.52965,3148.35,2609.84
Case1_Lufkin_C114,1.85714,4.48882,4.52804,3150.75,2609.79
Case1_Lufkin_C114,1.86243,4.48688,4.52628,3153.12,2609.74
Case1_Lufkin_C114,1.86772,4.48479,4.52436,3155.48,2609.7
Case1_Lufkin_C114,1.87302,4.48254,4.52228,3157.82,2609.63
Case1_Lufkin_C114,1.87831,4.48014,4.52004,3160.11,2609.55
Case1_Lufkin_C114,1.8836,4.47758,4.51764,3162.35,2609.47
Case1_Lufkin_C114,1.88889,4.47487,4.51509,3164.48,2609.4
Case1_Lufkin_C114,1.89418,4.47201,4.51238,3166.54,2609.35
Case1_Lufkin_C114,1.89947,4.46899,4.50951,3168.56,2609.31
Case1_Lufkin_C114,1.90476,4.46582,4.50649,3170.55,2609.27
Case1_Lufkin_C114,1.91005,4.46249,4.5033,3172.46,2609.23
Case1_Lufkin_C114,1.91534,4.45902,4.49996,3174.27,2609.18
Case1_Lufkin_C114,1.92063,4.45539,4.49647,3176.01,2609.13
Case1_Lufkin_C114,1.92593,4.45161,4.49282,3177.68,2609.08
Case1_Lufkin_C114,1.93122,4.44767,4.48901,3179.27,2609.03
Case1_Lufkin_C114,1.93651,4.44359,4.48505,3180.77,2608.98
Case1_Lufkin_C114,1.9418,4.43935,4.48093,3182.22,2608.92
Case1_Lufkin_C114,1.94709,4.43496,4.47665,3183.64,2608.87
Case1_Lufkin_C114,1.95238,4.43042,4.47223,3185.05,2608.84
Case1_Lufkin_C114,1.95767,4.42573,4.46764,3186.45,2608.81
Case1_Lufkin_C114,1.96296,4.42089,4.46291,3187.82,2608.77
Case1_Lufkin_C114,1.96825,4.4159,4.45801,3189.16,2608.74
Case1_Lufkin_C114,1.97354,4.41077,4.45297,3190.48,2608.7
Case1_Lufkin_C114,1.97884,4.40548,4.44777,3191.77,2608.66
Case1_Lufkin_C114,1.98413,4.40004,4.44242,3193.04,2608.61
Case1_Lufkin_C114,1.98942,4.39445,4.43692,3194.27,2608.57
Case1_Lufkin_C114,1.99471,4.38872,4.43126,3195.44,2608.55
Case1_Lufkin_C114,2.0,4.38284,4.42546,3196.52,2608.54
Case1_Lufkin_C114,2.00529,4.37681,4.4195,3197.52,2608.53
Case1_Lufkin_C114,2.01058,4.37063,4.41339,3198.48,2608.51
Case1_Lufkin_C114,2.01587,4.36431,4.40713,3199.43,2608.48
Case1_Lufkin_C114,2.02116,4.35784,4.40073,3200.36,2608.46
Case1_Lufkin_C114,2.02646,4.35123,4.39417,3201.26,2608.46
Case1_Lufkin_C114,2.03175,4.34447,4.38747,3202.14,2608.47
Case1_Lufkin_C114,2.03704,4.33756,4.38062,3202.97,2608.46
Case1_Lufkin_C114,2.04233,4.33051,4.37362,3203.75,2608.44
Case1_Lufkin_C114,2.04762,4.32332,4.36648,3204.48,2608.44
Case1_Lufkin_C114,2.05291,4.31599,4.35919,3205.17,2608.44
Case1_Lufkin_C114,2.0582,4.30851,4.35175,3205.8,2608.42
Case1_Lufkin_C114,2.06349,4.30089,4.34418,3206.37,2608.38
Case1_Lufkin_C114,2.06878,4.29313,4.33646,3206.91,2608.35
Case1_Lufkin_C114,2.07407,4.28522,4.3286,3207.42,2608.32
Case1_Lufkin_C114,2.07937,4.27718,4.32059,3207.92,2608.3
Case1_Lufkin_C114,2.08466,4.269,4.31244,3208.38,2608.28
Case1_Lufkin_C114,2.08995,4.26067,4.30415,3208.8,2608.26
Case1_Lufkin_C114,2.09524,4.25221,4.29572,3209.18,2608.23
Case1_Lufkin_C114,2.10053,4.24361,4.28715,3209.5,2608.22
Case1_Lufkin_C114,2.10582,4.23487,4.27844,3209.76,2608.21
Case1_Lufkin_C114,2.11111,4.226,4.26959,3209.99,2608.22
Case1_Lufkin_C114,2.1164,4.21699,4.2606,3210.23,2608.24
Case1_Lufkin_C114,2.12169,4.20784,4.25147,3210.46,2608.24
Case1_Lufkin_C114,2.12698,4.19856,4.24221,3210.69,2608.22
Case1_Lufkin_C114,2.13228,4.18914,4.23281,3210.88,2608.2
Case1_Lufkin_C114,2.13757,4.17959,4.22327,3211.04,2608.18
Case1_Lufkin_C114,2.14286,4.1699,4.2136,3211.18,2608.18
Case1_Lufkin_C114,2.14815,4.16009,4.20379,3211.33,2608.17
Case1_Lufkin_C114,2.15344,4.15014,4.19385,3211.49,2608.17
Case1_Lufkin_C114,2.15873,4.14006,4.18377,3211.64,2608.18
Case1_Lufkin_C114,2.16402,4.12985,4.17356,3211.77,2608.19
Case1_Lufkin_C114,2.16931,4.11951,4.16322,3211.88,2608.19
Case1_Lufkin_C114,2.1746,4.10904,4.15275,3211.98,2608.2
Case1_Lufkin_C114,2.17989,4.09844,4.14215,3212.02,2608.21
Case1_Lufkin_C114,2.18519,4.08771,4.13142,3211.98,2608.21
Case1_Lufkin_C114,2.19048,4.07686,4.12056,3211.88,2608.2
Case1_Lufkin_C114,2.19577,4.06588,4.10957,3211.73,2608.2
Case1_Lufkin_C114,2.20106,4.05478,4.09846,3211.53,2608.21
Case1_Lufkin_C114,2.20635,4.04355,4.08721,3211.29,2608.22
Case1_Lufkin_C114,2.21164,4.0322,4.07585,3210.99,2608.24
Case1_Lufkin_C114,2.21693,4.02072,4.06435,3210.63,2608.25
Case1_Lufkin_C114,2.22222,4.00912,4.05273,3210.25,2608.26
Case1_Lufkin_C114,2.22751,3.9974,4.04099,3209.85,2608.26
Case1_Lufkin_C114,2.2328,3.98556,4.02913,3209.45,2608.26
Case1_Lufkin_C114,2.2381,3.9736,4.01714,3209.04,2608.25
Case1_Lufkin_C114,2.24339,3.96152,4.00503,3208.59,2608.25
Case1_Lufkin_C114,2.24868,3.94932,3.9928,3208.07,2608.27
Case1_Lufkin_C114,2.25397,3.93701,3.98045,3207.48,2608.28
Case1_Lufkin_C114,2.25926,3.92458,3.96798,3206.84,2608.28
Case1_Lufkin_C114,2.26455,3.91203,3.95539,3206.16,2608.27
Case1_Lufkin_C114,2.26984,3.89937,3.94268,3205.44,2608.27
Case1_Lufkin_C114,2.27513,3.88659,3.92986,3204.7,2608.28
Case1_Lufkin_C114,2.28042,3.8737,3.91692,3203.92,2608.3
Case1_Lufkin_C114,2.28571,3.8607,3.90386,3203.11,2608.31
Case1_Lufkin_C114,2.29101,3.84759,3.89069,3202.27,2608.33
Case1_Lufkin_C114,2.2963,3.83437,3.8774,3201.4,2608.37
Case1_Lufkin_C114,2.30159,3.82103,3.864,3200.49,2608.42
Case1_Lufkin_C114,2.30688,3.80759,3.85048,3199.52,2608.46
Case1_Lufkin_C114,2.31217,3.79404,3.83686,3198.49,2608.49
Case1_Lufkin_C114,2.31746,3.78039,3.82312,3197.41,2608.52
Case1_Lufkin_C114,2.32275,3.76663,3.80928,3196.3,2608.56
Case1_Lufkin_C114,2.32804,3.75276,3.79532,3195.17,2608.6
Case1_Lufkin_C114,2.33333,3.73879,3.78126,3194.0,2608.63
Case1_Lufkin_C114,2.33862,3.72472,3.7671,3192.79,2608.66
Case1_Lufkin_C114,2.34392,3.71055,3.75283,3191.53,2608.68
Case1_Lufkin_C114,2.34921,3.69627,3.73845,3190.2,2608.69
Case1_Lufkin_C114,2.3545,3.6819,3.72397,3188.79,2608.73
Case1_Lufkin_C114,2.35979,3.66742,3.70939,3187.31,2608.78
Case1_Lufkin_C114,2.36508,3.65285,3.6947,3185.79,2608.83
Case1_Lufkin_C114,2.37037,3.63818,3.67992,3184.22,2608.88
Case1_Lufkin_C114,2.37566,3.62342,3.66503,3182.59,2608.93
Case1_Lufkin_C114,2.38095,3.60856,3.65005,3180.88,2608.97
Case1_Lufkin_C114,2.38624,3.59361,3.63497,3179.08,2609.01
Case1_Lufkin_C114,2.39153,3.57856,3.61979,3177.22,2609.05
Case1_Lufkin_C114,2.39683,3.56342,3.60452,3175.3,2609.09
Case1_Lufkin_C114,2.40212,3.54819,3.58915,3173.34,2609.13
Case1_Lufkin_C114,2.40741,3.53288,3.57369,3171.33,2609.18
Case1_Lufkin_C114,2.4127,3.51747,3.55814,3169.29,2609.23
Case1_Lufkin_C114,2.41799,3.50198,3.54249,3167.24,2609.28
Case1_Lufkin_C114,2.42328,3.4864,3.52676,3165.19,2609.34
Case1_Lufkin_C114,2.42857,3.47073,3.51093,3163.11,2609.4
Case1_Lufkin_C114,2.43386,3.45498,3.49502,3160.98,2609.46
Case1_Lufkin_C114,2.43915,3.43915,3.47903,3158.82,2609.5
Case1_Lufkin_C114,2.44444,3.42323,3.46294,3156.65,2609.55
Case1_Lufkin_C114,2.44974,3.40723,3.44677,3154.44,2609.61
Case1_Lufkin_C114,2.45503,3.39116,3.43052,3152.17,2609.67
Case1_Lufkin_C114,2.46032,3.375,3.41419,3149.84,2609.74
Case1_Lufkin_C114,2.46561,3.35877,3.39777,3147.45,2609.82
Case1_Lufkin_C114,2.4709,3.34246,3.38128,3145.0,2609.9
Case1_Lufkin_C114,2.47619,3.32607,3.36471,3142.52,2609.97
Case1_Lufkin_C114,2.48148,3.30961,3.34806,3140.04,2610.03
Case1_Lufkin_C114,2.48677,3.29308,3.33133,3137.54,2610.1
Case1_Lufkin_C114,2.49206,3.27647,3.31453,3135.02,2610.19
Case1_Lufkin_C114,2.49735,3.2598,3.29766,3132.45,2610.28
Case1_Lufkin_C114,2.50265,3.24305,3.28071,3129.84,2610.36
Case1_Lufkin_C114,2.50794,3.22624,3.2637,3127.19,2610.44
Case1_Lufkin_C114,2.51323,3.20936,3.24661,3124.5,2610.51
Case1_Lufkin_C114,2.51852,3.19241,3.22946,3121.76,2610.58
Case1_Lufkin_C114,2.52381,3.1754,3.21224,3118.98,2610.65
Case1_Lufkin_C114,2.5291,3.15832,3.19496,3116.16,2610.71
Case1_Lufkin_C114,2.53439,3.14118,3.17761,3113.32,2610.77
Case1_Lufkin_C114,2.53968,3.12398,3.16019,3110.46,2610.83
Case1_Lufkin_C114,2.54497,3.10672,3.14272,3107.57,2610.9
Case1_Lufkin_C114,2.55026,3.0894,3.12518,3104.66,2610.98
Case1_Lufkin_C114,2.55556,3.07202,3.10759,3101.72,2611.05
Case1_Lufkin_C114,2.56085,3.05458,3.08993,3098.72,2611.12
Case1_Lufkin_C114,2.56614,3.03709,3.07222,3095.68,2611.19
Case1_Lufkin_C114,2.57143,3.01955,3.05445,3092.62,2611.29
Case1_Lufkin_C114,2.57672,3.00195,3.03663,3089.55,2611.39
Case1_Lufkin_C114,2.58201,2.9843,3.01875,3086.47,2611.47
Case1_Lufkin_C114,2.5873,2.96659,3.00082,3083.39,2611.56
Case1_Lufkin_C114,2.59259,2.94884,2.98284,3080.31,2611.63
Case1_Lufkin_C114,2.59788,2.93105,2.96482,3077.2,2611.69
Case1_Lufkin_C114,2.60317,2.9132,2.94674,3074.07,2611.76
Case1_Lufkin_C114,2.60847,2.89531,2.92861,3070.93,2611.85
Case1_Lufkin_C114,2.61376,2.87737,2.91044,3067.8,2611.94
Case1_Lufkin_C114,2.61905,2.85939,2.89222,3064.68,2612.03
Case1_Lufkin_C114,2.62434,2.84137,2.87396,3061.55,2612.12
Case1_Lufkin_C114,2.62963,2.82331,2.85566,3058.4,2612.21
Case1_Lufkin_C114,2.63492,2.8052,2.83731,3055.22,2612.3
Case1_Lufkin_C114,2.64021,2.78706,2.81893,3052.0,2612.4
Case1_Lufkin_C114,2.6455,2.76889,2.80051,3048.75,2612.48
Case1_Lufkin_C114,2.65079,2.75067,2.78205,3045.45,2612.57
Case1_Lufkin_C114,2.65608,2.73242,2.76355,3042.09,2612.65
Case1_Lufkin_C114,2.66138,2.71414,2.74502,3038.69,2612.74
Case1_Lufkin_C114,2.66667,2.69583,2.72646,3035.27,2612.83
Case1_Lufkin_C114,2.67196,2.67748,2.70786,3031.82,2612.93
Case1_Lufkin_C114,2.67725,2.65911,2.68923,3028.34,2613.03
Case1_Lufkin_C114,2.68254,2.64071,2.67058,3024.83,2613.12
Case1_Lufkin_C114,2.68783,2.62228,2.65189,3021.29,2613.21
Case1_Lufkin_C114,2.69312,2.60382,2.63318,3017.77,2613.29
Case1_Lufkin_C114,2.69841,2.58535,2.61444,3014.24,2613.37
Case1_Lufkin_C114,2.7037,2.56684,2.59568,3010.69,2613.45
Case1_Lufkin_C114,2.70899,2.54832,2.57689,3007.09,2613.54
Case1_Lufkin_C114,2.71429,2.52977,2.55808,3003.46,2613.63
Case1_Lufkin_C114,2.71958,2.51121,2.53925,2999.78,2613.73
Case1_Lufkin_C114,2.72487,2.49263,2.5204,2996.05,2613.81
Case1_Lufkin_C114,2.73016,2.47403,2.50153,2992.32,2613.89
Case1_Lufkin_C114,2.73545,2.45541,2.48264,2988.58,2613.97
Case1_Lufkin_C114,2.74074,2.43678,2.46373,2984.81,2614.07
Case1_Lufkin_C114,2.74603,2.41814,2.44481,2981.03,2614.17
Case1_Lufkin_C114,2.75132,2.39949,2.42588,2977.22,2614.28
Case1_Lufkin_C114,2.75661,2.38083,2.40693,2973.4,2614.39
Case1_Lufkin_C114,2.7619,2.36215,2.38797,2969.55,2614.5
Case1_Lufkin_C114,2.7672,2.34347,2.369,2965.67,2614.62
Case1_Lufkin_C114,2.77249,2.32479,2.35002,2961.76,2614.73
Case1_Lufkin_C114,2.77778,2.30609,2.33103,2957.81,2614.84
Case1_Lufkin_C114,2.78307,2.2874,2.31204,2953.83,2614.94
Case1_Lufkin_C114,2.78836,2.2687,2.29304,2949.84,2615.05
Case1_Lufkin_C114,2.79365,2.25,2.27404,2945.84,2615.16
Case1_Lufkin_C114,2.79894,2.2313,2.25504,2941.82,2615.27
Case1_Lufkin_C114,2.80423,2.2126,2.23604,2937.77,2615.37
Case1_Lufkin_C114,2.80952,2.19391,2.21703,2933.67,2615.46
Case1_Lufkin_C114,2.81481,2.17521,2.19803,2929.52,2615.56
Case1_Lufkin_C114,2.82011,2.15653,2.17903,2925.32,2615.68
Case1_Lufkin_C114,2.8254,2.13785,2.16004,2921.09,2615.8
Case1_Lufkin_C114,2.83069,2.11917,2.14105,2916.82,2615.93
Case1_Lufkin_C114,2.83598,2.10051,2.12207,2912.52,2616.04
Case1_Lufkin_C114,2.84127,2.08186,2.10309,2908.19,2616.16
Case1_Lufkin_C114,2.84656,2.06322,2.08413,2903.8,2616.27
Case1_Lufkin_C114,2.85185,2.04459,2.06517,2899.36,2616.37
Case1_Lufkin_C114,2.85714,2.02597,2.04623,2894.87,2616.48
Case1_Lufkin_C114,2.86243,2.00737,2.0273,2890.37,2616.6
Case1_Lufkin_C114,2.86772,1.98879,2.00839,2885.86,2616.71
Case1_Lufkin_C114,2.87302,1.97023,1.98949,2881.33,2616.82
Case1_Lufkin_C114,2.87831,1.95168,1.97061,2876.8,2616.94
Case1_Lufkin_C114,2.8836,1.93316,1.95175,2872.27,2617.07
Case1_Lufkin_C114,2.88889,1.91465,1.93291,2867.74,2617.19
Case1_Lufkin_C114,2.89418,1.89618,1.91409,2863.2,2617.31
Case1_Lufkin_C114,2.89947,1.87772,1.89529,2858.65,2617.43
Case1_Lufkin_C114,2.90476,1.85929,1.87652,2854.07,2617.54
Case1_Lufkin_C114,2.91005,1.84089,1.85777,2849.47,2617.66
Case1_Lufkin_C114,2.91534,1.82252,1.83905,2844.86,2617.78
Case1_Lufkin_C114,2.92063,1.80417,1.82035,2840.23,2617.91
Case1_Lufkin_C114,2.92593,1.78586,1.80169,2835.56,2618.05
Case1_Lufkin_C114,2.93122,1.76758,1.78306,2830.84,2618.19
Case1_Lufkin_C114,2.93651,1.74933,1.76445,2826.11,2618.32
Case1_Lufkin_C114,2.9418,1.73111,1.74588,2821.39,2618.45
Case1_Lufkin_C114,2.94709,1.71294,1.72735,2816.68,2618.57
Case1_Lufkin_C114,2.95238,1.6948,1.70885,2811.96,2618.71
Case1_Lufkin_C114,2.95767,1.67669,1.69039,2807.23,2618.84
Case1_Lufkin_C114,2.96296,1.65863,1.67197,2802.49,2618.98
Case1_Lufkin_C114,2.96825,1.64061,1.65359,2797.72,2619.12
Case1_Lufkin_C114,2.97354,1.62263,1.63525,2792.92,2619.25
Case1_Lufkin_C114,2.97884,1.60469,1.61696,2788.1,2619.37
Case1_Lufkin_C114,2.98413,1.5868,1.59871,2783.28,2619.49
Case1_Lufkin_C114,2.98942,1.56895,1.5805,2778.45,2619.61
Case1_Lufkin_C114,2.99471,1.55116,1.56235,2773.6,2619.73
Case1_Lufkin_C114,3.0,1.53341,1.54424,2768.75,2619.85
Case1_Lufkin_C114,3.00529,1.5157,1.52617,2763.91,2619.96
Case1_Lufkin_C114,3.01058,1.49805,1.50816,2759.07,2620.09
Case1_Lufkin_C114,3.01587,1.48045,1.49021,2754.2,2620.22
Case1_Lufkin_C114,3.02116,1.46291,1.4723,2749.33,2620.35
Case1_Lufkin_C114,3.02646,1.44542,1.45445,2744.44,2620.48
Case1_Lufkin_C114,3.03175,1.42798,1.43665,2739.54,2620.6
Case1_Lufkin_C114,3.03704,1.4106,1.41891,2734.65,2620.74
Case1_Lufkin_C114,3.04233,1.39328,1.40123,2729.77,2620.88
Case1_Lufkin_C114,3.04762,1.37602,1.38361,2724.92,2621.02
Case1_Lufkin_C114,3.05291,1.35882,1.36605,2720.08,2621.14
Case1_Lufkin_C114,3.0582,1.34168,1.34855,2715.24,2621.25
Case1_Lufkin_C114,3.06349,1.3246,1.33111,2710.41,2621.37
Case1_Lufkin_C114,3.06878,1.30759,1.31374,2705.58,2621.5
Case1_Lufkin_C114,3.07407,1.29064,1.29643,2700.77,2621.63
Case1_Lufkin_C114,3.07937,1.27376,1.27919,2695.98,2621.76
Case1_Lufkin_C114,3.08466,1.25695,1.26202,2691.22,2621.9
Case1_Lufkin_C114,3.08995,1.2402,1.24491,2686.46,2622.04
Case1_Lufkin_C114,3.09524,1.22353,1.22788,2681.71,2622.16
Case1_Lufkin_C114,3.10053,1.20692,1.21091,2676.93,2622.29
Case1_Lufkin_C114,3.10582,1.19039,1.19402,2672.13,2622.42
Case1_Lufkin_C114,3.11111,1.17393,1.1772,2667.32,2622.55
Case1_Lufkin_C114,3.1164,1.15754,1.16046,2662.5,2622.67
Case1_Lufkin_C114,3.12169,1.14123,1.14379,2657.66,2622.79
Case1_Lufkin_C114,3.12698,1.125,1.1272,2652.81,2622.92
Case1_Lufkin_C114,3.13228,1.10884,1.11069,2647.96,2623.06
Case1_Lufkin_C114,3.13757,1.09277,1.09426,2643.11,2623.19
Case1_Lufkin_C114,3.14286,1.07677,1.0779,2638.28,2623.32
Case1_Lufkin_C114,3.14815,1.06085,1.06163,2633.44,2623.45
Case1_Lufkin_C114,3.15344,1.04502,1.04544,2628.61,2623.57
Case1_Lufkin_C114,3.15873,1.02927,1.02934,2623.79,2623.68
Case1_Lufkin_C114,3.16402,1.0136,1.01332,2619.0,2623.8
Case1_Lufkin_C114,3.16931,0.99802,0.99738,2614.21,2623.92
Case1_Lufkin_C114,3.1746,0.98253,0.98153,2609.4,2624.04
Case1_Lufkin_C114,3.17989,0.96712,0.96577,2604.56,2624.17
Case1_Lufkin_C114,3.18519,0.95181,0.9501,2599.71,2624.29
Case1_Lufkin_C114,3.19048,0.93658,0.93452,2594.87,2624.41
Case1_Lufkin_C114,3.19577,0.92144,0.91903,2590.05,2624.52
Case1_Lufkin_C114,3.20106,0.90639,0.90362,2585.24,2624.64
Case1_Lufkin_C114,3.20635,0.89144,0.88831,2580.44,2624.76
Case1_Lufkin_C114,3.21164,0.87658,0.8731,2575.65,2624.9
Case1_Lufkin_C114,3.21693,0.86182,0.85798,2570.86,2625.04
Case1_Lufkin_C114,3.22222,0.84715,0.84295,2566.06,2625.18
Case1_Lufkin_C114,3.22751,0.83258,0.82802,2561.27,2625.31
Case1_Lufkin_C114,3.2328,0.8181,0.81319,2556.48,2625.44
Case1_Lufkin_C114,3.2381,0.80373,0.79846,2551.69,2625.58
Case1_Lufkin_C114,3.24339,0.78945,0.78383,2546.89,2625.71
Case1_Lufkin_C114,3.24868,0.77528,0.76929,2542.1,2625.83
Case1_Lufkin_C114,3.25397,0.76121,0.75486,2537.33,2625.95
Case1_Lufkin_C114,3.25926,0.74724,0.74054,2532.56,2626.08
Case1_Lufkin_C114,3.26455,0.73337,0.72631,2527.8,2626.21
Case1_Lufkin_C114,3.26984,0.71961,0.7122,2523.02,2626.33
Case1_Lufkin_C114,3.27513,0.70596,0.69818,2518.24,2626.45
Case1_Lufkin_C114,3.28042,0.69241,0.68428,2513.43,2626.57
Case1_Lufkin_C114,3.28571,0.67897,0.67048,2508.61,2626.7
Case1_Lufkin_C114,3.29101,0.66563,0.65679,2503.79,2626.84
Case1_Lufkin_C114,3.2963,0.65241,0.64321,2498.97,2626.98
Case1_Lufkin_C114,3.30159,0.6393,0.62974,2494.15,2627.11
Case1_Lufkin_C114,3.30688,0.6263,0.61638,2489.31,2627.22
Case1_Lufkin_C114,3.31217,0.61341,0.60313,2484.47,2627.34
Case1_Lufkin_C114,3.31746,0.60063,0.59,2479.61,2627.47
Case1_Lufkin_C114,3.32275,0.58797,0.57698,2474.74,2627.59
Case1_Lufkin_C114,3.32804,0.57542,0.56408,2469.9,2627.71
Case1_Lufkin_C114,3.33333,0.56299,0.55129,2465.08,2627.84
Case1_Lufkin_C114,3.33862,0.55068,0.53862,2460.29,2627.97
Case1_Lufkin_C114,3.34392,0.53848,0.52606,2455.52,2628.09
Case1_Lufkin_C114,3.34921,0.5264,0.51363,2450.77,2628.22
Case1_Lufkin_C114,3.3545,0.51444,0.50131,2446.03,2628.35
Case1_Lufkin_C114,3.35979,0.5026,0.48912,2441.32,2628.48
Case1_Lufkin_C114,3.36508,0.49088,0.47705,2436.62,2628.6
Case1_Lufkin_C114,3.37037,0.47928,0.46509,2431.92,2628.71
Case1_Lufkin_C114,3.37566,0.4678,0.45326,2427.22,2628.84
Case1_Lufkin_C114,3.38095,0.45645,0.44156,2422.53,2628.97
Case1_Lufkin_C114,3.38624,0.44522,0.42998,2417.86,2629.1
Case1_Lufkin_C114,3.39153,0.43412,0.41852,2413.18,2629.23
Case1_Lufkin_C114,3.39683,0.42314,0.40719,2408.51,2629.37
Case1_Lufkin_C114,3.40212,0.41229,0.39599,2403.85,2629.5
Case1_Lufkin_C114,3.40741,0.40156,0.38492,2399.22,2629.62
Case1_Lufkin_C114,3.4127,0.39096,0.37397,2394.64,2629.74
Case1_Lufkin_C114,3.41799,0.38049,0.36316,2390.08,2629.87
Case1_Lufkin_C114,3.42328,0.37015,0.35247,2385.52,2630.01
Case1_Lufkin_C114,3.42857,0.35994,0.34192,2380.97,2630.14
Case1_Lufkin_C114,3.43386,0.34986,0.3315,2376.42,2630.26
Case1_Lufkin_C114,3.43915,0.33991,0.32122,2371.88,2630.38
Case1_Lufkin_C114,3.44444,0.3301,0.31106,2367.37,2630.49
Case1_Lufkin_C114,3.44974,0.32041,0.30104,2362.87,2630.6
Case1_Lufkin_C114,3.45503,0.31086,0.29116,2358.39,2630.71
Case1_Lufkin_C114,3.46032,0.30144,0.28141,2353.94,2630.82
Case1_Lufkin_C114,3.46561,0.29216,0.2718,2349.51,2630.93
Case1_Lufkin_C114,3.4709,0.28301,0.26233,2345.1,2631.04
Case1_Lufkin_C114,3.47619,0.274,0.25299,2340.72,2631.16
Case1_Lufkin_C114,3.48148,0.26513,0.24379,2336.36,2631.27
Case1_Lufkin_C114,3.48677,0.25639,0.23473,2332.01,2631.39
Case1_Lufkin_C114,3.49206,0.24779,0.22581,2327.67,2631.51
Case1_Lufkin_C114,3.49735,0.23933,0.21703,2323.37,2631.63
Case1_Lufkin_C114,3.50265,0.231,0.20839,2319.1,2631.74
Case1_Lufkin_C114,3.50794,0.22282,0.1999,2314.88,2631.86
Case1_Lufkin_C114,3.51323,0.21478,0.19154,2310.7,2631.97
Case1_Lufkin_C114,3.51852,0.20687,0.18333,2306.55,2632.08
Case1_Lufkin_C114,3.52381,0.19911,0.17526,2302.44,2632.17
Case1_Lufkin_C114,3.5291,0.19149,0.16733,2298.36,2632.28
Case1_Lufkin_C114,3.53439,0.18401,0.15955,2294.3,2632.39
Case1_Lufkin_C114,3.53968,0.17668,0.15192,2290.3,2632.5
Case1_Lufkin_C114,3.54497,0.16949,0.14443,2286.33,2632.62
Case1_Lufkin_C114,3.55026,0.16244,0.13708,2282.41,2632.73
Case1_Lufkin_C114,3.55556,0.15553,0.12988,2278.51,2632.83
Case1_Lufkin_C114,3.56085,0.14877,0.12283,2274.62,2632.94
Case1_Lufkin_C114,3.56614,0.14216,0.11593,2270.75,2633.04
Case1_Lufkin_C114,3.57143,0.13569,0.10917,2266.88,2633.14
Case1_Lufkin_C114,3.57672,0.12937,0.10256,2263.03,2633.24
Case1_Lufkin_C114,3.58201,0.12319,0.0961,2259.2,2633.34
Case1_Lufkin_C114,3.5873,0.11716,0.08979,2255.4,2633.45
Case1_Lufkin_C114,3.59259,0.11128,0.08363,2251.61,2633.54
Case1_Lufkin_C114,3.59788,0.10555,0.07762,2247.85,2633.65
Case1_Lufkin_C114,3.60317,0.09996,0.07176,2244.13,2633.75
Case1_Lufkin_C114,3.60847,0.09452,0.06605,2240.44,2633.85
Case1_Lufkin_C114,3.61376,0.08923,0.06049,2236.79,2633.94
Case1_Lufkin_C114,3.61905,0.0841,0.05509,2233.17,2634.02
Case1_Lufkin_C114,3.62434,0.07911,0.04983,2229.58,2634.11
Case1_Lufkin_C114,3.62963,0.07427,0.04473,2226.02,2634.2
Case1_Lufkin_C114,3.63492,0.06958,0.03978,2222.49,2634.29
Case1_Lufkin_C114,3.64021,0.06504,0.03498,2218.98,2634.38
Case1_Lufkin_C114,3.6455,0.06065,0.03034,2215.46,2634.47
Case1_Lufkin_C114,3.65079,0.05641,0.02584,2211.97,2634.56
Case1_Lufkin_C114,3.65608,0.05233,0.02151,2208.53,2634.64
Case1_Lufkin_C114,3.66138,0.04839,0.01732,2205.13,2634.72
Case1_Lufkin_C114,3.66667,0.04461,0.01329,2201.76,2634.81
Case1_Lufkin_C114,3.67196,0.04098,0.00941,2198.43,2634.9
Case1_Lufkin_C114,3.67725,0.03751,0.00569,2195.12,2635.0
Case1_Lufkin_C114,3.68254,0.03418,0.00212,2191.84,2635.09
Case1_Lufkin_C114,3.68783,0.03101,-0.0013,2188.59,2635.19
Case1_Lufkin_C114,3.69312,0.02799,-0.00455,2185.36,2635.28
Case1_Lufkin_C114,3.69841,0.02513,-0.00766,2182.16,2635.37
Case1_Lufkin_C114,3.7037,0.02242,-0.01061,2178.98,2635.45
Case1_Lufkin_C114,3.70899,0.01986,-0.0134,2175.84,2635.54
Case1_Lufkin_C114,3.71429,0.01746,-0.01603,2172.73,2635.62
Case1_Lufkin_C114,3.71958,0.01521,-0.01851,2169.64,2635.7
Case1_Lufkin_C114,3.72487,0.01312,-0.02084,2166.59,2635.77
Case1_Lufkin_C114,3.73016,0.01118,-0.023,2163.57,2635.85
Case1_Lufkin_C114,3.73545,0.0094,-0.02501,2160.56,2635.93
Case1_Lufkin_C114,3.74074,0.00777,-0.02687,2157.56,2636.01
Case1_Lufkin_C114,3.74603,0.00629,-0.02856,2154.57,2636.09
Case1_Lufkin_C114,3.75132,0.00497,-0.0301,2151.6,2636.17
Case1_Lufkin_C114,3.75661,0.00381,-0.03149,2148.67,2636.26
Case1_Lufkin_C114,3.7619,0.0028,-0.03271,2145.75,2636.34
Case1_Lufkin_C114,3.7672,0.00194,-0.03378,2142.85,2636.42
Case1_Lufkin_C114,3.77249,0.00124,-0.03469,2139.98,2636.48
Case1_Lufkin_C114,3.77778,0.0007,-0.03545,2137.12,2636.54
Case1_Lufkin_C114,3.78307,0.00031,-0.03604,2134.28,2636.62
Case1_Lufkin_C114,3.78836,8e-05,-0.03648,2131.48,2636.69
Case1_Lufkin_C114,3.79365,0.0,-0.03676,2128.73,2636.77
Case1_Lufkin_C114,3.79894,8e-05,-0.03689,2126.02,2636.84
Case1_Lufkin_C114,3.80423,0.00031,-0.03685,2123.36,2636.91
Case1_Lufkin_C114,3.80952,0.0007,-0.03666,2120.74,2636.98
Case1_Lufkin_C114,3.81481,0.00124,-0.03631,2118.16,2637.05
Case1_Lufkin_C114,3.82011,0.00194,-0.0358,2115.61,2637.12
Case1_Lufkin_C114,3.8254,0.0028,-0.03514,2113.1,2637.18
Case1_Lufkin_C114,3.83069,0.00381,-0.03432,2110.62,2637.24
Case1_Lufkin_C114,3.83598,0.00497,-0.03334,2108.17,2637.31
Case1_Lufkin_C114,3.84127,0.00629,-0.0322,2105.75,2637.38
Case1_Lufkin_C114,3.84656,0.00777,-0.03091,2103.35,2637.44
Case1_Lufkin_C114,3.85185,0.0094,-0.02946,2100.99,2637.52
Case1_Lufkin_C114,3.85714,0.01118,-0.02785,2098.66,2637.59
Case1_Lufkin_C114,3.86243,0.01312,-0.02608,2096.37,2637.65
Case1_Lufkin_C114,3.86772,0.01521,-0.02416,2094.11,2637.71
Case1_Lufkin_C114,3.87302,0.01746,-0.02208,2091.9,2637.78
Case1_Lufkin_C114,3.87831,0.01986,-0.01984,2089.75,2637.84
Case1_Lufkin_C114,3.8836,0.02242,-0.01745,2087.64,2637.9
Case1_Lufkin_C114,3.88889,0.02513,-0.0149,2085.55,2637.96
Case1_Lufkin_C114,3.89418,0.02799,-0.01219,2083.48,2638.02
Case1_Lufkin_C114,3.89947,0.03101,-0.00932,2081.44,2638.08
Case1_Lufkin_C114,3.90476,0.03418,-0.0063,2079.44,2638.13
Case1_Lufkin_C114,3.91005,0.03751,-0.00312,2077.48,2638.17
Case1_Lufkin_C114,3.91534,0.04098,0.00021,2075.57,2638.21
Case1_Lufkin_C114,3.92063,0.04461,0.0037,2073.69,2638.26
Case1_Lufkin_C114,3.92593,0.04839,0.00735,2071.86,2638.3
Case1_Lufkin_C114,3.93122,0.05233,0.01115,2070.07,2638.35
Case1_Lufkin_C114,3.93651,0.05641,0.0151,2068.31,2638.39
Case1_Lufkin_C114,3.9418,0.06065,0.01921,2066.6,2638.44
Case1_Lufkin_C114,3.94709,0.06504,0.02348,2064.93,2638.48
Case1_Lufkin_C114,3.95238,0.06958,0.0279,2063.29,2638.53
Case1_Lufkin_C114,3.95767,0.07427,0.03247,2061.7,2638.58
Case1_Lufkin_C114,3.96296,0.07911,0.03719,2060.15,2638.62
Case1_Lufkin_C114,3.96825,0.0841,0.04207,2058.66,2638.66
Case1_Lufkin_C114,3.97354,0.08923,0.04711,2057.23,2638.7
Case1_Lufkin_C114,3.97884,0.09452,0.05229,2055.85,2638.73
Case1_Lufkin_C114,3.98413,0.09996,0.05763,2054.52,2638.77
Case1_Lufkin_C114,3.98942,0.10555,0.06312,2053.23,2638.8
Case1_Lufkin_C114,3.99471,0.11128,0.06876,2051.99,2638.82
Case2_American_C228,0.0,0.1605,0.09917,430.97,844.08
Case2_American_C228,0.00682,0.16878,0.10722,429.47,844.12
Case2_American_C228,0.01364,0.17726,0.11549,428.0,844.16
Case2_American_C228,0.02045,0.18595,0.12396,426.54,844.19
Case2_American_C228,0.02727,0.19484,0.13263,425.11,844.22
Case2_American_C228,0.03409,0.20393,0.14151,423.69,844.26
Case2_American_C228,0.04091,0.21323,0.15059,422.3,844.29
Case2_American_C228,0.04773,0.22272,0.15988,420.93,844.32
Case2_American_C228,0.05455,0.23242,0.16938,419.59,844.36
Case2_American_C228,0.06136,0.24232,0.17907,418.27,844.4
Case2_American_C228,0.06818,0.25241,0.18897,416.97,844.43
Case2_American_C228,0.075,0.26271,0.19907,415.69,844.47
Case2_American_C228,0.08182,0.27321,0.20937,414.43,844.5
Case2_American_C228,0.08864,0.2839,0.21988,413.18,844.54
Case2_American_C228,0.09545,0.29479,0.23058,411.96,844.58
Case2_American_C228,0.10227,0.30588,0.24149,410.76,844.61
Case2_American_C228,0.10909,0.31717,0.25259,409.6,844.65
Case2_American_C228,0.11591,0.32865,0.2639,408.45,844.68
Case2_American_C228,0.12273,0.34033,0.2754,407.31,844.7
Case2_American_C228,0.12955,0.3522,0.2871,406.19,844.73
Case2_American_C228,0.13636,0.36427,0.299,405.1,844.76
Case2_American_C228,0.14318,0.37653,0.31109,404.02,844.79
Case2_American_C228,0.15,0.38899,0.32338,402.95,844.82
Case2_American_C228,0.15682,0.40164,0.33587,401.9,844.85
Case2_American_C228,0.16364,0.41448,0.34855,400.87,844.88
Case2_American_C228,0.17045,0.42751,0.36143,399.86,844.9
Case2_American_C228,0.17727,0.44073,0.3745,398.86,844.93
Case2_American_C228,0.18409,0.45414,0.38776,397.86,844.96
Case2_American_C228,0.19091,0.46774,0.40121,396.88,844.98
Case2_American_C228,0.19773,0.48153,0.41486,395.92,845.0
Case2_American_C228,0.20455,0.49551,0.4287,394.98,845.02
Case2_American_C228,0.21136,0.50967,0.44272,394.06,845.05
Case2_American_C228,0.21818,0.52402,0.45694,393.17,845.07
Case2_American_C228,0.225,0.53856,0.47134,392.3,845.1
Case2_American_C228,0.23182,0.55328,0.48594,391.45,845.12
Case2_American_C228,0.23864,0.56818,0.50072,390.63,845.14
Case2_American_C228,0.24545,0.58327,0.51568,389.85,845.16
Case2_American_C228,0.25227,0.59855,0.53083,389.09,845.18
Case2_American_C228,0.25909,0.614,0.54617,388.35,845.19
Case2_American_C228,0.26591,0.62963,0.56169,387.63,845.22
Case2_American_C228,0.27273,0.64545,0.5774,386.93,845.24
Case2_American_C228,0.27955,0.66144,0.59328,386.24,845.26
Case2_American_C228,0.28636,0.67762,0.60935,385.57,845.28
Case2_American_C228,0.29318,0.69397,0.6256,384.92,845.3
Case2_American_C228,0.3,0.7105,0.64203,384.3,845.32
Case2_American_C228,0.30682,0.7272,0.65864,383.71,845.33
Case2_American_C228,0.31364,0.74408,0.67543,383.14,845.35
Case2_American_C228,0.32045,0.76113,0.69239,382.59,845.37
Case2_American_C228,0.32727,0.77836,0.70954,382.07,845.39
Case2_American_C228,0.33409,0.79576,0.72686,381.57,845.41
Case2_American_C228,0.34091,0.81333,0.74435,381.1,845.42
Case2_American_C228,0.34773,0.83108,0.76202,380.64,845.44
Case2_American_C228,0.35455,0.84899,0.77987,380.2,845.45
Case2_American_C228,0.36136,0.86707,0.79789,379.78,845.45
Case2_American_C228,0.36818,0.88532,0.81608,379.38,845.46
Case2_American_C228,0.375,0.90374,0.83444,379.02,845.47
Case2_American_C228,0.38182,0.92233,0.85297,378.68,845.48
Case2_American_C228,0.38864,0.94108,0.87167,378.36,845.48
Case2_American_C228,0.39545,0.95999,0.89054,378.07,845.49
Case2_American_C228,0.40227,0.97907,0.90958,377.8,845.49
Case2_American_C228,0.40909,0.99831,0.92878,377.54,845.5
Case2_American_C228,0.41591,1.01771,0.94815,377.31,845.51
Case2_American_C228,0.42273,1.03727,0.96768,377.11,845.52
Case2_American_C228,0.42955,1.05699,0.98738,376.94,845.53
Case2_American_C228,0.43636,1.07687,1.00723,376.79,845.53
Case2_American_C228,0.44318,1.09691,1.02725,376.67,845.53
Case2_American_C228,0.45,1.11711,1.04743,376.58,845.53
Case2_American_C228,0.45682,1.13746,1.06777,376.52,845.53
Case2_American_C228,0.46364,1.15796,1.08827,376.49,845.53
Case2_American_C228,0.47045,1.17862,1.10893,376.48,845.53
Case2_American_C228,0.47727,1.19943,1.12974,376.51,845.53
Case2_American_C228,0.48409,1.22039,1.1507,376.57,845.53
Case2_American_C228,0.49091,1.2415,1.17183,376.66,845.54
Case2_American_C228,0.49773,1.26276,1.1931,376.78,845.53
Case2_American_C228,0.50455,1.28417,1.21452,376.92,845.53
Case2_American_C228,0.51136,1.30572,1.2361,377.08,845.53
Case2_American_C228,0.51818,1.32743,1.25783,377.26,845.52
Case2_American_C228,0.525,1.34927,1.2797,377.46,845.52
Case2_American_C228,0.53182,1.37126,1.30173,377.69,845.51
Case2_American_C228,0.53864,1.39339,1.3239,377.93,845.51
Case2_American_C228,0.54545,1.41567,1.34621,378.19,845.5
Case2_American_C228,0.55227,1.43808,1.36867,378.48,845.5
Case2_American_C228,0.55909,1.46063,1.39127,378.78,845.49
Case2_American_C228,0.56591,1.48332,1.41401,379.12,845.48
Case2_American_C228,0.57273,1.50615,1.4369,379.48,845.47
Case2_American_C228,0.57955,1.52911,1.45992,379.87,845.46
Case2_American_C228,0.58636,1.55221,1.48309,380.29,845.45
Case2_American_C228,0.59318,1.57544,1.50638,380.73,845.43
Case2_American_C228,0.6,1.59881,1.52982,381.19,845.42
Case2_American_C228,0.60682,1.6223,1.55339,381.67,845.4
Case2_American_C228,0.61364,1.64592,1.57709,382.17,845.39
Case2_American_C228,0.62045,1.66968,1.60093,382.69,845.37
Case2_American_C228,0.62727,1.69356,1.62489,383.24,845.35
Case2_American_C228,0.63409,1.71756,1.64899,383.81,845.33
Case2_American_C228,0.64091,1.74169,1.67321,384.41,845.32
Case2_American_C228,0.64773,1.76595,1.69756,385.03,845.3
Case2_American_C228,0.65455,1.79032,1.72203,385.68,845.29
Case2_American_C228,0.66136,1.81482,1.74663,386.35,845.27
Case2_American_C228,0.66818,1.83944,1.77135,387.04,845.26
Case2_American_C228,0.675,1.86417,1.7962,387.75,845.24
Case2_American_C228,0.68182,1.88903,1.82116,388.48,845.22
Case2_American_C228,0.68864,1.914,1.84624,389.24,845.21
Case2_American_C228,0.69545,1.93908,1.87144,390.01,845.19
Case2_American_C228,0.70227,1.96428,1.89676,390.82,845.17
Case2_American_C228,0.70909,1.98959,1.9222,391.65,845.15
Case2_American_C228,0.71591,2.01501,1.94774,392.5,845.12
Case2_American_C228,0.72273,2.04054,1.97341,393.37,845.1
Case2_American_C228,0.72955,2.06618,1.99918,394.25,845.07
Case2_American_C228,0.73636,2.09193,2.02506,395.15,845.05
Case2_American_C228,0.74318,2.11778,2.05105,396.07,845.03
Case2_American_C228,0.75,2.14374,2.07715,397.01,845.0
Case2_American_C228,0.75682,2.1698,2.10336,397.97,844.98
Case2_American_C228,0.76364,2.19596,2.12967,398.94,844.95
Case2_American_C228,0.77045,2.22222,2.15608,399.93,844.93
Case2_American_C228,0.77727,2.24858,2.18259,400.94,844.9
Case2_American_C228,0.78409,2.27504,2.20921,401.96,844.87
Case2_American_C228,0.79091,2.30159,2.23593,402.99,844.84
Case2_American_C228,0.79773,2.32825,2.26274,404.05,844.81
Case2_American_C228,0.80455,2.35499,2.28965,405.13,844.78
Case2_American_C228,0.81136,2.38183,2.31666,406.24,844.76
Case2_American_C228,0.81818,2.40875,2.34376,407.37,844.73
Case2_American_C228,0.825,2.43577,2.37095,408.52,844.7
Case2_American_C228,0.83182,2.46288,2.39823,409.7,844.67
Case2_American_C228,0.83864,2.49007,2.42561,410.9,844.63
Case2_American_C228,0.84545,2.51735,2.45307,412.13,844.6
Case2_American_C228,0.85227,2.54471,2.48062,413.38,844.57
Case2_American_C228,0.85909,2.57215,2.50825,414.65,844.53
Case2_American_C228,0.86591,2.59968,2.53597,415.94,844.5
Case2_American_C228,0.87273,2.62728,2.56377,417.24,844.47
Case2_American_C228,0.87955,2.65497,2.59166,418.55,844.44
Case2_American_C228,0.88636,2.68273,2.61962,419.89,844.4
Case2_American_C228,0.89318,2.71057,2.64766,421.26,844.36
Case2_American_C228,0.9,2.73848,2.67578,422.64,844.33
Case2_American_C228,0.90682,2.76646,2.70398,424.05,844.3
Case2_American_C228,0.91364,2.79452,2.73225,425.49,844.26
Case2_American_C228,0.92045,2.82264,2.76059,426.94,844.23
Case2_American_C228,0.92727,2.85084,2.789,428.41,844.19
Case2_American_C228,0.93409,2.8791,2.81749,429.9,844.16
Case2_American_C228,0.94091,2.90742,2.84604,431.41,844.12
Case2_American_C228,0.94773,2.93581,2.87467,432.94,844.08
Case2_American_C228,0.95455,2.96427,2.90335,434.48,844.03
Case2_American_C228,0.96136,2.99278,2.93211,436.05,843.99
Case2_American_C228,0.96818,3.02136,2.96092,437.64,843.95
Case2_American_C228,0.975,3.04999,2.9898,439.26,843.9
Case2_American_C228,0.98182,3.07868,3.01874,440.89,843.86
Case2_American_C228,0.98864,3.10742,3.04774,442.54,843.81
Case2_American_C228,0.99545,3.13622,3.07679,444.22,843.77
Case2_American_C228,1.00227,3.16507,3.1059,445.91,843.72
Case2_American_C228,1.00909,3.19398,3.13507,447.61,843.68
Case2_American_C228,1.01591,3.22293,3.16428,449.34,843.64
Case2_American_C228,1.02273,3.25193,3.19355,451.1,843.59
Case2_American_C228,1.02955,3.28098,3.22287,452.88,843.55
Case2_American_C228,1.03636,3.31007,3.25224,454.69,843.5
Case2_American_C228,1.04318,3.33921,3.28165,456.51,843.45
Case2_American_C228,1.05,3.36838,3.31111,458.35,843.4
Case2_American_C228,1.05682,3.3976,3.34062,460.22,843.35
Case2_American_C228,1.06364,3.42686,3.37016,462.12,843.3
Case2_American_C228,1.07045,3.45616,3.39975,464.04,843.25
Case2_American_C228,1.07727,3.48549,3.42937,465.98,843.2
Case2_American_C228,1.08409,3.51486,3.45904,467.95,843.15
Case2_American_C228,1.09091,3.54426,3.48874,469.94,843.1
Case2_American_C228,1.09773,3.57369,3.51847,471.95,843.05
Case2_American_C228,1.10455,3.60315,3.54824,473.98,842.99
Case2_American_C228,1.11136,3.63264,3.57804,476.02,842.94
Case2_American_C228,1.11818,3.66216,3.60787,478.07,842.88
Case2_American_C228,1.125,3.6917,3.63773,480.14,842.83
Case2_American_C228,1.13182,3.72127,3.66762,482.23,842.77
Case2_American_C228,1.13864,3.75086,3.69753,484.34,842.72
Case2_American_C228,1.14545,3.78047,3.72747,486.46,842.67
Case2_American_C228,1.15227,3.8101,3.75742,488.59,842.61
Case2_American_C228,1.15909,3.83975,3.7874,490.75,842.55
Case2_American_C228,1.16591,3.86942,3.8174,492.93,842.49
Case2_American_C228,1.17273,3.8991,3.84742,495.13,842.43
Case2_American_C228,1.17955,3.9288,3.87746,497.36,842.37
Case2_American_C228,1.18636,3.9585,3.90751,499.59,842.31
Case2_American_C228,1.19318,3.98822,3.93757,501.85,842.26
Case2_American_C228,1.2,4.01795,3.96764,504.11,842.19
Case2_American_C228,1.20682,4.04768,3.99773,506.39,842.13
Case2_American_C228,1.21364,4.07742,4.02782,508.69,842.07
Case2_American_C228,1.22045,4.10717,4.05792,511.01,842.0
Case2_American_C228,1.22727,4.13692,4.08803,513.34,841.94
Case2_American_C228,1.23409,4.16667,4.11813,515.69,841.88
Case2_American_C228,1.24091,4.19642,4.14825,518.06,841.81
Case2_American_C228,1.24773,4.22616,4.17836,520.44,841.75
Case2_American_C228,1.25455,4.25591,4.20847,522.85,841.69
Case2_American_C228,1.26136,4.28565,4.23858,525.27,841.63
Case2_American_C228,1.26818,4.31538,4.26868,527.7,841.57
Case2_American_C228,1.275,4.34511,4.29878,530.14,841.51
Case2_American_C228,1.28182,4.37483,4.32887,532.6,841.44
Case2_American_C228,1.28864,4.40454,4.35896,535.08,841.38
Case2_American_C228,1.29545,4.43423,4.38903,537.57,841.31
Case2_American_C228,1.30227,4.46391,4.41909,540.08,841.25
Case2_American_C228,1.30909,4.49358,4.44914,542.61,841.18
Case2_American_C228,1.31591,4.52323,4.47917,545.14,841.11
Case2_American_C228,1.32273,4.55286,4.50919,547.69,841.04
Case2_American_C228,1.32955,4.58247,4.53919,550.24,840.97
Case2_American_C228,1.33636,4.61206,4.56918,552.81,840.91
Case2_American_C228,1.34318,4.64163,4.59914,555.39,840.84
Case2_American_C228,1.35,4.67117,4.62907,557.98,840.78
Case2_American_C228,1.35682,4.70069,4.65899,560.59,840.71
Case2_American_C228,1.36364,4.73018,4.68888,563.2,840.64
Case2_American_C228,1.37045,4.75965,4.71874,565.81,840.57
Case2_American_C228,1.37727,4.78908,4.74857,568.44,840.5
Case2_American_C228,1.38409,4.81848,4.77838,571.08,840.43
Case2_American_C228,1.39091,4.84784,4.80815,573.73,840.35
Case2_American_C228,1.39773,4.87718,4.83789,576.39,840.28
Case2_American_C228,1.40455,4.90647,4.8676,579.07,840.21
Case2_American_C228,1.41136,4.93573,4.89726,581.77,840.14
Case2_American_C228,1.41818,4.96495,4.9269,584.48,840.07
Case2_American_C228,1.425,4.99413,4.95649,587.2,840.0
Case2_American_C228,1.43182,5.02326,4.98604,589.94,839.93
Case2_American_C228,1.43864,5.05236,5.01555,592.69,839.85
Case2_American_C228,1.44545,5.0814,5.04502,595.46,839.78
Case2_American_C228,1.45227,5.1104,5.07444,598.24,839.71
Case2_American_C228,1.45909,5.13936,5.10381,601.02,839.63
Case2_American_C228,1.46591,5.16826,5.13314,603.82,839.56
Case2_American_C228,1.47273,5.19711,5.16242,606.62,839.49
Case2_American_C228,1.47955,5.22591,5.19165,609.43,839.42
Case2_American_C228,1.48636,5.25466,5.22082,612.25,839.34
Case2_American_C228,1.49318,5.28334,5.24994,615.09,839.27
Case2_American_C228,1.5,5.31198,5.27901,617.95,839.19
Case2_American_C228,1.50682,5.34055,5.30802,620.81,839.12
Case2_American_C228,1.51364,5.36907,5.33697,623.69,839.05
Case2_American_C228,1.52045,5.39752,5.36586,626.57,838.97
Case2_American_C228,1.52727,5.42591,5.39469,629.46,838.9
Case2_American_C228,1.53409,5.45424,5.42345,632.37,838.82
Case2_American_C228,1.54091,5.4825,5.45216,635.28,838.75
Case2_American_C228,1.54773,5.51069,5.4808,638.2,838.67
Case2_American_C228,1.55455,5.53882,5.50937,641.13,838.59
Case2_American_C228,1.56136,5.56687,5.53787,644.07,838.51
Case2_American_C228,1.56818,5.59486,5.56631,647.02,838.43
Case2_American_C228,1.575,5.62277,5.59467,649.99,838.35
Case2_American_C228,1.58182,5.6506,5.62296,652.96,838.27
Case2_American_C228,1.58864,5.67837,5.65118,655.94,838.19
Case2_American_C228,1.59545,5.70605,5.67932,658.93,838.11
Case2_American_C228,1.60227,5.73366,5.70738,661.93,838.03
Case2_American_C228,1.60909,5.76118,5.73537,664.94,837.96
Case2_American_C228,1.61591,5.78863,5.76327,667.96,837.88
Case2_American_C228,1.62273,5.81599,5.7911,670.99,837.8
Case2_American_C228,1.62955,5.84326,5.81884,674.03,837.72
Case2_American_C228,1.63636,5.87046,5.8465,677.09,837.64
Case2_American_C228,1.64318,5.89756,5.87407,680.15,837.55
Case2_American_C228,1.65,5.92458,5.90155,683.23,837.47
Case2_American_C228,1.65682,5.95151,5.92895,686.31,837.39
Case2_American_C228,1.66364,5.97834,5.95626,689.41,837.31
Case2_American_C228,1.67045,6.00509,5.98348,692.52,837.23
Case2_American_C228,1.67727,6.03174,6.0106,695.64,837.15
Case2_American_C228,1.68409,6.05829,6.03763,698.77,837.07
Case2_American_C228,1.69091,6.08475,6.06457,701.91,836.98
Case2_American_C228,1.69773,6.11111,6.0914,705.05,836.9
Case2_American_C228,1.70455,6.13738,6.11815,708.2,836.82
Case2_American_C228,1.71136,6.16354,6.14479,711.35,836.74
Case2_American_C228,1.71818,6.1896,6.17133,714.5,836.65
Case2_American_C228,1.725,6.21555,6.19777,717.66,836.57
Case2_American_C228,1.73182,6.24141,6.2241,720.82,836.49
Case2_American_C228,1.73864,6.26715,6.25033,724.0,836.4
Case2_American_C228,1.74545,6.29279,6.27646,727.17,836.32
Case2_American_C228,1.75227,6.31832,6.30248,730.35,836.24
Case2_American_C228,1.75909,6.34374,6.32838,733.54,836.15
Case2_American_C228,1.76591,6.36905,6.35418,736.74,836.06
Case2_American_C228,1.77273,6.39425,6.37987,739.95,835.98
Case2_American_C228,1.77955,6.41934,6.40545,743.16,835.89
Case2_American_C228,1.78636,6.44431,6.43091,746.37,835.81
Case2_American_C228,1.79318,6.46916,6.45625,749.59,835.72
Case2_American_C228,1.8,6.4939,6.48148,752.8,835.64
Case2_American_C228,1.80682,6.51851,6.50659,756.02,835.55
Case2_American_C228,1.81364,6.54301,6.53158,759.25,835.46
Case2_American_C228,1.82045,6.56739,6.55645,762.48,835.37
Case2_American_C228,1.82727,6.59164,6.5812,765.72,835.29
Case2_American_C228,1.83409,6.61577,6.60583,768.96,835.2
Case2_American_C228,1.84091,6.63978,6.63033,772.2,835.12
Case2_American_C228,1.84773,6.66366,6.6547,775.45,835.03
Case2_American_C228,1.85455,6.68741,6.67895,778.7,834.95
Case2_American_C228,1.86136,6.71103,6.70307,781.96,834.87
Case2_American_C228,1.86818,6.73453,6.72706,785.21,834.78
Case2_American_C228,1.875,6.75789,6.75092,788.47,834.69
Case2_American_C228,1.88182,6.78112,6.77464,791.72,834.61
Case2_American_C228,1.88864,6.80422,6.79824,794.98,834.52
Case2_American_C228,1.89545,6.82718,6.8217,798.25,834.44
Case2_American_C228,1.90227,6.85001,6.84502,801.52,834.35
Case2_American_C228,1.90909,6.8727,6.86821,804.78,834.26
Case2_American_C228,1.91591,6.89525,6.89126,808.04,834.17
Case2_American_C228,1.92273,6.91767,6.91417,811.31,834.09
Case2_American_C228,1.92955,6.93994,6.93694,814.57,834.0
Case2_American_C228,1.93636,6.96207,6.95957,817.82,833.92
Case2_American_C228,1.94318,6.98406,6.98206,821.08,833.83
Case2_American_C228,1.95,7.00591,7.0044,824.34,833.75
Case2_American_C228,1.95682,7.02761,7.0266,827.59,833.66
Case2_American_C228,1.96364,7.04916,7.04865,830.84,833.57
Case2_American_C228,1.97045,7.07057,7.07055,834.08,833.49
Case2_American_C228,1.97727,7.09183,7.09231,837.33,833.4
Case2_American_C228,1.98409,7.11294,7.11392,840.57,833.31
Case2_American_C228,1.99091,7.13391,7.13538,843.81,833.23
Case2_American_C228,1.99773,7.15472,7.15668,847.06,833.14
Case2_American_C228,2.00455,7.17537,7.17783,850.3,833.06
Case2_American_C228,2.01136,7.19588,7.19883,853.55,832.97
Case2_American_C228,2.01818,7.21623,7.21968,856.8,832.89
Case2_American_C228,2.025,7.23642,7.24037,860.04,832.8
Case2_American_C228,2.03182,7.25646,7.2609,863.29,832.71
Case2_American_C228,2.03864,7.27634,7.28127,866.53,832.63
Case2_American_C228,2.04545,7.29606,7.30149,869.77,832.54
Case2_American_C228,2.05227,7.31562,7.32154,873.01,832.46
Case2_American_C228,2.05909,7.33502,7.34143,876.25,832.37
Case2_American_C228,2.06591,7.35426,7.36117,879.47,832.29
Case2_American_C228,2.07273,7.37334,7.38073,882.7,832.2
Case2_American_C228,2.07955,7.39226,7.40014,885.92,832.12
Case2_American_C228,2.08636,7.41101,7.41938,889.15,832.04
Case2_American_C228,2.09318,7.42959,7.43845,892.37,831.95
Case2_American_C228,2.1,7.44801,7.45736,895.59,831.87
Case2_American_C228,2.10682,7.46626,7.4761,898.81,831.78
Case2_American_C228,2.11364,7.48434,7.49467,902.02,831.7
Case2_American_C228,2.12045,7.50226,7.51307,905.23,831.62
Case2_American_C228,2.12727,7.52,7.5313,908.43,831.53
Case2_American_C228,2.13409,7.53757,7.54936,911.63,831.45
Case2_American_C228,2.14091,7.55497,7.56725,914.82,831.36
Case2_American_C228,2.14773,7.5722,7.58497,918.01,831.28
Case2_American_C228,2.15455,7.58925,7.60251,921.2,831.19
Case2_American_C228,2.16136,7.60613,7.61987,924.38,831.1
Case2_American_C228,2.16818,7.62284,7.63706,927.56,831.02
Case2_American_C228,2.175,7.63937,7.65408,930.73,830.94
Case2_American_C228,2.18182,7.65572,7.67091,933.9,830.85
Case2_American_C228,2.18864,7.67189,7.68757,937.07,830.77
Case2_American_C228,2.19545,7.68788,7.70404,940.22,830.68
Case2_American_C228,2.20227,7.7037,7.72034,943.37,830.6
Case2_American_C228,2.20909,7.71933,7.73646,946.52,830.52
Case2_American_C228,2.21591,7.73479,7.75239,949.67,830.44
Case2_American_C228,2.22273,7.75006,7.76814,952.82,830.36
Case2_American_C228,2.22955,7.76515,7.78371,955.96,830.27
Case2_American_C228,2.23636,7.78005,7.79909,959.09,830.19
Case2_American_C228,2.24318,7.79478,7.81429,962.22,830.1
Case2_American_C228,2.25,7.80931,7.82931,965.35,830.02
Case2_American_C228,2.25682,7.82366,7.84413,968.47,829.94
Case2_American_C228,2.26364,7.83783,7.85877,971.59,829.86
Case2_American_C228,2.27045,7.8518,7.87322,974.71,829.78
Case2_American_C228,2.27727,7.86559,7.88748,977.82,829.69
Case2_American_C228,2.28409,7.87919,7.90156,980.92,829.61
Case2_American_C228,2.29091,7.89261,7.91544,984.01,829.53
Case2_American_C228,2.29773,7.90583,7.92913,987.09,829.45
Case2_American_C228,2.30455,7.91886,7.94263,990.17,829.37
Case2_American_C228,2.31136,7.9317,7.95594,993.23,829.29
Case2_American_C228,2.31818,7.94434,7.96905,996.29,829.21
Case2_American_C228,2.325,7.9568,7.98197,999.33,829.13
Case2_American_C228,2.33182,7.96906,7.9947,1002.37,829.05
Case2_American_C228,2.33864,7.98113,8.00723,1005.4,828.97
Case2_American_C228,2.34545,7.993,8.01957,1008.42,828.89
Case2_American_C228,2.35227,8.00468,8.03171,1011.44,828.81
Case2_American_C228,2.35909,8.01616,8.04365,1014.44,828.72
Case2_American_C228,2.36591,8.02745,8.0554,1017.44,828.64
Case2_American_C228,2.37273,8.03854,8.06694,1020.44,828.56
Case2_American_C228,2.37955,8.04943,8.07829,1023.42,828.48
Case2_American_C228,2.38636,8.06013,8.08944,1026.39,828.41
Case2_American_C228,2.39318,8.07062,8.10039,1029.34,828.33
Case2_American_C228,2.4,8.08092,8.11114,1032.29,828.25
Case2_American_C228,2.40682,8.09102,8.12168,1035.23,828.17
Case2_American_C228,2.41364,8.10092,8.13203,1038.16,828.09
Case2_American_C228,2.42045,8.11061,8.14217,1041.08,828.01
Case2_American_C228,2.42727,8.12011,8.15211,1043.99,827.93
Case2_American_C228,2.43409,8.1294,8.16185,1046.89,827.86
Case2_American_C228,2.44091,8.13849,8.17138,1049.77,827.78
Case2_American_C228,2.44773,8.14738,8.18071,1052.65,827.71
Case2_American_C228,2.45455,8.15607,8.18983,1055.52,827.63
Case2_American_C228,2.46136,8.16455,8.19875,1058.37,827.56
Case2_American_C228,2.46818,8.17283,8.20746,1061.21,827.49
Case2_American_C228,2.475,8.18091,8.21597,1064.04,827.41
Case2_American_C228,2.48182,8.18878,8.22427,1066.86,827.34
Case2_American_C228,2.48864,8.19645,8.23237,1069.66,827.26
Case2_American_C228,2.49545,8.20391,8.24025,1072.46,827.19
Case2_American_C228,2.50227,8.21116,8.24793,1075.24,827.11
Case2_American_C228,2.50909,8.21821,8.2554,1078.01,827.04
Case2_American_C228,2.51591,8.22505,8.26266,1080.76,826.96
Case2_American_C228,2.52273,8.23168,8.26971,1083.49,826.89
Case2_American_C228,2.52955,8.23811,8.27656,1086.22,826.82
Case2_American_C228,2.53636,8.24433,8.28319,1088.92,826.75
Case2_American_C228,2.54318,8.25034,8.28961,1091.62,826.68
Case2_American_C228,2.55,8.25615,8.29583,1094.29,826.61
Case2_American_C228,2.55682,8.26174,8.30183,1096.96,826.54
Case2_American_C228,2.56364,8.26713,8.30762,1099.6,826.47
Case2_American_C228,2.57045,8.27231,8.3132,1102.23,826.4
Case2_American_C228,2.57727,8.27728,8.31857,1104.84,826.33
Case2_American_C228,2.58409,8.28203,8.32373,1107.45,826.26
Case2_American_C228,2.59091,8.28658,8.32867,1110.04,826.19
Case2_American_C228,2.59773,8.29092,8.33341,1112.62,826.12
Case2_American_C228,2.60455,8.29505,8.33793,1115.18,826.05
Case2_American_C228,2.61136,8.29897,8.34223,1117.73,825.98
Case2_American_C228,2.61818,8.30268,8.34633,1120.27,825.92
Case2_American_C228,2.625,8.30617,8.35021,1122.79,825.85
Case2_American_C228,2.63182,8.30946,8.35388,1125.3,825.78
Case2_American_C228,2.63864,8.31253,8.35733,1127.79,825.72
Case2_American_C228,2.64545,8.3154,8.36057,1130.27,825.65
Case2_American_C228,2.65227,8.31805,8.3636,1132.73,825.59
Case2_American_C228,2.65909,8.32049,8.36641,1135.17,825.52
Case2_American_C228,2.66591,8.32272,8.36901,1137.6,825.46
Case2_American_C228,2.67273,8.32473,8.37139,1140.01,825.4
Case2_American_C228,2.67955,8.32654,8.37356,1142.41,825.33
Case2_American_C228,2.68636,8.32813,8.37552,1144.79,825.27
Case2_American_C228,2.69318,8.32951,8.37726,1147.16,825.21
Case2_American_C228,2.7,8.33068,8.37878,1149.51,825.15
Case2_American_C228,2.70682,8.33163,8.38009,1151.85,825.09
Case2_American_C228,2.71364,8.33238,8.38119,1154.16,825.03
Case2_American_C228,2.72045,8.33291,8.38207,1156.46,824.97
Case2_American_C228,2.72727,8.33323,8.38274,1158.75,824.91
Case2_American_C228,2.73409,8.33333,8.38319,1161.01,824.84
Case2_American_C228,2.74091,8.33323,8.38343,1163.26,824.78
Case2_American_C228,2.74773,8.33291,8.38345,1165.5,824.72
Case2_American_C228,2.75455,8.33238,8.38326,1167.71,824.66
Case2_American_C228,2.76136,8.33163,8.38285,1169.91,824.61
Case2_American_C228,2.76818,8.33068,8.38223,1172.1,824.55
Case2_American_C228,2.775,8.32951,8.3814,1174.27,824.49
Case2_American_C228,2.78182,8.32813,8.38034,1176.42,824.43
Case2_American_C228,2.78864,8.32654,8.37908,1178.55,824.38
Case2_American_C228,2.79545,8.32473,8.3776,1180.66,824.32
Case2_American_C228,2.80227,8.32272,8.3759,1182.76,824.26
Case2_American_C228,2.80909,8.32049,8.37399,1184.84,824.21
Case2_American_C228,2.81591,8.31805,8.37187,1186.91,824.16
Case2_American_C228,2.82273,8.3154,8.36953,1188.96,824.1
Case2_American_C228,2.82955,8.31253,8.36698,1190.99,824.05
Case2_American_C228,2.83636,8.30946,8.36421,1193.01,823.99
Case2_American_C228,2.84318,8.30617,8.36123,1195.01,823.94
Case2_American_C228,2.85,8.30268,8.35804,1196.99,823.89
Case2_American_C228,2.85682,8.29897,8.35463,1198.96,823.84
Case2_American_C228,2.86364,8.29505,8.35101,1200.91,823.78
Case2_American_C228,2.87045,8.29092,8.34717,1202.85,823.73
Case2_American_C228,2.87727,8.28658,8.34313,1204.76,823.68
Case2_American_C228,2.88409,8.28203,8.33887,1206.65,823.63
Case2_American_C228,2.89091,8.27728,8.33439,1208.53,823.58
Case2_American_C228,2.89773,8.27231,8.32971,1210.38,823.53
Case2_American_C228,2.90455,8.26713,8.32481,1212.21,823.49
Case2_American_C228,2.91136,8.26174,8.3197,1214.03,823.44
Case2_American_C228,2.91818,8.25615,8.31438,1215.82,823.39
Case2_American_C228,2.925,8.25034,8.30885,1217.59,823.34
Case2_American_C228,2.93182,8.24433,8.30311,1219.35,823.3
Case2_American_C228,2.93864,8.23811,8.29715,1221.09,823.25
Case2_American_C228,2.94545,8.23168,8.29099,1222.8,823.2
Case2_American_C228,2.95227,8.22505,8.28462,1224.5,823.16
Case2_American_C228,2.95909,8.21821,8.27803,1226.18,823.11
Case2_American_C228,2.96591,8.21116,8.27124,1227.84,823.07
Case2_American_C228,2.97273,8.20391,8.26424,1229.48,823.02
Case2_American_C228,2.97955,8.19645,8.25702,1231.1,822.98
Case2_American_C228,2.98636,8.18878,8.2496,1232.7,822.94
Case2_American_C228,2.99318,8.18091,8.24197,1234.27,822.89
Case2_American_C228,3.0,8.17283,8.23414,1235.83,822.85
Case2_American_C228,3.00682,8.16455,8.22609,1237.36,822.81
Case2_American_C228,3.01364,8.15607,8.21784,1238.88,822.77
Case2_American_C228,3.02045,8.14738,8.20939,1240.38,822.73
Case2_American_C228,3.02727,8.13849,8.20072,1241.86,822.69
Case2_American_C228,3.03409,8.1294,8.19185,1243.31,822.65
Case2_American_C228,3.04091,8.12011,8.18278,1244.75,822.62
Case2_American_C228,3.04773,8.11061,8.1735,1246.16,822.58
Case2_American_C228,3.05455,8.10092,8.16401,1247.55,822.54
Case2_American_C228,3.06136,8.09102,8.15433,1248.92,822.51
Case2_American_C228,3.06818,8.08092,8.14443,1250.27,822.47
Case2_American_C228,3.075,8.07062,8.13434,1251.59,822.44
Case2_American_C228,3.08182,8.06013,8.12404,1252.9,822.4
Case2_American_C228,3.08864,8.04943,8.11355,1254.19,822.37
Case2_American_C228,3.09545,8.03854,8.10285,1255.45,822.33
Case2_American_C228,3.10227,8.02745,8.09195,1256.69,822.3
Case2_American_C228,3.10909,8.01616,8.08085,1257.9,822.27
Case2_American_C228,3.11591,8.00468,8.06954,1259.09,822.23
Case2_American_C228,3.12273,7.993,8.05805,1260.26,822.2
Case2_American_C228,3.12955,7.98113,8.04635,1261.41,822.17
Case2_American_C228,3.13636,7.96906,8.03445,1262.53,822.14
Case2_American_C228,3.14318,7.9568,8.02236,1263.63,822.12
Case2_American_C228,3.15,7.94434,8.01007,1264.71,822.09
Case2_American_C228,3.15682,7.9317,7.99758,1265.76,822.06
Case2_American_C228,3.16364,7.91886,7.9849,1266.79,822.03
Case2_American_C228,3.17045,7.90583,7.97203,1267.79,822.0
Case2_American_C228,3.17727,7.89261,7.95896,1268.78,821.97
Case2_American_C228,3.18409,7.87919,7.94569,1269.74,821.95
Case2_American_C228,3.19091,7.86559,7.93224,1270.69,821.92
Case2_American_C228,3.19773,7.8518,7.91859,1271.61,821.9
Case2_American_C228,3.20455,7.83783,7.90475,1272.51,821.88
Case2_American_C228,3.21136,7.82366,7.89072,1273.39,821.85
Case2_American_C228,3.21818,7.80931,7.8765,1274.24,821.83
Case2_American_C228,3.225,7.79478,7.86209,1275.07,821.81
Case2_American_C228,3.23182,7.78005,7.84749,1275.88,821.78
Case2_American_C228,3.23864,7.76515,7.83271,1276.67,821.76
Case2_American_C228,3.24545,7.75006,7.81773,1277.43,821.74
Case2_American_C228,3.25227,7.73479,7.80258,1278.17,821.72
Case2_American_C228,3.25909,7.71933,7.78723,1278.89,821.71
Case2_American_C228,3.26591,7.7037,7.7717,1279.58,821.69
Case2_American_C228,3.27273,7.68788,7.75599,1280.25,821.67
Case2_American_C228,3.27955,7.67189,7.7401,1280.9,821.65
Case2_American_C228,3.28636,7.65572,7.72402,1281.53,821.64
Case2_American_C228,3.29318,7.63937,7.70776,1282.13,821.62
Case2_American_C228,3.3,7.62284,7.69132,1282.71,821.61
Case2_American_C228,3.30682,7.60613,7.6747,1283.27,821.59
Case2_American_C228,3.31364,7.58925,7.6579,1283.8,821.58
Case2_American_C228,3.32045,7.5722,7.64093,1284.31,821.56
Case2_American_C228,3.32727,7.55497,7.62377,1284.8,821.55
Case2_American_C228,3.33409,7.53757,7.60645,1285.27,821.54
Case2_American_C228,3.34091,7.52,7.58894,1285.71,821.52
Case2_American_C228,3.34773,7.50226,7.57126,1286.13,821.51
Case2_American_C228,3.35455,7.48434,7.55341,1286.52,821.5
Case2_American_C228,3.36136,7.46626,7.53539,1286.9,821.49
Case2_American_C228,3.36818,7.44801,7.51719,1287.25,821.48
Case2_American_C228,3.375,7.42959,7.49882,1287.57,821.47
Case2_American_C228,3.38182,7.41101,7.48029,1287.88,821.46
Case2_American_C228,3.38864,7.39226,7.46158,1288.16,821.46
Case2_American_C228,3.39545,7.37334,7.44271,1288.42,821.45
Case2_American_C228,3.40227,7.35426,7.42367,1288.65,821.44
Case2_American_C228,3.40909,7.33502,7.40446,1288.87,821.44
Case2_American_C228,3.41591,7.31562,7.38509,1289.07,821.43
Case2_American_C228,3.42273,7.29606,7.36556,1289.24,821.43
Case2_American_C228,3.42955,7.27634,7.34586,1289.39,821.42
Case2_American_C228,3.43636,7.25646,7.326,1289.52,821.42
Case2_American_C228,3.44318,7.23642,7.30598,1289.62,821.41
Case2_American_C228,3.45,7.21623,7.28579,1289.71,821.41
Case2_American_C228,3.45682,7.19588,7.26545,1289.77,821.41
Case2_American_C228,3.46364,7.17537,7.24496,1289.81,821.41
Case2_American_C228,3.47045,7.15472,7.2243,1289.83,821.41
Case2_American_C228,3.47727,7.13391,7.20349,1289.82,821.41
Case2_American_C228,3.48409,7.11294,7.18253,1289.79,821.41
Case2_American_C228,3.49091,7.09183,7.16141,1289.73,821.41
Case2_American_C228,3.49773,7.07057,7.14014,1289.65,821.41
Case2_American_C228,3.50455,7.04916,7.11871,1289.55,821.42
Case2_American_C228,3.51136,7.02761,7.09714,1289.42,821.42
Case2_American_C228,3.51818,7.00591,7.07542,1289.27,821.42
Case2_American_C228,3.525,6.98406,7.05355,1289.09,821.43
Case2_American_C228,3.53182,6.96207,7.03153,1288.9,821.43
Case2_American_C228,3.53864,6.93994,7.00936,1288.68,821.44
Case2_American_C228,3.54545,6.91767,6.98705,1288.44,821.44
Case2_American_C228,3.55227,6.89525,6.9646,1288.18,821.45
Case2_American_C228,3.55909,6.8727,6.94201,1287.89,821.45
Case2_American_C228,3.56591,6.85001,6.91927,1287.58,821.46
Case2_American_C228,3.57273,6.82718,6.89639,1287.25,821.47
Case2_American_C228,3.57955,6.80422,6.87338,1286.89,821.48
Case2_American_C228,3.58636,6.78112,6.85022,1286.51,821.49
Case2_American_C228,3.59318,6.75789,6.82693,1286.1,821.5
Case2_American_C228,3.6,6.73453,6.80351,1285.68,821.51
Case2_American_C228,3.60682,6.71103,6.77994,1285.23,821.52
Case2_American_C228,3.61364,6.68741,6.75625,1284.76,821.53
Case2_American_C228,3.62045,6.66366,6.73242,1284.27,821.55
Case2_American_C228,3.62727,6.63978,6.70847,1283.75,821.56
Case2_American_C228,3.63409,6.61577,6.68438,1283.21,821.57
Case2_American_C228,3.64091,6.59164,6.66016,1282.64,821.59
Case2_American_C228,3.64773,6.56739,6.63582,1282.06,821.61
Case2_American_C228,3.65455,6.54301,6.61135,1281.45,821.62
Case2_American_C228,3.66136,6.51851,6.58676,1280.82,821.64
Case2_American_C228,3.66818,6.4939,6.56204,1280.16,821.65
Case2_American_C228,3.675,6.46916,6.5372,1279.48,821.67
Case2_American_C228,3.68182,6.44431,6.51224,1278.78,821.69
Case2_American_C228,3.68864,6.41934,6.48716,1278.06,821.71
Case2_American_C228,3.69545,6.39425,6.46196,1277.31,821.73
Case2_American_C228,3.70227,6.36905,6.43665,1276.54,821.75
Case2_American_C228,3.70909,6.34374,6.41122,1275.74,821.77
Case2_American_C228,3.71591,6.31832,6.38567,1274.92,821.79
Case2_American_C228,3.72273,6.29279,6.36001,1274.07,821.81
Case2_American_C228,3.72955,6.26715,6.33424,1273.21,821.84
Case2_American_C228,3.73636,6.24141,6.30836,1272.32,821.86
Case2_American_C228,3.74318,6.21555,6.28237,1271.4,821.88
Case2_American_C228,3.75,6.1896,6.25627,1270.47,821.91
Case2_American_C228,3.75682,6.16354,6.23007,1269.5,821.93
Case2_American_C228,3.76364,6.13738,6.20376,1268.52,821.96
Case2_American_C228,3.77045,6.11111,6.17734,1267.52,821.98
Case2_American_C228,3.77727,6.08475,6.15083,1266.49,822.01
Case2_American_C228,3.78409,6.05829,6.12421,1265.44,822.04
Case2_American_C228,3.79091,6.03174,6.09749,1264.37,822.06
Case2_American_C228,3.79773,6.00509,6.07068,1263.28,822.09
Case2_American_C228,3.80455,5.97834,6.04376,1262.17,822.12
Case2_American_C228,3.81136,5.95151,6.01675,1261.04,822.15
Case2_American_C228,3.81818,5.92458,5.98965,1259.88,822.18
Case2_American_C228,3.825,5.89756,5.96245,1258.7,822.21
Case2_American_C228,3.83182,5.87046,5.93517,1257.5,822.24
Case2_American_C228,3.83864,5.84326,5.90779,1256.28,822.28
Case2_American_C228,3.84545,5.81599,5.88032,1255.04,822.31
Case2_American_C228,3.85227,5.78863,5.85277,1253.77,822.34
Case2_American_C228,3.85909,5.76118,5.82513,1252.48,822.38
Case2_American_C228,3.86591,5.73366,5.7974,1251.17,822.41
Case2_American_C228,3.87273,5.70605,5.76959,1249.84,822.45
Case2_American_C228,3.87955,5.67837,5.7417,1248.49,822.48
Case2_American_C228,3.88636,5.6506,5.71373,1247.12,822.52
Case2_American_C228,3.89318,5.62277,5.68568,1245.73,822.56
Case2_American_C228,3.9,5.59486,5.65756,1244.32,822.59
Case2_American_C228,3.90682,5.56687,5.62935,1242.88,822.63
Case2_American_C228,3.91364,5.53882,5.60108,1241.42,822.67
Case2_American_C228,3.92045,5.51069,5.57273,1239.94,822.71
Case2_American_C228,3.92727,5.4825,5.54431,1238.44,822.75
Case2_American_C228,3.93409,5.45424,5.51582,1236.93,822.79
Case2_American_C228,3.94091,5.42591,5.48726,1235.39,822.83
Case2_American_C228,3.94773,5.39752,5.45863,1233.83,822.87
Case2_American_C228,3.95455,5.36907,5.42993,1232.25,822.91
Case2_American_C228,3.96136,5.34055,5.40118,1230.65,822.95
Case2_American_C228,3.96818,5.31198,5.37236,1229.03,822.99
Case2_American_C228,3.975,5.28334,5.34347,1227.39,823.04
Case2_American_C228,3.98182,5.25466,5.31453,1225.73,823.08
Case2_American_C228,3.98864,5.22591,5.28553,1224.05,823.12
Case2_American_C228,3.99545,5.19711,5.25647,1222.35,823.17
Case2_American_C228,4.00227,5.16826,5.22736,1220.63,823.21
Case2_American_C228,4.00909,5.13936,5.19819,1218.9,823.26
Case2_American_C228,4.01591,5.1104,5.16898,1217.15,823.3
Case2_American_C228,4.02273,5.0814,5.1397,1215.37,823.35
Case2_American_C228,4.02955,5.05236,5.11038,1213.58,823.4
Case2_American_C228,4.03636,5.02326,5.08102,1211.77,823.45
Case2_American_C228,4.04318,4.99413,5.0516,1209.94,823.49
Case2_American_C228,4.05,4.96495,5.02214,1208.1,823.54
Case2_American_C228,4.05682,4.93573,4.99264,1206.23,823.59
Case2_American_C228,4.06364,4.90647,4.96309,1204.35,823.64
Case2_American_C228,4.07045,4.87718,4.93351,1202.45,823.69
Case2_American_C228,4.07727,4.84784,4.90388,1200.52,823.74
Case2_American_C228,4.08409,4.81848,4.87422,1198.58,823.79
Case2_American_C228,4.09091,4.78908,4.84452,1196.62,823.85
Case2_American_C228,4.09773,4.75965,4.81479,1194.64,823.9
Case2_American_C228,4.10455,4.73018,4.78502,1192.64,823.95
Case2_American_C228,4.11136,4.70069,4.75523,1190.62,824.0
Case2_American_C228,4.11818,4.67117,4.7254,1188.59,824.06
Case2_American_C228,4.125,4.64163,4.69555,1186.53,824.11
Case2_American_C228,4.13182,4.61206,4.66566,1184.46,824.17
Case2_American_C228,4.13864,4.58247,4.63575,1182.38,824.22
Case2_American_C228,4.14545,4.55286,4.60582,1180.27,824.27
Case2_American_C228,4.15227,4.52323,4.57587,1178.15,824.33
Case2_American_C228,4.15909,4.49358,4.54589,1176.01,824.39
Case2_American_C228,4.16591,4.46391,4.5159,1173.85,824.44
Case2_American_C228,4.17273,4.43423,4.48589,1171.68,824.5
Case2_American_C228,4.17955,4.40454,4.45586,1169.48,824.56
Case2_American_C228,4.18636,4.37483,4.42582,1167.27,824.61
Case2_American_C228,4.19318,4.34511,4.39576,1165.04,824.67
Case2_American_C228,4.2,4.31538,4.36569,1162.8,824.73
Case2_American_C228,4.20682,4.28565,4.33561,1160.54,824.79
Case2_American_C228,4.21364,4.25591,4.30553,1158.27,824.85
Case2_American_C228,4.22045,4.22616,4.27543,1155.97,824.91
Case2_American_C228,4.22727,4.19642,4.24533,1153.66,824.97
Case2_American_C228,4.23409,4.16667,4.21523,1151.34,825.03
Case2_American_C228,4.24091,4.13692,4.18512,1148.99,825.1
Case2_American_C228,4.24773,4.10717,4.15501,1146.64,825.16
Case2_American_C228,4.25455,4.07742,4.12491,1144.26,825.22
Case2_American_C228,4.26136,4.04768,4.0948,1141.87,825.28
Case2_American_C228,4.26818,4.01795,4.0647,1139.46,825.35
Case2_American_C228,4.275,3.98822,4.03461,1137.04,825.41
Case2_American_C228,4.28182,3.9585,4.00452,1134.6,825.48
Case2_American_C228,4.28864,3.9288,3.97443,1132.15,825.54
Case2_American_C228,4.29545,3.8991,3.94436,1129.68,825.6
Case2_American_C228,4.30227,3.86942,3.9143,1127.19,825.67
Case2_American_C228,4.30909,3.83975,3.88426,1124.69,825.74
Case2_American_C228,4.31591,3.8101,3.85422,1122.17,825.8
Case2_American_C228,4.32273,3.78047,3.82421,1119.63,825.87
Case2_American_C228,4.32955,3.75086,3.79421,1117.08,825.94
Case2_American_C228,4.33636,3.72127,3.76423,1114.52,826.0
Case2_American_C228,4.34318,3.6917,3.73427,1111.94,826.07
Case2_American_C228,4.35,3.66216,3.70433,1109.35,826.14
Case2_American_C228,4.35682,3.63264,3.67441,1106.74,826.21
Case2_American_C228,4.36364,3.60315,3.64452,1104.12,826.28
Case2_American_C228,4.37045,3.57369,3.61466,1101.48,826.35
Case2_American_C228,4.37727,3.54426,3.58482,1098.83,826.42
Case2_American_C228,4.38409,3.51486,3.55502,1096.17,826.49
Case2_American_C228,4.39091,3.48549,3.52524,1093.5,826.56
Case2_American_C228,4.39773,3.45616,3.4955,1090.81,826.63
Case2_American_C228,4.40455,3.42686,3.46579,1088.11,826.7
Case2_American_C228,4.41136,3.3976,3.43612,1085.39,826.77
Case2_American_C228,4.41818,3.36838,3.40649,1082.67,826.84
Case2_American_C228,4.425,3.33921,3.37689,1079.93,826.91
Case2_American_C228,4.43182,3.31007,3.34734,1077.17,826.99
Case2_American_C228,4.43864,3.28098,3.31782,1074.41,827.06
Case2_American_C228,4.44545,3.25193,3.28835,1071.63,827.13
Case2_American_C228,4.45227,3.22293,3.25893,1068.84,827.21
Case2_American_C228,4.45909,3.19398,3.22955,1066.04,827.28
Case2_American_C228,4.46591,3.16507,3.20021,1063.22,827.36
Case2_American_C228,4.47273,3.13622,3.17093,1060.4,827.43
Case2_American_C228,4.47955,3.10742,3.1417,1057.56,827.51
Case2_American_C228,4.48636,3.07868,3.11252,1054.71,827.58
Case2_American_C228,4.49318,3.04999,3.08339,1051.85,827.66
Case2_American_C228,4.5,3.02136,3.05432,1048.98,827.73
Case2_American_C228,4.50682,2.99278,3.02531,1046.1,827.81
Case2_American_C228,4.51364,2.96427,2.99635,1043.2,827.89
Case2_American_C228,4.52045,2.93581,2.96746,1040.3,827.96
Case2_American_C228,4.52727,2.90742,2.93862,1037.38,828.04
Case2_American_C228,4.53409,2.8791,2.90985,1034.46,828.11
Case2_American_C228,4.54091,2.85084,2.88114,1031.53,828.19
Case2_American_C228,4.54773,2.82264,2.8525,1028.58,828.27
Case2_American_C228,4.55455,2.79452,2.82393,1025.62,828.35
Case2_American_C228,4.56136,2.76646,2.79542,1022.66,828.43
Case2_American_C228,4.56818,2.73848,2.76698,1019.69,828.5
Case2_American_C228,4.575,2.71057,2.73862,1016.7,828.58
Case2_American_C228,4.58182,2.68273,2.71032,1013.71,828.66
Case2_American_C228,4.58864,2.65497,2.68211,1010.71,828.74
Case2_American_C228,4.59545,2.62728,2.65396,1007.7,828.82
Case2_American_C228,4.60227,2.59968,2.6259,1004.69,828.9
Case2_American_C228,4.60909,2.57215,2.59791,1001.66,828.98
Case2_American_C228,4.61591,2.54471,2.57,998.63,829.06
Case2_American_C228,4.62273,2.51735,2.54218,995.59,829.14
Case2_American_C228,4.62955,2.49007,2.51444,992.54,829.22
Case2_American_C228,4.63636,2.46288,2.48678,989.49,829.3
Case2_American_C228,4.64318,2.43577,2.45921,986.42,829.38
Case2_American_C228,4.65,2.40875,2.43172,983.35,829.46
Case2_American_C228,4.65682,2.38183,2.40432,980.28,829.55
Case2_American_C228,4.66364,2.35499,2.37702,977.19,829.63
Case2_American_C228,4.67045,2.32825,2.3498,974.1,829.71
Case2_American_C228,4.67727,2.30159,2.32268,971.0,829.79
Case2_American_C228,4.68409,2.27504,2.29565,967.89,829.87
Case2_American_C228,4.69091,2.24858,2.26872,964.77,829.95
Case2_American_C228,4.69773,2.22222,2.24188,961.65,830.04
Case2_American_C228,4.70455,2.19596,2.21514,958.52,830.12
Case2_American_C228,4.71136,2.1698,2.1885,955.38,830.2
Case2_American_C228,4.71818,2.14374,2.16196,952.24,830.28
Case2_American_C228,4.725,2.11778,2.13553,949.1,830.37
Case2_American_C228,4.73182,2.09193,2.10919,945.94,830.45
Case2_American_C228,4.73864,2.06618,2.08297,942.79,830.53
Case2_American_C228,4.74545,2.04054,2.05685,939.62,830.62
Case2_American_C228,4.75227,2.01501,2.03083,936.46,830.7
Case2_American_C228,4.75909,1.98959,2.00493,933.28,830.78
Case2_American_C228,4.76591,1.96428,1.97913,930.1,830.87
Case2_American_C228,4.77273,1.93908,1.95345,926.92,830.95
Case2_American_C228,4.77955,1.914,1.92788,923.73,831.03
Case2_American_C228,4.78636,1.88903,1.90242,920.53,831.12
Case2_American_C228,4.79318,1.86417,1.87708,917.33,831.2
Case2_American_C228,4.8,1.83944,1.85186,914.13,831.29
Case2_American_C228,4.80682,1.81482,1.82675,910.93,831.37
Case2_American_C228,4.81364,1.79032,1.80177,907.72,831.46
Case2_American_C228,4.82045,1.76595,1.7769,904.5,831.54
Case2_American_C228,4.82727,1.74169,1.75215,901.29,831.63
Case2_American_C228,4.83409,1.71756,1.72753,898.07,831.71
Case2_American_C228,4.84091,1.69356,1.70304,894.84,831.8
Case2_American_C228,4.84773,1.66968,1.67866,891.61,831.88
Case2_American_C228,4.85455,1.64592,1.65442,888.38,831.97
Case2_American_C228,4.86136,1.6223,1.6303,885.15,832.05
Case2_American_C228,4.86818,1.59881,1.60631,881.91,832.14
Case2_American_C228,4.875,1.57544,1.58246,878.67,832.23
Case2_American_C228,4.88182,1.55221,1.55873,875.43,832.31
Case2_American_C228,4.88864,1.52911,1.53514,872.19,832.4
Case2_American_C228,4.89545,1.50615,1.51168,868.94,832.48
Case2_American_C228,4.90227,1.48332,1.48836,865.69,832.57
Case2_American_C228,4.90909,1.46063,1.46517,862.43,832.65
Case2_American_C228,4.91591,1.43808,1.44212,859.18,832.74
Case2_American_C228,4.92273,1.41567,1.41921,855.92,832.83
Case2_American_C228,4.92955,1.39339,1.39644,852.66,832.91
Case2_American_C228,4.93636,1.37126,1.37381,849.4,833.0
Case2_American_C228,4.94318,1.34927,1.35133,846.14,833.08
Case2_American_C228,4.95,1.32743,1.32898,842.88,833.17
Case2_American_C228,4.95682,1.30572,1.30679,839.62,833.26
Case2_American_C228,4.96364,1.28417,1.28473,836.36,833.34
Case2_American_C228,4.97045,1.26276,1.26283,833.1,833.43
Case2_American_C228,4.97727,1.2415,1.24107,829.84,833.51
Case2_American_C228,4.98409,1.22039,1.21946,826.58,833.6
Case2_American_C228,4.99091,1.19943,1.198,823.32,833.69
Case2_American_C228,4.99773,1.17862,1.17669,820.06,833.77
Case2_American_C228,5.00455,1.15796,1.15554,816.8,833.86
Case2_American_C228,5.01136,1.13746,1.13454,813.54,833.94
Case2_American_C228,5.01818,1.11711,1.11369,810.28,834.03
Case2_American_C228,5.025,1.09691,1.093,807.02,834.12
Case2_American_C228,5.03182,1.07687,1.07247,803.77,834.2
Case2_American_C228,5.03864,1.05699,1.05209,800.51,834.29
Case2_American_C228,5.04545,1.03727,1.03187,797.26,834.38
Case2_American_C228,5.05227,1.01771,1.01181,794.01,834.46
Case2_American_C228,5.05909,0.99831,0.99192,790.76,834.55
Case2_American_C228,5.06591,0.97907,0.97218,787.51,834.63
Case2_American_C228,5.07273,0.95999,0.95261,784.27,834.72
Case2_American_C228,5.07955,0.94108,0.9332,781.03,834.81
Case2_American_C228,5.08636,0.92233,0.91395,777.79,834.89
Case2_American_C228,5.09318,0.90374,0.89488,774.55,834.98
Case2_American_C228,5.1,0.88532,0.87597,771.32,835.06
Case2_American_C228,5.10682,0.86707,0.85722,768.09,835.15
Case2_American_C228,5.11364,0.84899,0.83865,764.86,835.23
Case2_American_C228,5.12045,0.83108,0.82024,761.64,835.32
Case2_American_C228,5.12727,0.81333,0.80201,758.42,835.4
Case2_American_C228,5.13409,0.79576,0.78395,755.2,835.49
Case2_American_C228,5.14091,0.77836,0.76605,751.99,835.57
Case2_American_C228,5.14773,0.76113,0.74834,748.78,835.66
Case2_American_C228,5.15455,0.74408,0.7308,745.58,835.74
Case2_American_C228,5.16136,0.7272,0.71343,742.38,835.83
Case2_American_C228,5.16818,0.7105,0.69624,739.19,835.91
Case2_American_C228,5.175,0.69397,0.67922,736.0,836.0
Case2_American_C228,5.18182,0.67762,0.66239,732.82,836.08
Case2_American_C228,5.18864,0.66144,0.64573,729.64,836.16
Case2_American_C228,5.19545,0.64545,0.62925,726.47,836.25
Case2_American_C228,5.20227,0.62963,0.61295,723.31,836.33
Case2_American_C228,5.20909,0.614,0.59683,720.15,836.41
Case2_American_C228,5.21591,0.59855,0.5809,717.0,836.5
Case2_American_C228,5.22273,0.58327,0.56515,713.85,836.58
Case2_American_C228,5.22955,0.56818,0.54958,710.71,836.66
Case2_American_C228,5.23636,0.55328,0.5342,707.58,836.75
Case2_American_C228,5.24318,0.53856,0.519,704.45,836.83
Case2_American_C228,5.25,0.52402,0.50398,701.33,836.91
Case2_American_C228,5.25682,0.50967,0.48916,698.22,837.0
Case2_American_C228,5.26364,0.49551,0.47452,695.11,837.08
Case2_American_C228,5.27045,0.48153,0.46007,692.01,837.16
Case2_American_C228,5.27727,0.46774,0.44581,688.92,837.24
Case2_American_C228,5.28409,0.45414,0.43174,685.83,837.32
Case2_American_C228,5.29091,0.44073,0.41786,682.75,837.4
Case2_American_C228,5.29773,0.42751,0.40417,679.68,837.49
Case2_American_C228,5.30455,0.41448,0.39067,676.62,837.57
Case2_American_C228,5.31136,0.40164,0.37736,673.56,837.65
Case2_American_C228,5.31818,0.38899,0.36425,670.52,837.73
Case2_American_C228,5.325,0.37653,0.35133,667.48,837.81
Case2_American_C228,5.33182,0.36427,0.33861,664.45,837.89
Case2_American_C228,5.33864,0.3522,0.32608,661.43,837.97
Case2_American_C228,5.34545,0.34033,0.31375,658.42,838.05
Case2_American_C228,5.35227,0.32865,0.30161,655.42,838.13
Case2_American_C228,5.35909,0.31717,0.28967,652.42,838.2
Case2_American_C228,5.36591,0.30588,0.27793,649.44,838.28
Case2_American_C228,5.37273,0.29479,0.26639,646.46,838.36
Case2_American_C228,5.37955,0.2839,0.25504,643.49,838.44
Case2_American_C228,5.38636,0.27321,0.2439,640.54,838.52
Case2_American_C228,5.39318,0.26271,0.23295,637.59,838.6
Case2_American_C228,5.4,0.25241,0.22221,634.66,838.67
Case2_American_C228,5.40682,0.24232,0.21166,631.73,838.75
Case2_American_C228,5.41364,0.23242,0.20132,628.82,838.83
Case2_American_C228,5.42045,0.22272,0.19118,625.91,838.91
Case2_American_C228,5.42727,0.21323,0.18124,623.02,838.98
Case2_American_C228,5.43409,0.20393,0.17151,620.13,839.06
Case2_American_C228,5.44091,0.19484,0.16198,617.26,839.14
Case2_American_C228,5.44773,0.18595,0.15265,614.4,839.21
Case2_American_C228,5.45455,0.17726,0.14353,611.55,839.29
Case2_American_C228,5.46136,0.16878,0.13461,608.71,839.36
Case2_American_C228,5.46818,0.1605,0.1259,605.88,839.44
Case2_American_C228,5.475,0.15242,0.11739,603.06,839.51
Case2_American_C228,5.48182,0.14455,0.10909,600.25,839.59
Case2_American_C228,5.48864,0.13689,0.101,597.46,839.66
Case2_American_C228,5.49545,0.12943,0.09312,594.67,839.73
Case2_American_C228,5.50227,0.12217,0.08544,591.9,839.81
Case2_American_C228,5.50909,0.11513,0.07797,589.14,839.88
Case2_American_C228,5.51591,0.10828,0.07071,586.39,839.95
Case2_American_C228,5.52273,0.10165,0.06366,583.66,840.03
Case2_American_C228,5.52955,0.09522,0.05681,580.93,840.1
Case2_American_C228,5.53636,0.089,0.05018,578.22,840.17
Case2_American_C228,5.54318,0.08299,0.04376,575.53,840.24
Case2_American_C228,5.55,0.07719,0.03754,572.84,840.31
Case2_American_C228,5.55682,0.07159,0.03154,570.17,840.38
Case2_American_C228,5.56364,0.0662,0.02575,567.51,840.45
Case2_American_C228,5.57045,0.06103,0.02017,564.87,840.52
Case2_American_C228,5.57727,0.05606,0.0148,562.24,840.59
Case2_American_C228,5.58409,0.0513,0.00964,559.63,840.66
Case2_American_C228,5.59091,0.04675,0.00469,557.02,840.73
Case2_American_C228,5.59773,0.04241,-4e-05,554.44,840.8
Case2_American_C228,5.60455,0.03828,-0.00456,551.86,840.87
Case2_American_C228,5.61136,0.03436,-0.00887,549.3,840.93
Case2_American_C228,5.61818,0.03066,-0.01297,546.76,841.0
Case2_American_C228,5.625,0.02716,-0.01685,544.23,841.07
Case2_American_C228,5.63182,0.02387,-0.02052,541.71,841.14
Case2_American_C228,5.63864,0.0208,-0.02398,539.21,841.2
Case2_American_C228,5.64545,0.01794,-0.02722,536.72,841.27
Case2_American_C228,5.65227,0.01528,-0.03025,534.25,841.33
Case2_American_C228,5.65909,0.01284,-0.03307,531.8,841.4
Case2_American_C228,5.66591,0.01062,-0.03567,529.36,841.46
Case2_American_C228,5.67273,0.0086,-0.03806,526.93,841.53
Case2_American_C228,5.67955,0.0068,-0.04023,524.52,841.59
Case2_American_C228,5.68636,0.0052,-0.04219,522.13,841.66
Case2_American_C228,5.69318,0.00382,-0.04393,519.75,841.72
Case2_American_C228,5.7,0.00265,-0.04546,517.39,841.78
Case2_American_C228,5.70682,0.0017,-0.04677,515.04,841.84
Case2_American_C228,5.71364,0.00096,-0.04787,512.71,841.9
Case2_American_C228,5.72045,0.00042,-0.04876,510.4,841.97
Case2_American_C228,5.72727,0.00011,-0.04942,508.1,842.03
Case2_American_C228,5.73409,0.0,-0.04988,505.83,842.09
Case2_American_C228,5.74091,0.00011,-0.05012,503.56,842.15
Case2_American_C228,5.74773,0.00042,-0.05014,501.32,842.21
Case2_American_C228,5.75455,0.00096,-0.04995,499.09,842.27
Case2_American_C228,5.76136,0.0017,-0.04955,496.88,842.32
Case2_American_C228,5.76818,0.00265,-0.04893,494.68,842.38
Case2_American_C228,5.775,0.00382,-0.04809,492.5,842.44
Case2_American_C228,5.78182,0.0052,-0.04704,490.35,842.5
Case2_American_C228,5.78864,0.0068,-0.04578,488.21,842.55
Case2_American_C228,5.79545,0.0086,-0.0443,486.08,842.61
Case2_American_C228,5.80227,0.01062,-0.0426,483.98,842.67
Case2_American_C228,5.80909,0.01284,-0.04069,481.89,842.72
Case2_American_C228,5.81591,0.01528,-0.03857,479.82,842.78
Case2_American_C228,5.82273,0.01794,-0.03623,477.77,842.83
Case2_American_C228,5.82955,0.0208,-0.03368,475.74,842.89
Case2_American_C228,5.83636,0.02387,-0.03091,473.73,842.94
Case2_American_C228,5.84318,0.02716,-0.02793,471.73,842.99
Case2_American_C228,5.85,0.03066,-0.02474,469.76,843.04
Case2_American_C228,5.85682,0.03436,-0.02133,467.8,843.1
Case2_American_C228,5.86364,0.03828,-0.01771,465.86,843.15
Case2_American_C228,5.87045,0.04241,-0.01387,463.94,843.2
Case2_American_C228,5.87727,0.04675,-0.00982,462.03,843.25
Case2_American_C228,5.88409,0.0513,-0.00556,460.15,843.3
Case2_American_C228,5.89091,0.05606,-0.00109,458.29,843.35
Case2_American_C228,5.89773,0.06103,0.0036,456.44,843.4
Case2_American_C228,5.90455,0.0662,0.0085,454.61,843.45
Case2_American_C228,5.91136,0.07159,0.01361,452.81,843.49
Case2_American_C228,5.91818,0.07719,0.01893,451.02,843.54
Case2_American_C228,5.925,0.08299,0.02447,449.25,843.59
Case2_American_C228,5.93182,0.089,0.03021,447.51,843.63
Case2_American_C228,5.93864,0.09522,0.03617,445.78,843.68
Case2_American_C228,5.94545,0.10165,0.04233,444.07,843.73
Case2_American_C228,5.95227,0.10828,0.04871,442.38,843.77
Case2_American_C228,5.95909,0.11513,0.0553,440.71,843.81
Case2_American_C228,5.96591,0.12217,0.06209,439.06,843.86
Case2_American_C228,5.97273,0.12943,0.0691,437.43,843.9
Case2_American_C228,5.97955,0.13689,0.07631,435.83,843.94
Case2_American_C228,5.98636,0.14455,0.08373,434.24,843.99
Case2_American_C228,5.99318,0.15242,0.09137,432.67,844.03
Case3_Lufkin_M228,0.0,0.04241,0.0274,2342.65,2719.31
Case3_Lufkin_M228,0.00397,0.0446,0.02955,2341.52,2719.34
Case3_Lufkin_M228,0.00794,0.04686,0.03176,2340.4,2719.37
Case3_Lufkin_M228,0.01192,0.04917,0.03402,2339.28,2719.39
Case3_Lufkin_M228,0.01589,0.05153,0.03634,2338.17,2719.42
Case3_Lufkin_M228,0.01986,0.05395,0.03872,2337.05,2719.45
Case3_Lufkin_M228,0.02383,0.05643,0.04115,2335.94,2719.48
Case3_Lufkin_M228,0.02781,0.05896,0.04363,2334.83,2719.51
Case3_Lufkin_M228,0.03178,0.06155,0.04618,2333.73,2719.54
Case3_Lufkin_M228,0.03575,0.06419,0.04877,2332.62,2719.57
Case3_Lufkin_M228,0.03972,0.06689,0.05142,2331.52,2719.6
Case3_Lufkin_M228,0.0437,0.06964,0.05413,2330.42,2719.63
Case3_Lufkin_M228,0.04767,0.07244,0.05689,2329.33,2719.66
Case3_Lufkin_M228,0.05164,0.0753,0.05971,2328.25,2719.68
Case3_Lufkin_M228,0.05561,0.07822,0.06258,2327.17,2719.71
Case3_Lufkin_M228,0.05959,0.08119,0.06551,2326.09,2719.74
Case3_Lufkin_M228,0.06356,0.08422,0.06849,2325.02,2719.77
Case3_Lufkin_M228,0.06753,0.0873,0.07153,2323.95,2719.8
Case3_Lufkin_M228,0.0715,0.09044,0.07462,2322.89,2719.83
Case3_Lufkin_M228,0.07548,0.09363,0.07777,2321.84,2719.85
Case3_Lufkin_M228,0.07945,0.09687,0.08097,2320.78,2719.88
Case3_Lufkin_M228,0.08342,0.10017,0.08423,2319.74,2719.91
Case3_Lufkin_M228,0.08739,0.10353,0.08754,2318.69,2719.94
Case3_Lufkin_M228,0.09137,0.10694,0.09091,2317.65,2719.97
Case3_Lufkin_M228,0.09534,0.11041,0.09433,2316.61,2719.99
Case3_Lufkin_M228,0.09931,0.11392,0.09781,2315.58,2720.02
Case3_Lufkin_M228,0.10328,0.1175,0.10134,2314.55,2720.05
Case3_Lufkin_M228,0.10726,0.12113,0.10493,2313.52,2720.08
Case3_Lufkin_M228,0.11123,0.12481,0.10857,2312.5,2720.1
Case3_Lufkin_M228,0.1152,0.12855,0.11226,2311.48,2720.13
Case3_Lufkin_M228,0.11917,0.13234,0.11601,2310.47,2720.16
Case3_Lufkin_M228,0.12315,0.13619,0.11982,2309.47,2720.19
Case3_Lufkin_M228,0.12712,0.14009,0.12368,2308.47,2720.21
Case3_Lufkin_M228,0.13109,0.14404,0.12759,2307.47,2720.24
Case3_Lufkin_M228,0.13506,0.14805,0.13156,2306.48,2720.26
Case3_Lufkin_M228,0.13904,0.15211,0.13558,2305.49,2720.29
Case3_Lufkin_M228,0.14301,0.15623,0.13966,2304.5,2720.31
Case3_Lufkin_M228,0.14698,0.1604,0.14379,2303.52,2720.34
Case3_Lufkin_M228,0.15095,0.16463,0.14798,2302.54,2720.37
Case3_Lufkin_M228,0.15493,0.16891,0.15222,2301.57,2720.39
Case3_Lufkin_M228,0.1589,0.17324,0.15651,2300.61,2720.42
Case3_Lufkin_M228,0.16287,0.17763,0.16086,2299.65,2720.44
Case3_Lufkin_M228,0.16684,0.18207,0.16526,2298.7,2720.47
Case3_Lufkin_M228,0.17082,0.18657,0.16972,2297.75,2720.49
Case3_Lufkin_M228,0.17479,0.19111,0.17423,2296.8,2720.52
Case3_Lufkin_M228,0.17876,0.19572,0.17879,2295.87,2720.54
Case3_Lufkin_M228,0.18273,0.20037,0.18341,2294.94,2720.57
Case3_Lufkin_M228,0.18671,0.20508,0.18808,2294.01,2720.59
Case3_Lufkin_M228,0.19068,0.20985,0.19281,2293.09,2720.62
Case3_Lufkin_M228,0.19465,0.21466,0.19759,2292.18,2720.64
Case3_Lufkin_M228,0.19862,0.21953,0.20242,2291.27,2720.66
Case3_Lufkin_M228,0.2026,0.22446,0.20731,2290.37,2720.69
Case3_Lufkin_M228,0.20657,0.22944,0.21225,2289.47,2720.71
Case3_Lufkin_M228,0.21054,0.23447,0.21724,2288.58,2720.73
Case3_Lufkin_M228,0.21451,0.23955,0.22229,2287.7,2720.76
Case3_Lufkin_M228,0.21849,0.24469,0.22739,2286.82,2720.78
Case3_Lufkin_M228,0.22246,0.24988,0.23255,2285.95,2720.8
Case3_Lufkin_M228,0.22643,0.25512,0.23775,2285.07,2720.83
Case3_Lufkin_M228,0.2304,0.26042,0.24302,2284.2,2720.85
Case3_Lufkin_M228,0.23438,0.26577,0.24833,2283.34,2720.88
Case3_Lufkin_M228,0.23835,0.27117,0.2537,2282.48,2720.9
Case3_Lufkin_M228,0.24232,0.27662,0.25912,2281.62,2720.92
Case3_Lufkin_M228,0.24629,0.28213,0.26459,2280.77,2720.94
Case3_Lufkin_M228,0.25026,0.28769,0.27011,2279.92,2720.96
Case3_Lufkin_M228,0.25424,0.2933,0.27569,2279.08,2720.99
Case3_Lufkin_M228,0.25821,0.29897,0.28133,2278.24,2721.01
Case3_Lufkin_M228,0.26218,0.30469,0.28701,2277.41,2721.03
Case3_Lufkin_M228,0.26615,0.31046,0.29275,2276.58,2721.05
Case3_Lufkin_M228,0.27013,0.31628,0.29854,2275.76,2721.07
Case3_Lufkin_M228,0.2741,0.32216,0.30438,2274.95,2721.09
Case3_Lufkin_M228,0.27807,0.32808,0.31027,2274.14,2721.11
Case3_Lufkin_M228,0.28204,0.33406,0.31622,2273.33,2721.13
Case3_Lufkin_M228,0.28602,0.3401,0.32222,2272.53,2721.15
Case3_Lufkin_M228,0.28999,0.34618,0.32827,2271.74,2721.18
Case3_Lufkin_M228,0.29396,0.35232,0.33437,2270.95,2721.2
Case3_Lufkin_M228,0.29793,0.3585,0.34053,2270.16,2721.21
Case3_Lufkin_M228,0.30191,0.36474,0.34674,2269.37,2721.24
Case3_Lufkin_M228,0.30588,0.37104,0.353,2268.59,2721.26
Case3_Lufkin_M228,0.30985,0.37738,0.35931,2267.82,2721.28
Case3_Lufkin_M228,0.31382,0.38377,0.36567,2267.05,2721.3
Case3_Lufkin_M228,0.3178,0.39022,0.37209,2266.29,2721.32
Case3_Lufkin_M228,0.32177,0.39672,0.37856,2265.53,2721.34
Case3_Lufkin_M228,0.32574,0.40327,0.38507,2264.78,2721.36
Case3_Lufkin_M228,0.32971,0.40987,0.39164,2264.03,2721.38
Case3_Lufkin_M228,0.33369,0.41652,0.39827,2263.29,2721.4
Case3_Lufkin_M228,0.33766,0.42323,0.40494,2262.55,2721.42
Case3_Lufkin_M228,0.34163,0.42998,0.41166,2261.81,2721.44
Case3_Lufkin_M228,0.3456,0.43679,0.41844,2261.08,2721.46
Case3_Lufkin_M228,0.34958,0.44364,0.42527,2260.35,2721.48
Case3_Lufkin_M228,0.35355,0.45055,0.43214,2259.62,2721.5
Case3_Lufkin_M228,0.35752,0.45751,0.43907,2258.9,2721.52
Case3_Lufkin_M228,0.36149,0.46452,0.44605,2258.18,2721.53
Case3_Lufkin_M228,0.36547,0.47158,0.45308,2257.47,2721.55
Case3_Lufkin_M228,0.36944,0.47869,0.46016,2256.76,2721.57
Case3_Lufkin_M228,0.37341,0.48585,0.4673,2256.05,2721.59
Case3_Lufkin_M228,0.37738,0.49306,0.47448,2255.35,2721.61
Case3_Lufkin_M228,0.38136,0.50032,0.48171,2254.65,2721.63
Case3_Lufkin_M228,0.38533,0.50763,0.489,2253.96,2721.65
Case3_Lufkin_M228,0.3893,0.515,0.49633,2253.27,2721.66
Case3_Lufkin_M228,0.39327,0.52241,0.50372,2252.58,2721.68
Case3_Lufkin_M228,0.39725,0.52987,0.51115,2251.9,2721.7
Case3_Lufkin_M228,0.40122,0.53738,0.51864,2251.23,2721.72
Case3_Lufkin_M228,0.40519,0.54495,0.52617,2250.57,2721.73
Case3_Lufkin_M228,0.40916,0.55256,0.53376,2249.91,2721.75
Case3_Lufkin_M228,0.41314,0.56022,0.54139,2249.25,2721.77
Case3_Lufkin_M228,0.41711,0.56793,0.54908,2248.6,2721.79
Case3_Lufkin_M228,0.42108,0.57569,0.55681,2247.96,2721.8
Case3_Lufkin_M228,0.42505,0.58351,0.5646,2247.32,2721.82
Case3_Lufkin_M228,0.42903,0.59137,0.57243,2246.69,2721.84
Case3_Lufkin_M228,0.433,0.59927,0.58031,2246.06,2721.85
Case3_Lufkin_M228,0.43697,0.60723,0.58825,2245.43,2721.87
Case3_Lufkin_M228,0.44094,0.61524,0.59623,2244.81,2721.89
Case3_Lufkin_M228,0.44492,0.6233,0.60426,2244.19,2721.91
Case3_Lufkin_M228,0.44889,0.6314,0.61234,2243.58,2721.92
Case3_Lufkin_M228,0.45286,0.63956,0.62047,2242.98,2721.94
Case3_Lufkin_M228,0.45683,0.64776,0.62865,2242.37,2721.95
Case3_Lufkin_M228,0.46081,0.65601,0.63687,2241.78,2721.97
Case3_Lufkin_M228,0.46478,0.66431,0.64515,2241.19,2721.99
Case3_Lufkin_M228,0.46875,0.67266,0.65348,2240.61,2722.0
Case3_Lufkin_M228,0.47272,0.68106,0.66185,2240.03,2722.02
Case3_Lufkin_M228,0.47669,0.6895,0.67027,2239.46,2722.03
Case3_Lufkin_M228,0.48067,0.698,0.67874,2238.89,2722.05
Case3_Lufkin_M228,0.48464,0.70654,0.68726,2238.32,2722.06
Case3_Lufkin_M228,0.48861,0.71513,0.69583,2237.77,2722.07
Case3_Lufkin_M228,0.49258,0.72377,0.70444,2237.21,2722.09
Case3_Lufkin_M228,0.49656,0.73245,0.71311,2236.66,2722.1
Case3_Lufkin_M228,0.50053,0.74119,0.72182,2236.12,2722.12
Case3_Lufkin_M228,0.5045,0.74997,0.73058,2235.58,2722.13
Case3_Lufkin_M228,0.50847,0.7588,0.73938,2235.05,2722.15
Case3_Lufkin_M228,0.51245,0.76767,0.74824,2234.53,2722.16
Case3_Lufkin_M228,0.51642,0.7766,0.75714,2234.01,2722.17
Case3_Lufkin_M228,0.52039,0.78557,0.76609,2233.5,2722.19
Case3_Lufkin_M228,0.52436,0.79458,0.77509,2233.0,2722.2
Case3_Lufkin_M228,0.52834,0.80365,0.78413,2232.5,2722.21
Case3_Lufkin_M228,0.53231,0.81276,0.79322,2232.01,2722.23
Case3_Lufkin_M228,0.53628,0.82192,0.80236,2231.52,2722.24
Case3_Lufkin_M228,0.54025,0.83112,0.81155,2231.04,2722.25
Case3_Lufkin_M228,0.54423,0.84038,0.82078,2230.57,2722.27
Case3_Lufkin_M228,0.5482,0.84967,0.83006,2230.1,2722.28
Case3_Lufkin_M228,0.55217,0.85902,0.83938,2229.64,2722.29
Case3_Lufkin_M228,0.55614,0.86841,0.84876,2229.19,2722.3
Case3_Lufkin_M228,0.56012,0.87785,0.85817,2228.74,2722.31
Case3_Lufkin_M228,0.56409,0.88733,0.86764,2228.3,2722.33
Case3_Lufkin_M228,0.56806,0.89686,0.87715,2227.86,2722.34
Case3_Lufkin_M228,0.57203,0.90644,0.88671,2227.43,2722.35
Case3_Lufkin_M228,0.57601,0.91606,0.89631,2226.99,2722.36
Case3_Lufkin_M228,0.57998,0.92572,0.90596,2226.57,2722.37
Case3_Lufkin_M228,0.58395,0.93544,0.91566,2226.15,2722.38
Case3_Lufkin_M228,0.58792,0.94519,0.9254,2225.73,2722.39
Case3_Lufkin_M228,0.5919,0.955,0.93519,2225.32,2722.4
Case3_Lufkin_M228,0.59587,0.96485,0.94502,2224.92,2722.41
Case3_Lufkin_M228,0.59984,0.97474,0.9549,2224.52,2722.42
Case3_Lufkin_M228,0.60381,0.98468,0.96482,2224.13,2722.44
Case3_Lufkin_M228,0.60779,0.99466,0.97479,2223.74,2722.45
Case3_Lufkin_M228,0.61176,1.00469,0.9848,2223.36,2722.45
Case3_Lufkin_M228,0.61573,1.01476,0.99486,2222.98,2722.46
Case3_Lufkin_M228,0.6197,1.02488,1.00496,2222.61,2722.47
Case3_Lufkin_M228,0.62368,1.03504,1.01511,2222.25,2722.48
Case3_Lufkin_M228,0.62765,1.04525,1.0253,2221.89,2722.49
Case3_Lufkin_M228,0.63162,1.0555,1.03554,2221.54,2722.5
Case3_Lufkin_M228,0.63559,1.0658,1.04582,2221.19,2722.51
Case3_Lufkin_M228,0.63957,1.07614,1.05614,2220.85,2722.52
Case3_Lufkin_M228,0.64354,1.08652,1.06651,2220.51,2722.53
Case3_Lufkin_M228,0.64751,1.09695,1.07692,2220.17,2722.54
Case3_Lufkin_M228,0.65148,1.10742,1.08738,2219.84,2722.54
Case3_Lufkin_M228,0.65546,1.11793,1.09788,2219.52,2722.55
Case3_Lufkin_M228,0.65943,1.12849,1.10843,2219.2,2722.56
Case3_Lufkin_M228,0.6634,1.13909,1.11902,2218.89,2722.57
Case3_Lufkin_M228,0.66737,1.14973,1.12965,2218.59,2722.58
Case3_Lufkin_M228,0.67135,1.16042,1.14032,2218.29,2722.59
Case3_Lufkin_M228,0.67532,1.17115,1.15104,2218.0,2722.6
Case3_Lufkin_M228,0.67929,1.18192,1.1618,2217.7,2722.6
Case3_Lufkin_M228,0.68326,1.19274,1.1726,2217.42,2722.61
Case3_Lufkin_M228,0.68724,1.2036,1.18345,2217.14,2722.62
Case3_Lufkin_M228,0.69121,1.2145,1.19434,2216.86,2722.63
Case3_Lufkin_M228,0.69518,1.22544,1.20527,2216.59,2722.63
Case3_Lufkin_M228,0.69915,1.23643,1.21625,2216.32,2722.64
Case3_Lufkin_M228,0.70312,1.24746,1.22726,2216.05,2722.65
Case3_Lufkin_M228,0.7071,1.25853,1.23832,2215.8,2722.65
Case3_Lufkin_M228,0.71107,1.26964,1.24943,2215.54,2722.66
Case3_Lufkin_M228,0.71504,1.28079,1.26057,2215.29,2722.67
Case3_Lufkin_M228,0.71901,1.29199,1.27175,2215.05,2722.67
Case3_Lufkin_M228,0.72299,1.30322,1.28298,2214.8,2722.68
Case3_Lufkin_M228,0.72696,1.3145,1.29425,2214.57,2722.69
Case3_Lufkin_M228,0.73093,1.32582,1.30556,2214.34,2722.69
Case3_Lufkin_M228,0.7349,1.33718,1.31691,2214.11,2722.7
Case3_Lufkin_M228,0.73888,1.34858,1.3283,2213.89,2722.7
Case3_Lufkin_M228,0.74285,1.36002,1.33974,2213.67,2722.71
Case3_Lufkin_M228,0.74682,1.37151,1.35121,2213.46,2722.71
Case3_Lufkin_M228,0.75079,1.38303,1.36273,2213.26,2722.72
Case3_Lufkin_M228,0.75477,1.3946,1.37428,2213.07,2722.72
Case3_Lufkin_M228,0.75874,1.4062,1.38588,2212.88,2722.73
Case3_Lufkin_M228,0.76271,1.41785,1.39752,2212.7,2722.74
Case3_Lufkin_M228,0.76668,1.42953,1.40919,2212.52,2722.74
Case3_Lufkin_M228,0.77066,1.44126,1.42091,2212.34,2722.75
Case3_Lufkin_M228,0.77463,1.45302,1.43267,2212.18,2722.75
Case3_Lufkin_M228,0.7786,1.46483,1.44447,2212.01,2722.76
Case3_Lufkin_M228,0.78257,1.47667,1.45631,2211.86,2722.76
Case3_Lufkin_M228,0.78655,1.48855,1.46818,2211.7,2722.76
Case3_Lufkin_M228,0.79052,1.50048,1.4801,2211.56,2722.77
Case3_Lufkin_M228,0.79449,1.51244,1.49206,2211.41,2722.77
Case3_Lufkin_M228,0.79846,1.52444,1.50405,2211.28,2722.78
Case3_Lufkin_M228,0.80244,1.53648,1.51609,2211.14,2722.78
Case3_Lufkin_M228,0.80641,1.54856,1.52816,2211.02,2722.78
Case3_Lufkin_M228,0.81038,1.56068,1.54027,2210.9,2722.79
Case3_Lufkin_M228,0.81435,1.57284,1.55243,2210.79,2722.79
Case3_Lufkin_M228,0.81833,1.58503,1.56462,2210.68,2722.79
Case3_Lufkin_M228,0.8223,1.59726,1.57685,2210.58,2722.8
Case3_Lufkin_M228,0.82627,1.60954,1.58911,2210.48,2722.8
Case3_Lufkin_M228,0.83024,1.62184,1.60142,2210.39,2722.8
Case3_Lufkin_M228,0.83422,1.63419,1.61376,2210.3,2722.8
Case3_Lufkin_M228,0.83819,1.64658,1.62615,2210.22,2722.8
Case3_Lufkin_M228,0.84216,1.659,1.63856,2210.15,2722.8
Case3_Lufkin_M228,0.84613,1.67146,1.65102,2210.08,2722.81
Case3_Lufkin_M228,0.85011,1.68396,1.66352,2210.01,2722.81
Case3_Lufkin_M228,0.85408,1.69649,1.67605,2209.96,2722.81
Case3_Lufkin_M228,0.85805,1.70906,1.68862,2209.91,2722.81
Case3_Lufkin_M228,0.86202,1.72167,1.70123,2209.86,2722.81
Case3_Lufkin_M228,0.866,1.73432,1.71387,2209.83,2722.81
Case3_Lufkin_M228,0.86997,1.747,1.72655,2209.79,2722.82
Case3_Lufkin_M228,0.87394,1.75972,1.73927,2209.77,2722.82
Case3_Lufkin_M228,0.87791,1.77247,1.75202,2209.75,2722.82
Case3_Lufkin_M228,0.88189,1.78526,1.76481,2209.74,2722.82
Case3_Lufkin_M228,0.88586,1.79809,1.77764,2209.73,2722.82
Case3_Lufkin_M228,0.88983,1.81095,1.7905,2209.74,2722.82
Case3_Lufkin_M228,0.8938,1.82385,1.8034,2209.74,2722.82
Case3_Lufkin_M228,0.89778,1.83679,1.81634,2209.76,2722.82
Case3_Lufkin_M228,0.90175,1.84976,1.82931,2209.78,2722.82
Case3_Lufkin_M228,0.90572,1.86276,1.84231,2209.8,2722.82
Case3_Lufkin_M228,0.90969,1.8758,1.85535,2209.83,2722.82
Case3_Lufkin_M228,0.91367,1.88888,1.86843,2209.87,2722.82
Case3_Lufkin_M228,0.91764,1.90199,1.88154,2209.91,2722.81
Case3_Lufkin_M228,0.92161,1.91513,1.89469,2209.96,2722.81
Case3_Lufkin_M228,0.92558,1.92831,1.90787,2210.01,2722.81
Case3_Lufkin_M228,0.92956,1.94153,1.92109,2210.06,2722.81
Case3_Lufkin_M228,0.93353,1.95478,1.93434,2210.12,2722.81
Case3_Lufkin_M228,0.9375,1.96806,1.94763,2210.19,2722.81
Case3_Lufkin_M228,0.94147,1.98138,1.96095,2210.26,2722.8
Case3_Lufkin_M228,0.94544,1.99473,1.9743,2210.34,2722.8
Case3_Lufkin_M228,0.94942,2.00811,1.98769,2210.43,2722.8
Case3_Lufkin_M228,0.95339,2.02153,2.00111,2210.51,2722.8
Case3_Lufkin_M228,0.95736,2.03498,2.01457,2210.61,2722.79
Case3_Lufkin_M228,0.96133,2.04847,2.02805,2210.71,2722.79
Case3_Lufkin_M228,0.96531,2.06198,2.04158,2210.82,2722.79
Case3_Lufkin_M228,0.96928,2.07554,2.05513,2210.93,2722.78
Case3_Lufkin_M228,0.97325,2.08912,2.06872,2211.05,2722.78
Case3_Lufkin_M228,0.97722,2.10274,2.08234,2211.18,2722.78
Case3_Lufkin_M228,0.9812,2.11638,2.096,2211.31,2722.77
Case3_Lufkin_M228,0.98517,2.13007,2.10968,2211.44,2722.77
Case3_Lufkin_M228,0.98914,2.14378,2.1234,2211.58,2722.77
Case3_Lufkin_M228,0.99311,2.15753,2.13716,2211.72,2722.76
Case3_Lufkin_M228,0.99709,2.1713,2.15094,2211.87,2722.76
Case3_Lufkin_M228,1.00106,2.18511,2.16476,2212.03,2722.76
Case3_Lufkin_M228,1.00503,2.19895,2.1786,2212.19,2722.75
Case3_Lufkin_M228,1.009,2.21283,2.19248,2212.36,2722.75
Case3_Lufkin_M228,1.01298,2.22673,2.20639,2212.53,2722.75
Case3_Lufkin_M228,1.01695,2.24067,2.22034,2212.71,2722.74
Case3_Lufkin_M228,1.02092,2.25463,2.23431,2212.9,2722.73
Case3_Lufkin_M228,1.02489,2.26863,2.24832,2213.08,2722.73
Case3_Lufkin_M228,1.02887,2.28266,2.26235,2213.28,2722.72
Case3_Lufkin_M228,1.03284,2.29672,2.27642,2213.47,2722.72
Case3_Lufkin_M228,1.03681,2.31081,2.29051,2213.68,2722.72
Case3_Lufkin_M228,1.04078,2.32492,2.30464,2213.88,2722.71
Case3_Lufkin_M228,1.04476,2.33907,2.3188,2214.09,2722.7
Case3_Lufkin_M228,1.04873,2.35325,2.33299,2214.31,2722.7
Case3_Lufkin_M228,1.0527,2.36746,2.34721,2214.53,2722.69
Case3_Lufkin_M228,1.05667,2.3817,2.36145,2214.76,2722.68
Case3_Lufkin_M228,1.06065,2.39597,2.37573,2214.99,2722.68
Case3_Lufkin_M228,1.06462,2.41026,2.39004,2215.22,2722.67
Case3_Lufkin_M228,1.06859,2.42459,2.40437,2215.46,2722.67
Case3_Lufkin_M228,1.07256,2.43895,2.41874,2215.71,2722.66
Case3_Lufkin_M228,1.07654,2.45333,2.43313,2215.96,2722.65
Case3_Lufkin_M228,1.08051,2.46774,2.44756,2216.21,2722.65
Case3_Lufkin_M228,1.08448,2.48218,2.46201,2216.47,2722.64
Case3_Lufkin_M228,1.08845,2.49665,2.47649,2216.74,2722.63
Case3_Lufkin_M228,1.09243,2.51115,2.491,2217.01,2722.62
Case3_Lufkin_M228,1.0964,2.52568,2.50554,2217.29,2722.62
Case3_Lufkin_M228,1.10037,2.54023,2.5201,2217.57,2722.61
Case3_Lufkin_M228,1.10434,2.55481,2.53469,2217.87,2722.6
Case3_Lufkin_M228,1.10832,2.56942,2.54931,2218.16,2722.6
Case3_Lufkin_M228,1.11229,2.58406,2.56396,2218.46,2722.59
Case3_Lufkin_M228,1.11626,2.59872,2.57864,2218.77,2722.58
Case3_Lufkin_M228,1.12023,2.61341,2.59334,2219.08,2722.57
Case3_Lufkin_M228,1.12421,2.62813,2.60807,2219.4,2722.56
Case3_Lufkin_M228,1.12818,2.64288,2.62283,2219.72,2722.56
Case3_Lufkin_M228,1.13215,2.65765,2.63761,2220.05,2722.55
Case3_Lufkin_M228,1.13612,2.67244,2.65243,2220.38,2722.54
Case3_Lufkin_M228,1.1401,2.68727,2.66726,2220.72,2722.53
Case3_Lufkin_M228,1.14407,2.70212,2.68213,2221.06,2722.52
Case3_Lufkin_M228,1.14804,2.71699,2.69702,2221.41,2722.51
Case3_Lufkin_M228,1.15201,2.73189,2.71193,2221.76,2722.5
Case3_Lufkin_M228,1.15599,2.74682,2.72687,2222.12,2722.5
Case3_Lufkin_M228,1.15996,2.76177,2.74184,2222.49,2722.49
Case3_Lufkin_M228,1.16393,2.77675,2.75683,2222.86,2722.48
Case3_Lufkin_M228,1.1679,2.79175,2.77185,2223.24,2722.47
Case3_Lufkin_M228,1.17188,2.80678,2.78689,2223.62,2722.46
Case3_Lufkin_M228,1.17585,2.82183,2.80196,2224.01,2722.44
Case3_Lufkin_M228,1.17982,2.83691,2.81705,2224.4,2722.43
Case3_Lufkin_M228,1.18379,2.85201,2.83217,2224.8,2722.42
Case3_Lufkin_M228,1.18776,2.86714,2.84731,2225.2,2722.41
Case3_Lufkin_M228,1.19174,2.88229,2.86248,2225.61,2722.4
Case3_Lufkin_M228,1.19571,2.89746,2.87767,2226.02,2722.39
Case3_Lufkin_M228,1.19968,2.91266,2.89289,2226.44,2722.38
Case3_Lufkin_M228,1.20365,2.92788,2.90812,2226.87,2722.37
Case3_Lufkin_M228,1.20763,2.94312,2.92339,2227.31,2722.36
Case3_Lufkin_M228,1.2116,2.95839,2.93867,2227.75,2722.35
Case3_Lufkin_M228,1.21557,2.97368,2.95398,2228.19,2722.33
Case3_Lufkin_M228,1.21954,2.98899,2.96931,2228.64,2722.32
Case3_Lufkin_M228,1.22352,3.00433,2.98467,2229.1,2722.31
Case3_Lufkin_M228,1.22749,3.01969,3.00004,2229.56,2722.3
Case3_Lufkin_M228,1.23146,3.03507,3.01544,2230.03,2722.29
Case3_Lufkin_M228,1.23543,3.05047,3.03087,2230.51,2722.27
Case3_Lufkin_M228,1.23941,3.0659,3.04631,2230.99,2722.26
Case3_Lufkin_M228,1.24338,3.08134,3.06178,2231.48,2722.25
Case3_Lufkin_M228,1.24735,3.09681,3.07727,2231.97,2722.24
Case3_Lufkin_M228,1.25132,3.1123,3.09278,2232.47,2722.22
Case3_Lufkin_M228,1.2553,3.12782,3.10831,2232.97,2722.21
Case3_Lufkin_M228,1.25927,3.14335,3.12387,2233.48,2722.2
Case3_Lufkin_M228,1.26324,3.1589,3.13944,2234.0,2722.18
Case3_Lufkin_M228,1.26721,3.17448,3.15504,2234.51,2722.17
Case3_Lufkin_M228,1.27119,3.19007,3.17065,2235.04,2722.16
Case3_Lufkin_M228,1.27516,3.20569,3.18629,2235.56,2722.14
Case3_Lufkin_M228,1.27913,3.22133,3.20195,2236.1,2722.13
Case3_Lufkin_M228,1.2831,3.23698,3.21763,2236.63,2722.11
Case3_Lufkin_M228,1.28708,3.25266,3.23333,2237.18,2722.1
Case3_Lufkin_M228,1.29105,3.26836,3.24905,2237.73,2722.08
Case3_Lufkin_M228,1.29502,3.28407,3.26479,2238.28,2722.07
Case3_Lufkin_M228,1.29899,3.29981,3.28054,2238.84,2722.05
Case3_Lufkin_M228,1.30297,3.31556,3.29632,2239.4,2722.04
Case3_Lufkin_M228,1.30694,3.33134,3.31212,2239.98,2722.02
Case3_Lufkin_M228,1.31091,3.34713,3.32794,2240.55,2722.01
Case3_Lufkin_M228,1.31488,3.36294,3.34377,2241.14,2721.99
Case3_Lufkin_M228,1.31886,3.37877,3.35963,2241.72,2721.98
Case3_Lufkin_M228,1.32283,3.39462,3.3755,2242.32,2721.96
Case3_Lufkin_M228,1.3268,3.41049,3.39139,2242.91,2721.95
Case3_Lufkin_M228,1.33077,3.42637,3.4073,2243.51,2721.93
Case3_Lufkin_M228,1.33475,3.44228,3.42323,2244.12,2721.91
Case3_Lufkin_M228,1.33872,3.4582,3.43917,2244.73,2721.9
Case3_Lufkin_M228,1.34269,3.47413,3.45514,2245.35,2721.88
Case3_Lufkin_M228,1.34666,3.49009,3.47112,2245.97,2721.87
Case3_Lufkin_M228,1.35064,3.50606,3.48712,2246.6,2721.85
Case3_Lufkin_M228,1.35461,3.52205,3.50313,2247.23,2721.83
Case3_Lufkin_M228,1.35858,3.53806,3.51916,2247.87,2721.82
Case3_Lufkin_M228,1.36255,3.55408,3.53521,2248.51,2721.8
Case3_Lufkin_M228,1.36653,3.57012,3.55128,2249.16,2721.78
Case3_Lufkin_M228,1.3705,3.58618,3.56736,2249.81,2721.77
Case3_Lufkin_M228,1.37447,3.60225,3.58346,2250.46,2721.75
Case3_Lufkin_M228,1.37844,3.61834,3.59958,2251.13,2721.73
Case3_Lufkin_M228,1.38242,3.63444,3.61571,2251.79,2721.71
Case3_Lufkin_M228,1.38639,3.65056,3.63185,2252.46,2721.7
Case3_Lufkin_M228,1.39036,3.6667,3.64802,2253.13,2721.68
Case3_Lufkin_M228,1.39433,3.68285,3.66419,2253.81,2721.66
Case3_Lufkin_M228,1.39831,3.69901,3.68039,2254.49,2721.64
Case3_Lufkin_M228,1.40228,3.71519,3.6966,2255.18,2721.62
Case3_Lufkin_M228,1.40625,3.73139,3.71282,2255.87,2721.61
Case3_Lufkin_M228,1.41022,3.7476,3.72906,2256.57,2721.59
Case3_Lufkin_M228,1.41419,3.76382,3.74531,2257.27,2721.57
Case3_Lufkin_M228,1.41817,3.78006,3.76157,2257.97,2721.55
Case3_Lufkin_M228,1.42214,3.79631,3.77786,2258.68,2721.53
Case3_Lufkin_M228,1.42611,3.81257,3.79415,2259.39,2721.51
Case3_Lufkin_M228,1.43008,3.82885,3.81046,2260.11,2721.49
Case3_Lufkin_M228,1.43406,3.84514,3.82678,2260.84,2721.48
Case3_Lufkin_M228,1.43803,3.86145,3.84312,2261.57,2721.46
Case3_Lufkin_M228,1.442,3.87777,3.85946,2262.3,2721.44
Case3_Lufkin_M228,1.44597,3.8941,3.87583,2263.05,2721.42
Case3_Lufkin_M228,1.44995,3.91045,3.8922,2263.79,2721.4
Case3_Lufkin_M228,1.45392,3.9268,3.90859,2264.55,2721.38
Case3_Lufkin_M228,1.45789,3.94317,3.92499,2265.3,2721.36
Case3_Lufkin_M228,1.46186,3.95955,3.9414,2266.06,2721.34
Case3_Lufkin_M228,1.46584,3.97595,3.95783,2266.83,2721.32
Case3_Lufkin_M228,1.46981,3.99235,3.97426,2267.6,2721.3
Case3_Lufkin_M228,1.47378,4.00877,3.99071,2268.37,2721.28
Case3_Lufkin_M228,1.47775,4.0252,4.00717,2269.15,2721.26
Case3_Lufkin_M228,1.48173,4.04164,4.02364,2269.94,2721.24
Case3_Lufkin_M228,1.4857,4.05809,4.04013,2270.73,2721.22
Case3_Lufkin_M228,1.48967,4.07455,4.05662,2271.52,2721.2
Case3_Lufkin_M228,1.49364,4.09102,4.07312,2272.32,2721.18
Case3_Lufkin_M228,1.49762,4.1075,4.08964,2273.12,2721.16
Case3_Lufkin_M228,1.50159,4.124,4.10617,2273.93,2721.13
Case3_Lufkin_M228,1.50556,4.1405,4.1227,2274.74,2721.11
Case3_Lufkin_M228,1.50953,4.15701,4.13925,2275.56,2721.09
Case3_Lufkin_M228,1.51351,4.17354,4.15581,2276.39,2721.07
Case3_Lufkin_M228,1.51748,4.19007,4.17237,2277.22,2721.05
Case3_Lufkin_M228,1.52145,4.20661,4.18895,2278.05,2721.03
Case3_Lufkin_M228,1.52542,4.22316,4.20553,2278.89,2721.0
Case3_Lufkin_M228,1.5294,4.23972,4.22213,2279.73,2720.98
Case3_Lufkin_M228,1.53337,4.25629,4.23873,2280.58,2720.96
Case3_Lufkin_M228,1.53734,4.27287,4.25535,2281.43,2720.93
Case3_Lufkin_M228,1.54131,4.28946,4.27197,2282.29,2720.91
Case3_Lufkin_M228,1.54529,4.30605,4.2886,2283.15,2720.89
Case3_Lufkin_M228,1.54926,4.32265,4.30524,2284.02,2720.87
Case3_Lufkin_M228,1.55323,4.33926,4.32188,2284.89,2720.84
Case3_Lufkin_M228,1.5572,4.35588,4.33854,2285.77,2720.82
Case3_Lufkin_M228,1.56118,4.37251,4.3552,2286.66,2720.8
Case3_Lufkin_M228,1.56515,4.38914,4.37187,2287.55,2720.77
Case3_Lufkin_M228,1.56912,4.40578,4.38855,2288.44,2720.75
Case3_Lufkin_M228,1.57309,4.42243,4.40523,2289.34,2720.73
Case3_Lufkin_M228,1.57707,4.43909,4.42192,2290.25,2720.7
Case3_Lufkin_M228,1.58104,4.45575,4.43862,2291.16,2720.68
Case3_Lufkin_M228,1.58501,4.47242,4.45533,2292.07,2720.66
Case3_Lufkin_M228,1.58898,4.48909,4.47204,2293.0,2720.63
Case3_Lufkin_M228,1.59296,4.50577,4.48876,2293.92,2720.61
Case3_Lufkin_M228,1.59693,4.52246,4.50548,2294.85,2720.58
Case3_Lufkin_M228,1.6009,4.53915,4.52221,2295.79,2720.56
Case3_Lufkin_M228,1.60487,4.55585,4.53895,2296.73,2720.53
Case3_Lufkin_M228,1.60885,4.57255,4.55569,2297.67,2720.51
Case3_Lufkin_M228,1.61282,4.58926,4.57244,2298.62,2720.48
Case3_Lufkin_M228,1.61679,4.60597,4.58919,2299.57,2720.46
Case3_Lufkin_M228,1.62076,4.62269,4.60595,2300.53,2720.43
Case3_Lufkin_M228,1.62474,4.63941,4.62271,2301.49,2720.41
Case3_Lufkin_M228,1.62871,4.65614,4.63947,2302.45,2720.38
Case3_Lufkin_M228,1.63268,4.67287,4.65625,2303.42,2720.36
Case3_Lufkin_M228,1.63665,4.68961,4.67302,2304.4,2720.33
Case3_Lufkin_M228,1.64062,4.70635,4.6898,2305.37,2720.31
Case3_Lufkin_M228,1.6446,4.72309,4.70658,2306.36,2720.28
Case3_Lufkin_M228,1.64857,4.73984,4.72337,2307.35,2720.25
Case3_Lufkin_M228,1.65254,4.75659,4.74016,2308.34,2720.23
Case3_Lufkin_M228,1.65651,4.77334,4.75696,2309.34,2720.2
Case3_Lufkin_M228,1.66049,4.79009,4.77375,2310.34,2720.17
Case3_Lufkin_M228,1.66446,4.80685,4.79055,2311.35,2720.15
Case3_Lufkin_M228,1.66843,4.82361,4.80736,2312.36,2720.12
Case3_Lufkin_M228,1.6724,4.84038,4.82416,2313.37,2720.09
Case3_Lufkin_M228,1.67638,4.85714,4.84097,2314.39,2720.07
Case3_Lufkin_M228,1.68035,4.87391,4.85778,2315.42,2720.04
Case3_Lufkin_M228,1.68432,4.89068,4.87459,2316.44,2720.01
Case3_Lufkin_M228,1.68829,4.90745,4.89141,2317.47,2719.99
Case3_Lufkin_M228,1.69227,4.92423,4.90822,2318.51,2719.96
Case3_Lufkin_M228,1.69624,4.941,4.92504,2319.55,2719.93
Case3_Lufkin_M228,1.70021,4.95778,4.94186,2320.6,2719.9
Case3_Lufkin_M228,1.70418,4.97455,4.95868,2321.65,2719.88
Case3_Lufkin_M228,1.70816,4.99133,4.9755,2322.7,2719.85
Case3_Lufkin_M228,1.71213,5.00811,4.99232,2323.76,2719.82
Case3_Lufkin_M228,1.7161,5.02489,5.00914,2324.82,2719.79
Case3_Lufkin_M228,1.72007,5.04167,5.02596,2325.89,2719.77
Case3_Lufkin_M228,1.72405,5.05845,5.04278,2326.96,2719.74
Case3_Lufkin_M228,1.72802,5.07522,5.05961,2328.03,2719.71
Case3_Lufkin_M228,1.73199,5.092,5.07643,2329.1,2719.68
Case3_Lufkin_M228,1.73596,5.10878,5.09325,2330.18,2719.65
Case3_Lufkin_M228,1.73994,5.12556,5.11007,2331.27,2719.62
Case3_Lufkin_M228,1.74391,5.14233,5.12689,2332.35,2719.59
Case3_Lufkin_M228,1.74788,5.15911,5.14371,2333.44,2719.57
Case3_Lufkin_M228,1.75185,5.17588,5.16053,2334.54,2719.54
Case3_Lufkin_M228,1.75583,5.19265,5.17734,2335.64,2719.51
Case3_Lufkin_M228,1.7598,5.20942,5.19416,2336.74,2719.48
Case3_Lufkin_M228,1.76377,5.22619,5.21097,2337.84,2719.45
Case3_Lufkin_M228,1.76774,5.24295,5.22778,2338.95,2719.42
Case3_Lufkin_M228,1.77172,5.25972,5.24459,2340.06,2719.39
Case3_Lufkin_M228,1.77569,5.27648,5.2614,2341.18,2719.36
Case3_Lufkin_M228,1.77966,5.29324,5.27821,2342.3,2719.33
Case3_Lufkin_M228,1.78363,5.31,5.29501,2343.43,2719.3
Case3_Lufkin_M228,1.78761,5.32675,5.31181,2344.56,2719.27
Case3_Lufkin_M228,1.79158,5.3435,5.3286,2345.7,2719.24
Case3_Lufkin_M228,1.79555,5.36024,5.3454,2346.84,2719.21
Case3_Lufkin_M228,1.79952,5.37699,5.36219,2347.98,2719.18
Case3_Lufkin_M228,1.8035,5.39373,5.37897,2349.13,2719.15
Case3_Lufkin_M228,1.80747,5.41046,5.39575,2350.28,2719.12
Case3_Lufkin_M228,1.81144,5.42719,5.41253,2351.44,2719.09
Case3_Lufkin_M228,1.81541,5.44392,5.42931,2352.6,2719.06
Case3_Lufkin_M228,1.81939,5.46064,5.44608,2353.76,2719.03
Case3_Lufkin_M228,1.82336,5.47736,5.46284,2354.93,2719.0
Case3_Lufkin_M228,1.82733,5.49408,5.4796,2356.1,2718.97
Case3_Lufkin_M228,1.8313,5.51078,5.49636,2357.27,2718.94
Case3_Lufkin_M228,1.83528,5.52749,5.51311,2358.45,2718.91
Case3_Lufkin_M228,1.83925,5.54418,5.52986,2359.63,2718.88
Case3_Lufkin_M228,1.84322,5.56088,5.5466,2360.81,2718.85
Case3_Lufkin_M228,1.84719,5.57756,5.56333,2362.0,2718.82
Case3_Lufkin_M228,1.85117,5.59424,5.58006,2363.2,2718.79
Case3_Lufkin_M228,1.85514,5.61092,5.59679,2364.4,2718.75
Case3_Lufkin_M228,1.85911,5.62759,5.6135,2365.6,2718.72
Case3_Lufkin_M228,1.86308,5.64425,5.63021,2366.8,2718.69
Case3_Lufkin_M228,1.86706,5.6609,5.64692,2368.01,2718.66
Case3_Lufkin_M228,1.87103,5.67755,5.66362,2369.23,2718.63
Case3_Lufkin_M228,1.875,5.69419,5.68031,2370.44,2718.59
Case3_Lufkin_M228,1.87897,5.71082,5.69699,2371.66,2718.56
Case3_Lufkin_M228,1.88294,5.72745,5.71367,2372.89,2718.53
Case3_Lufkin_M228,1.88692,5.74407,5.73034,2374.12,2718.5
Case3_Lufkin_M228,1.89089,5.76068,5.747,2375.35,2718.46
Case3_Lufkin_M228,1.89486,5.77728,5.76365,2376.59,2718.43
Case3_Lufkin_M228,1.89883,5.79388,5.7803,2377.83,2718.4
Case3_Lufkin_M228,1.90281,5.81046,5.79693,2379.08,2718.37
Case3_Lufkin_M228,1.90678,5.82704,5.81356,2380.33,2718.33
Case3_Lufkin_M228,1.91075,5.84361,5.83018,2381.58,2718.3
Case3_Lufkin_M228,1.91472,5.86017,5.84679,2382.84,2718.27
Case3_Lufkin_M228,1.9187,5.87672,5.8634,2384.1,2718.24
Case3_Lufkin_M228,1.92267,5.89327,5.87999,2385.37,2718.2
Case3_Lufkin_M228,1.92664,5.9098,5.89658,2386.64,2718.17
Case3_Lufkin_M228,1.93061,5.92632,5.91315,2387.91,2718.13
Case3_Lufkin_M228,1.93459,5.94283,5.92972,2389.19,2718.1
Case3_Lufkin_M228,1.93856,5.95934,5.94627,2390.47,2718.07
Case3_Lufkin_M228,1.94253,5.97583,5.96282,2391.76,2718.03
Case3_Lufkin_M228,1.9465,5.99231,5.97935,2393.05,2718.0
Case3_Lufkin_M228,1.95048,6.00879,5.99588,2394.34,2717.97
Case3_Lufkin_M228,1.95445,6.02525,6.01239,2395.64,2717.93
Case3_Lufkin_M228,1.95842,6.0417,6.0289,2396.94,2717.9
Case3_Lufkin_M228,1.96239,6.05814,6.04539,2398.24,2717.86
Case3_Lufkin_M228,1.96637,6.07457,6.06187,2399.54,2717.83
Case3_Lufkin_M228,1.97034,6.09098,6.07834,2400.85,2717.79
Case3_Lufkin_M228,1.97431,6.10739,6.0948,2402.16,2717.76
Case3_Lufkin_M228,1.97828,6.12378,6.11125,2403.48,2717.72
Case3_Lufkin_M228,1.98226,6.14016,6.12768,2404.8,2717.69
Case3_Lufkin_M228,1.98623,6.15653,6.14411,2406.12,2717.65
Case3_Lufkin_M228,1.9902,6.17289,6.16052,2407.45,2717.62
Case3_Lufkin_M228,1.99417,6.18923,6.17692,2408.78,2717.58
Case3_Lufkin_M228,1.99815,6.20556,6.1933,2410.11,2717.55
Case3_Lufkin_M228,2.00212,6.22188,6.20968,2411.45,2717.51
Case3_Lufkin_M228,2.00609,6.23819,6.22604,2412.79,2717.48
Case3_Lufkin_M228,2.01006,6.25448,6.24238,2414.13,2717.44
Case3_Lufkin_M228,2.01404,6.27076,6.25872,2415.48,2717.41
Case3_Lufkin_M228,2.01801,6.28703,6.27504,2416.83,2717.37
Case3_Lufkin_M228,2.02198,6.30328,6.29135,2418.18,2717.34
Case3_Lufkin_M228,2.02595,6.31951,6.30764,2419.53,2717.3
Case3_Lufkin_M228,2.02993,6.33574,6.32392,2420.89,2717.26
Case3_Lufkin_M228,2.0339,6.35195,6.34018,2422.25,2717.23
Case3_Lufkin_M228,2.03787,6.36814,6.35643,2423.62,2717.19
Case3_Lufkin_M228,2.04184,6.38432,6.37267,2424.99,2717.16
Case3_Lufkin_M228,2.04582,6.40049,6.38889,2426.36,2717.12
Case3_Lufkin_M228,2.04979,6.41664,6.4051,2427.73,2717.09
Case3_Lufkin_M228,2.05376,6.43277,6.42129,2429.11,2717.05
Case3_Lufkin_M228,2.05773,6.44889,6.43746,2430.49,2717.01
Case3_Lufkin_M228,2.06171,6.465,6.45362,2431.88,2716.98
Case3_Lufkin_M228,2.06568,6.48108,6.46977,2433.26,2716.94
Case3_Lufkin_M228,2.06965,6.49716,6.4859,2434.65,2716.9
Case3_Lufkin_M228,2.07362,6.51321,6.50201,2436.04,2716.87
Case3_Lufkin_M228,2.0776,6.52925,6.51811,2437.43,2716.83
Case3_Lufkin_M228,2.08157,6.54527,6.53419,2438.83,2716.79
Case3_Lufkin_M228,2.08554,6.56128,6.55025,2440.23,2716.76
Case3_Lufkin_M228,2.08951,6.57727,6.5663,2441.63,2716.72
Case3_Lufkin_M228,2.09349,6.59324,6.58233,2443.03,2716.68
Case3_Lufkin_M228,2.09746,6.6092,6.59834,2444.44,2716.65
Case3_Lufkin_M228,2.10143,6.62514,6.61434,2445.85,2716.61
Case3_Lufkin_M228,2.1054,6.64106,6.63032,2447.26,2716.57
Case3_Lufkin_M228,2.10938,6.65696,6.64628,2448.67,2716.53
Case3_Lufkin_M228,2.11335,6.67285,6.66222,2450.09,2716.5
Case3_Lufkin_M228,2.11732,6.68871,6.67814,2451.51,2716.46
Case3_Lufkin_M228,2.12129,6.70456,6.69405,2452.93,2716.42
Case3_Lufkin_M228,2.12526,6.72039,6.70994,2454.35,2716.38
Case3_Lufkin_M228,2.12924,6.7362,6.72581,2455.78,2716.35
Case3_Lufkin_M228,2.13321,6.752,6.74166,2457.21,2716.31
Case3_Lufkin_M228,2.13718,6.76777,6.75749,2458.65,2716.27
Case3_Lufkin_M228,2.14115,6.78352,6.77331,2460.09,2716.23
Case3_Lufkin_M228,2.14513,6.79926,6.7891,2461.53,2716.2
Case3_Lufkin_M228,2.1491,6.81498,6.80488,2462.97,2716.16
Case3_Lufkin_M228,2.15307,6.83067,6.82063,2464.42,2716.12
Case3_Lufkin_M228,2.15704,6.84635,6.83637,2465.87,2716.08
Case3_Lufkin_M228,2.16102,6.86201,6.85208,2467.32,2716.04
Case3_Lufkin_M228,2.16499,6.87764,6.86778,2468.77,2716.01
Case3_Lufkin_M228,2.16896,6.89326,6.88346,2470.23,2715.97
Case3_Lufkin_M228,2.17293,6.90885,6.89911,2471.68,2715.93
Case3_Lufkin_M228,2.17691,6.92443,6.91475,2473.15,2715.89
Case3_Lufkin_M228,2.18088,6.93998,6.93036,2474.61,2715.85
Case3_Lufkin_M228,2.18485,6.95552,6.94595,2476.07,2715.81
Case3_Lufkin_M228,2.18882,6.97103,6.96152,2477.54,2715.78
Case3_Lufkin_M228,2.1928,6.98652,6.97708,2479.01,2715.74
Case3_Lufkin_M228,2.19677,7.00199,6.9926,2480.49,2715.7
Case3_Lufkin_M228,2.20074,7.01744,7.00811,2481.97,2715.66
Case3_Lufkin_M228,2.20471,7.03286,7.0236,2483.45,2715.62
Case3_Lufkin_M228,2.20869,7.04826,7.03906,2484.93,2715.58
Case3_Lufkin_M228,2.21266,7.06365,7.0545,2486.41,2715.54
Case3_Lufkin_M228,2.21663,7.079,7.06992,2487.9,2715.5
Case3_Lufkin_M228,2.2206,7.09434,7.08532,2489.39,2715.46
Case3_Lufkin_M228,2.22458,7.10965,7.1007,2490.88,2715.42
Case3_Lufkin_M228,2.22855,7.12494,7.11605,2492.38,2715.38
Case3_Lufkin_M228,2.23252,7.14021,7.13138,2493.87,2715.34
Case3_Lufkin_M228,2.23649,7.15546,7.14668,2495.37,2715.31
Case3_Lufkin_M228,2.24047,7.17068,7.16196,2496.88,2715.27
Case3_Lufkin_M228,2.24444,7.18587,7.17722,2498.38,2715.23
Case3_Lufkin_M228,2.24841,7.20105,7.19246,2499.89,2715.19
Case3_Lufkin_M228,2.25238,7.2162,7.20767,2501.4,2715.15
Case3_Lufkin_M228,2.25636,7.23132,7.22286,2502.92,2715.11
Case3_Lufkin_M228,2.26033,7.24642,7.23802,2504.44,2715.07
Case3_Lufkin_M228,2.2643,7.2615,7.25316,2505.95,2715.03
Case3_Lufkin_M228,2.26827,7.27655,7.26827,2507.48,2714.99
Case3_Lufkin_M228,2.27225,7.29158,7.28336,2509.0,2714.95
Case3_Lufkin_M228,2.27622,7.30658,7.29843,2510.53,2714.91
Case3_Lufkin_M228,2.28019,7.32156,7.31347,2512.06,2714.87
Case3_Lufkin_M228,2.28416,7.33651,7.32848,2513.59,2714.83
Case3_Lufkin_M228,2.28814,7.35144,7.34347,2515.13,2714.79
Case3_Lufkin_M228,2.29211,7.36634,7.35844,2516.66,2714.75
Case3_Lufkin_M228,2.29608,7.38122,7.37338,2518.2,2714.71
Case3_Lufkin_M228,2.30005,7.39607,7.38829,2519.74,2714.66
Case3_Lufkin_M228,2.30403,7.41089,7.40317,2521.29,2714.62
Case3_Lufkin_M228,2.308,7.42569,7.41804,2522.83,2714.58
Case3_Lufkin_M228,2.31197,7.44046,7.43287,2524.37,2714.54
Case3_Lufkin_M228,2.31594,7.4552,7.44768,2525.92,2714.5
Case3_Lufkin_M228,2.31992,7.46992,7.46246,2527.47,2714.46
Case3_Lufkin_M228,2.32389,7.48461,7.47721,2529.02,2714.42
Case3_Lufkin_M228,2.32786,7.49927,7.49194,2530.58,2714.38
Case3_Lufkin_M228,2.33183,7.51391,7.50664,2532.13,2714.34
Case3_Lufkin_M228,2.33581,7.52852,7.52131,2533.69,2714.3
Case3_Lufkin_M228,2.33978,7.5431,7.53596,2535.25,2714.26
Case3_Lufkin_M228,2.34375,7.55765,7.55058,2536.81,2714.21
Case3_Lufkin_M228,2.34772,7.57218,7.56517,2538.38,2714.17
Case3_Lufkin_M228,2.35169,7.58668,7.57973,2539.95,2714.13
Case3_Lufkin_M228,2.35567,7.60115,7.59426,2541.52,2714.09
Case3_Lufkin_M228,2.35964,7.61559,7.60877,2543.09,2714.05
Case3_Lufkin_M228,2.36361,7.63,7.62324,2544.66,2714.01
Case3_Lufkin_M228,2.36758,7.64439,7.63769,2546.23,2713.97
Case3_Lufkin_M228,2.37156,7.65874,7.65211,2547.81,2713.92
Case3_Lufkin_M228,2.37553,7.67307,7.6665,2549.38,2713.88
Case3_Lufkin_M228,2.3795,7.68737,7.68087,2550.96,2713.84
Case3_Lufkin_M228,2.38347,7.70163,7.6952,2552.54,2713.8
Case3_Lufkin_M228,2.38745,7.71587,7.7095,2554.12,2713.76
Case3_Lufkin_M228,2.39142,7.73008,7.72377,2555.71,2713.72
Case3_Lufkin_M228,2.39539,7.74426,7.73802,2557.29,2713.68
Case3_Lufkin_M228,2.39936,7.75841,7.75223,2558.88,2713.63
Case3_Lufkin_M228,2.40334,7.77253,7.76642,2560.47,2713.59
Case3_Lufkin_M228,2.40731,7.78662,7.78057,2562.06,2713.55
Case3_Lufkin_M228,2.41128,7.80068,7.79469,2563.65,2713.51
Case3_Lufkin_M228,2.41525,7.8147,7.80879,2565.24,2713.47
Case3_Lufkin_M228,2.41923,7.8287,7.82285,2566.84,2713.42
Case3_Lufkin_M228,2.4232,7.84267,7.83688,2568.43,2713.38
Case3_Lufkin_M228,2.42717,7.8566,7.85088,2570.03,2713.34
Case3_Lufkin_M228,2.43114,7.87051,7.86485,2571.62,2713.3
Case3_Lufkin_M228,2.43512,7.88438,7.87879,2573.22,2713.26
Case3_Lufkin_M228,2.43909,7.89822,7.8927,2574.82,2713.21
Case3_Lufkin_M228,2.44306,7.91203,7.90657,2576.42,2713.17
Case3_Lufkin_M228,2.44703,7.92581,7.92041,2578.02,2713.13
Case3_Lufkin_M228,2.45101,7.93955,7.93423,2579.62,2713.09
Case3_Lufkin_M228,2.45498,7.95327,7.948,2581.23,2713.04
Case3_Lufkin_M228,2.45895,7.96695,7.96175,2582.83,2713.0
Case3_Lufkin_M228,2.46292,7.9806,7.97547,2584.44,2712.96
Case3_Lufkin_M228,2.4669,7.99421,7.98915,2586.05,2712.92
Case3_Lufkin_M228,2.47087,8.0078,8.0028,2587.66,2712.87
Case3_Lufkin_M228,2.47484,8.02135,8.01642,2589.27,2712.83
Case3_Lufkin_M228,2.47881,8.03487,8.03,2590.88,2712.79
Case3_Lufkin_M228,2.48279,8.04835,8.04355,2592.5,2712.75
Case3_Lufkin_M228,2.48676,8.0618,8.05707,2594.11,2712.7
Case3_Lufkin_M228,2.49073,8.07522,8.07055,2595.73,2712.66
Case3_Lufkin_M228,2.4947,8.08861,8.084,2597.35,2712.62
Case3_Lufkin_M228,2.49868,8.10196,8.09742,2598.97,2712.58
Case3_Lufkin_M228,2.50265,8.11527,8.1108,2600.59,2712.54
Case3_Lufkin_M228,2.50662,8.12856,8.12415,2602.21,2712.49
Case3_Lufkin_M228,2.51059,8.14181,8.13747,2603.83,2712.45
Case3_Lufkin_M228,2.51457,8.15502,8.15075,2605.46,2712.41
Case3_Lufkin_M228,2.51854,8.1682,8.16399,2607.08,2712.36
Case3_Lufkin_M228,2.52251,8.18135,8.17721,2608.71,2712.32
Case3_Lufkin_M228,2.52648,8.19446,8.19038,2610.34,2712.28
Case3_Lufkin_M228,2.53046,8.20753,8.20352,2611.96,2712.24
Case3_Lufkin_M228,2.53443,8.22057,8.21663,2613.59,2712.19
Case3_Lufkin_M228,2.5384,8.23358,8.2297,2615.22,2712.15
Case3_Lufkin_M228,2.54237,8.24655,8.24274,2616.85,2712.11
Case3_Lufkin_M228,2.54635,8.25948,8.25574,2618.49,2712.06
Case3_Lufkin_M228,2.55032,8.27238,8.26871,2620.12,2712.02
Case3_Lufkin_M228,2.55429,8.28524,8.28164,2621.76,2711.98
Case3_Lufkin_M228,2.55826,8.29807,8.29453,2623.39,2711.94
Case3_Lufkin_M228,2.56224,8.31086,8.30739,2625.03,2711.89
Case3_Lufkin_M228,2.56621,8.32362,8.32021,2626.67,2711.85
Case3_Lufkin_M228,2.57018,8.33633,8.333,2628.31,2711.81
Case3_Lufkin_M228,2.57415,8.34902,8.34575,2629.95,2711.76
Case3_Lufkin_M228,2.57812,8.36166,8.35846,2631.59,2711.72
Case3_Lufkin_M228,2.5821,8.37427,8.37113,2633.23,2711.68
Case3_Lufkin_M228,2.58607,8.38684,8.38377,2634.87,2711.63
Case3_Lufkin_M228,2.59004,8.39938,8.39638,2636.52,2711.59
Case3_Lufkin_M228,2.59401,8.41187,8.40894,2638.16,2711.55
Case3_Lufkin_M228,2.59799,8.42433,8.42147,2639.81,2711.5
Case3_Lufkin_M228,2.60196,8.43676,8.43396,2641.46,2711.46
Case3_Lufkin_M228,2.60593,8.44914,8.44641,2643.11,2711.42
Case3_Lufkin_M228,2.6099,8.46149,8.45882,2644.76,2711.37
Case3_Lufkin_M228,2.61388,8.4738,8.4712,2646.41,2711.33
Case3_Lufkin_M228,2.61785,8.48607,8.48354,2648.06,2711.29
Case3_Lufkin_M228,2.62182,8.4983,8.49584,2649.72,2711.24
Case3_Lufkin_M228,2.62579,8.5105,8.5081,2651.37,2711.2
Case3_Lufkin_M228,2.62977,8.52265,8.52033,2653.03,2711.15
Case3_Lufkin_M228,2.63374,8.53477,8.53251,2654.68,2711.11
Case3_Lufkin_M228,2.63771,8.54685,8.54466,2656.34,2711.07
Case3_Lufkin_M228,2.64168,8.55889,8.55677,2658.0,2711.02
Case3_Lufkin_M228,2.64566,8.57089,8.56884,2659.65,2710.98
Case3_Lufkin_M228,2.64963,8.58286,8.58087,2661.31,2710.94
Case3_Lufkin_M228,2.6536,8.59478,8.59286,2662.97,2710.89
Case3_Lufkin_M228,2.65757,8.60666,8.60481,2664.63,2710.85
Case3_Lufkin_M228,2.66155,8.61851,8.61672,2666.28,2710.81
Case3_Lufkin_M228,2.66552,8.63031,8.6286,2667.94,2710.76
Case3_Lufkin_M228,2.66949,8.64208,8.64043,2669.6,2710.72
Case3_Lufkin_M228,2.67346,8.6538,8.65222,2671.26,2710.67
Case3_Lufkin_M228,2.67744,8.66549,8.66398,2672.92,2710.63
Case3_Lufkin_M228,2.68141,8.67713,8.67569,2674.59,2710.59
Case3_Lufkin_M228,2.68538,8.68874,8.68736,2676.25,2710.54
Case3_Lufkin_M228,2.68935,8.7003,8.69899,2677.91,2710.5
Case3_Lufkin_M228,2.69333,8.71183,8.71059,2679.57,2710.45
Case3_Lufkin_M228,2.6973,8.72331,8.72214,2681.23,2710.41
Case3_Lufkin_M228,2.70127,8.73475,8.73365,2682.9,2710.37
Case3_Lufkin_M228,2.70524,8.74615,8.74512,2684.56,2710.32
Case3_Lufkin_M228,2.70922,8.75751,8.75655,2686.23,2710.28
Case3_Lufkin_M228,2.71319,8.76883,8.76793,2687.89,2710.24
Case3_Lufkin_M228,2.71716,8.78011,8.77928,2689.55,2710.19
Case3_Lufkin_M228,2.72113,8.79135,8.79058,2691.22,2710.15
Case3_Lufkin_M228,2.72511,8.80254,8.80185,2692.88,2710.1
Case3_Lufkin_M228,2.72908,8.8137,8.81307,2694.54,2710.06
Case3_Lufkin_M228,2.73305,8.82481,8.82425,2696.21,2710.02
Case3_Lufkin_M228,2.73702,8.83588,8.83539,2697.87,2709.97
Case3_Lufkin_M228,2.741,8.84691,8.84648,2699.54,2709.93
Case3_Lufkin_M228,2.74497,8.85789,8.85754,2701.21,2709.89
Case3_Lufkin_M228,2.74894,8.86883,8.86855,2702.87,2709.84
Case3_Lufkin_M228,2.75291,8.87974,8.87952,2704.53,2709.8
Case3_Lufkin_M228,2.75689,8.89059,8.89044,2706.2,2709.75
Case3_Lufkin_M228,2.76086,8.90141,8.90133,2707.86,2709.71
Case3_Lufkin_M228,2.76483,8.91218,8.91217,2709.53,2709.67
Case3_Lufkin_M228,2.7688,8.92291,8.92297,2711.19,2709.62
Case3_Lufkin_M228,2.77278,8.9336,8.93372,2712.85,2709.58
Case3_Lufkin_M228,2.77675,8.94424,8.94443,2714.51,2709.53
Case3_Lufkin_M228,2.78072,8.95485,8.9551,2716.18,2709.49
Case3_Lufkin_M228,2.78469,8.9654,8.96573,2717.84,2709.45
Case3_Lufkin_M228,2.78867,8.97592,8.97631,2719.5,2709.4
Case3_Lufkin_M228,2.79264,8.98639,8.98685,2721.16,2709.36
Case3_Lufkin_M228,2.79661,8.99681,8.99734,2722.82,2709.32
Case3_Lufkin_M228,2.80058,9.0072,9.00779,2724.48,2709.27
Case3_Lufkin_M228,2.80456,9.01754,9.0182,2726.14,2709.23
Case3_Lufkin_M228,2.80853,9.02783,9.02857,2727.8,2709.18
Case3_Lufkin_M228,2.8125,9.03808,9.03888,2729.46,2709.14
Case3_Lufkin_M228,2.81647,9.04829,9.04916,2731.12,2709.1
Case3_Lufkin_M228,2.82044,9.05845,9.05939,2732.78,2709.05
Case3_Lufkin_M228,2.82442,9.06857,9.06957,2734.44,2709.01
Case3_Lufkin_M228,2.82839,9.07864,9.07972,2736.1,2708.97
Case3_Lufkin_M228,2.83236,9.08867,9.08981,2737.76,2708.92
Case3_Lufkin_M228,2.83633,9.09865,9.09986,2739.42,2708.88
Case3_Lufkin_M228,2.84031,9.10859,9.10987,2741.08,2708.84
Case3_Lufkin_M228,2.84428,9.11849,9.11983,2742.74,2708.79
Case3_Lufkin_M228,2.84825,9.12834,9.12975,2744.39,2708.75
Case3_Lufkin_M228,2.85222,9.13814,9.13962,2746.05,2708.7
Case3_Lufkin_M228,2.8562,9.1479,9.14944,2747.71,2708.66
Case3_Lufkin_M228,2.86017,9.15761,9.15922,2749.36,2708.62
Case3_Lufkin_M228,2.86414,9.16728,9.16896,2751.02,2708.57
Case3_Lufkin_M228,2.86811,9.1769,9.17865,2752.67,2708.53
Case3_Lufkin_M228,2.87209,9.18647,9.18829,2754.33,2708.49
Case3_Lufkin_M228,2.87606,9.196,9.19789,2755.98,2708.44
Case3_Lufkin_M228,2.88003,9.20549,9.20744,2757.64,2708.4
Case3_Lufkin_M228,2.884,9.21492,9.21694,2759.29,2708.36
Case3_Lufkin_M228,2.88798,9.22431,9.2264,2760.94,2708.31
Case3_Lufkin_M228,2.89195,9.23366,9.23582,2762.6,2708.27
Case3_Lufkin_M228,2.89592,9.24296,9.24518,2764.25,2708.23
Case3_Lufkin_M228,2.89989,9.25221,9.2545,2765.9,2708.18
Case3_Lufkin_M228,2.90387,9.26141,9.26377,2767.55,2708.14
Case3_Lufkin_M228,2.90784,9.27057,9.273,2769.2,2708.09
Case3_Lufkin_M228,2.91181,9.27968,9.28218,2770.85,2708.05
Case3_Lufkin_M228,2.91578,9.28875,9.29131,2772.5,2708.01
Case3_Lufkin_M228,2.91976,9.29777,9.3004,2774.15,2707.96
Case3_Lufkin_M228,2.92373,9.30674,9.30943,2775.79,2707.92
Case3_Lufkin_M228,2.9277,9.31566,9.31842,2777.44,2707.88
Case3_Lufkin_M228,2.93167,9.32454,9.32737,2779.09,2707.83
Case3_Lufkin_M228,2.93565,9.33337,9.33626,2780.74,2707.79
Case3_Lufkin_M228,2.93962,9.34215,9.34511,2782.38,2707.75
Case3_Lufkin_M228,2.94359,9.35088,9.35391,2784.03,2707.7
Case3_Lufkin_M228,2.94756,9.35957,9.36267,2785.67,2707.66
Case3_Lufkin_M228,2.95154,9.3682,9.37137,2787.32,2707.62
Case3_Lufkin_M228,2.95551,9.37679,9.38003,2788.96,2707.57
Case3_Lufkin_M228,2.95948,9.38534,9.38864,2790.61,2707.53
Case3_Lufkin_M228,2.96345,9.39383,9.3972,2792.25,2707.49
Case3_Lufkin_M228,2.96743,9.40227,9.40571,2793.89,2707.44
Case3_Lufkin_M228,2.9714,9.41067,9.41418,2795.53,2707.4
Case3_Lufkin_M228,2.97537,9.41902,9.42259,2797.17,2707.36
Case3_Lufkin_M228,2.97934,9.42732,9.43096,2798.81,2707.31
Case3_Lufkin_M228,2.98332,9.43557,9.43928,2800.45,2707.27
Case3_Lufkin_M228,2.98729,9.44378,9.44755,2802.09,2707.23
Case3_Lufkin_M228,2.99126,9.45193,9.45577,2803.73,2707.19
Case3_Lufkin_M228,2.99523,9.46004,9.46394,2805.36,2707.14
Case3_Lufkin_M228,2.99921,9.46809,9.47207,2806.99,2707.1
Case3_Lufkin_M228,3.00318,9.4761,9.48014,2808.63,2707.06
Case3_Lufkin_M228,3.00715,9.48406,9.48817,2810.26,2707.01
Case3_Lufkin_M228,3.01112,9.49197,9.49614,2811.89,2706.97
Case3_Lufkin_M228,3.0151,9.49983,9.50407,2813.51,2706.93
Case3_Lufkin_M228,3.01907,9.50764,9.51195,2815.14,2706.88
Case3_Lufkin_M228,3.02304,9.5154,9.51977,2816.77,2706.84
Case3_Lufkin_M228,3.02701,9.52311,9.52755,2818.4,2706.8
Case3_Lufkin_M228,3.03099,9.53077,9.53528,2820.02,2706.76
Case3_Lufkin_M228,3.03496,9.53839,9.54296,2821.65,2706.71
Case3_Lufkin_M228,3.03893,9.54595,9.55059,2823.27,2706.67
Case3_Lufkin_M228,3.0429,9.55346,9.55817,2824.89,2706.63
Case3_Lufkin_M228,3.04688,9.56092,9.5657,2826.51,2706.58
Case3_Lufkin_M228,3.05085,9.56834,9.57317,2828.13,2706.54
Case3_Lufkin_M228,3.05482,9.5757,9.5806,2829.75,2706.5
Case3_Lufkin_M228,3.05879,9.58301,9.58798,2831.36,2706.46
Case3_Lufkin_M228,3.06276,9.59027,9.59531,2832.98,2706.41
Case3_Lufkin_M228,3.06674,9.59748,9.60259,2834.59,2706.37
Case3_Lufkin_M228,3.07071,9.60465,9.60981,2836.2,2706.33
Case3_Lufkin_M228,3.07468,9.61176,9.61699,2837.81,2706.29
Case3_Lufkin_M228,3.07865,9.61882,9.62412,2839.42,2706.24
Case3_Lufkin_M228,3.08263,9.62583,9.63119,2841.03,2706.2
Case3_Lufkin_M228,3.0866,9.63278,9.63821,2842.63,2706.16
Case3_Lufkin_M228,3.09057,9.63969,9.64519,2844.24,2706.12
Case3_Lufkin_M228,3.09454,9.64655,9.65211,2845.84,2706.08
Case3_Lufkin_M228,3.09852,9.65335,9.65898,2847.44,2706.03
Case3_Lufkin_M228,3.10249,9.66011,9.6658,2849.04,2705.99
Case3_Lufkin_M228,3.10646,9.66681,9.67257,2850.63,2705.95
Case3_Lufkin_M228,3.11043,9.67346,9.67929,2852.23,2705.91
Case3_Lufkin_M228,3.11441,9.68006,9.68595,2853.82,2705.87
Case3_Lufkin_M228,3.11838,9.68661,9.69257,2855.41,2705.82
Case3_Lufkin_M228,3.12235,9.69311,9.69913,2857.0,2705.78
Case3_Lufkin_M228,3.12632,9.69956,9.70564,2858.59,2705.74
Case3_Lufkin_M228,3.1303,9.70595,9.7121,2860.18,2705.7
Case3_Lufkin_M228,3.13427,9.7123,9.71851,2861.76,2705.66
Case3_Lufkin_M228,3.13824,9.71859,9.72487,2863.34,2705.61
Case3_Lufkin_M228,3.14221,9.72483,9.73117,2864.92,2705.57
Case3_Lufkin_M228,3.14619,9.73102,9.73743,2866.5,2705.53
Case3_Lufkin_M228,3.15016,9.73715,9.74363,2868.08,2705.49
Case3_Lufkin_M228,3.15413,9.74324,9.74977,2869.65,2705.45
Case3_Lufkin_M228,3.1581,9.74927,9.75587,2871.22,2705.41
Case3_Lufkin_M228,3.16208,9.75525,9.76191,2872.79,2705.37
Case3_Lufkin_M228,3.16605,9.76118,9.76791,2874.36,2705.32
Case3_Lufkin_M228,3.17002,9.76705,9.77385,2875.93,2705.28
Case3_Lufkin_M228,3.17399,9.77288,9.77973,2877.5,2705.24
Case3_Lufkin_M228,3.17797,9.77865,9.78557,2879.06,2705.2
Case3_Lufkin_M228,3.18194,9.78436,9.79135,2880.63,2705.16
Case3_Lufkin_M228,3.18591,9.79003,9.79708,2882.19,2705.12
Case3_Lufkin_M228,3.18988,9.79564,9.80276,2883.75,2705.08
Case3_Lufkin_M228,3.19386,9.8012,9.80838,2885.3,2705.04
Case3_Lufkin_M228,3.19783,9.80671,9.81395,2886.86,2705.0
Case3_Lufkin_M228,3.2018,9.81217,9.81947,2888.41,2704.95
Case3_Lufkin_M228,3.20577,9.81757,9.82493,2889.96,2704.91
Case3_Lufkin_M228,3.20975,9.82292,9.83035,2891.51,2704.87
Case3_Lufkin_M228,3.21372,9.82821,9.83571,2893.06,2704.83
Case3_Lufkin_M228,3.21769,9.83346,9.84101,2894.6,2704.79
Case3_Lufkin_M228,3.22166,9.83865,9.84627,2896.14,2704.75
Case3_Lufkin_M228,3.22564,9.84378,9.85147,2897.68,2704.71
Case3_Lufkin_M228,3.22961,9.84887,9.85661,2899.22,2704.67
Case3_Lufkin_M228,3.23358,9.8539,9.86171,2900.76,2704.63
Case3_Lufkin_M228,3.23755,9.85887,9.86675,2902.29,2704.59
Case3_Lufkin_M228,3.24153,9.8638,9.87173,2903.83,2704.55
Case3_Lufkin_M228,3.2455,9.86867,9.87667,2905.36,2704.51
Case3_Lufkin_M228,3.24947,9.87349,9.88155,2906.89,2704.47
Case3_Lufkin_M228,3.25344,9.87825,9.88637,2908.41,2704.43
Case3_Lufkin_M228,3.25742,9.88296,9.89114,2909.93,2704.39
Case3_Lufkin_M228,3.26139,9.88762,9.89586,2911.46,2704.35
Case3_Lufkin_M228,3.26536,9.89222,9.90053,2912.97,2704.31
Case3_Lufkin_M228,3.26933,9.89677,9.90514,2914.49,2704.27
Case3_Lufkin_M228,3.27331,9.90126,9.9097,2916.01,2704.23
Case3_Lufkin_M228,3.27728,9.9057,9.9142,2917.52,2704.19
Case3_Lufkin_M228,3.28125,9.91009,9.91865,2919.03,2704.15
Case3_Lufkin_M228,3.28522,9.91443,9.92304,2920.54,2704.11
Case3_Lufkin_M228,3.28919,9.91871,9.92739,2922.05,2704.07
Case3_Lufkin_M228,3.29317,9.92293,9.93167,2923.56,2704.03
Case3_Lufkin_M228,3.29714,9.9271,9.93591,2925.06,2703.99
Case3_Lufkin_M228,3.30111,9.93122,9.94008,2926.56,2703.95
Case3_Lufkin_M228,3.30508,9.93528,9.94421,2928.06,2703.91
Case3_Lufkin_M228,3.30906,9.93929,9.94828,2929.55,2703.87
Case3_Lufkin_M228,3.31303,9.94325,9.9523,2931.05,2703.83
Case3_Lufkin_M228,3.317,9.94715,9.95626,2932.54,2703.79
Case3_Lufkin_M228,3.32097,9.95099,9.96016,2934.03,2703.75
Case3_Lufkin_M228,3.32495,9.95479,9.96402,2935.52,2703.71
Case3_Lufkin_M228,3.32892,9.95852,9.96782,2937.0,2703.67
Case3_Lufkin_M228,3.33289,9.96221,9.97156,2938.48,2703.64
Case3_Lufkin_M228,3.33686,9.96583,9.97525,2939.96,2703.6
Case3_Lufkin_M228,3.34084,9.96941,9.97888,2941.44,2703.56
Case3_Lufkin_M228,3.34481,9.97293,9.98246,2942.91,2703.52
Case3_Lufkin_M228,3.34878,9.97639,9.98599,2944.38,2703.48
Case3_Lufkin_M228,3.35275,9.9798,9.98946,2945.85,2703.44
Case3_Lufkin_M228,3.35673,9.98316,9.99287,2947.32,2703.4
Case3_Lufkin_M228,3.3607,9.98646,9.99623,2948.78,2703.36
Case3_Lufkin_M228,3.36467,9.98971,9.99954,2950.24,2703.32
Case3_Lufkin_M228,3.36864,9.9929,10.00279,2951.7,2703.29
Case3_Lufkin_M228,3.37262,9.99603,10.00599,2953.16,2703.25
Case3_Lufkin_M228,3.37659,9.99911,10.00913,2954.61,2703.21
Case3_Lufkin_M228,3.38056,10.00214,10.01221,2956.06,2703.17
Case3_Lufkin_M228,3.38453,10.00511,10.01524,2957.51,2703.13
Case3_Lufkin_M228,3.38851,10.00803,10.01822,2958.95,2703.1
Case3_Lufkin_M228,3.39248,10.01089,10.02114,2960.39,2703.06
Case3_Lufkin_M228,3.39645,10.0137,10.02401,2961.83,2703.02
Case3_Lufkin_M228,3.40042,10.01645,10.02682,2963.27,2702.98
Case3_Lufkin_M228,3.4044,10.01914,10.02957,2964.7,2702.94
Case3_Lufkin_M228,3.40837,10.02179,10.03227,2966.13,2702.91
Case3_Lufkin_M228,3.41234,10.02437,10.03492,2967.56,2702.87
Case3_Lufkin_M228,3.41631,10.0269,10.0375,2968.98,2702.83
Case3_Lufkin_M228,3.42029,10.02938,10.04004,2970.41,2702.79
Case3_Lufkin_M228,3.42426,10.0318,10.04252,2971.83,2702.76
Case3_Lufkin_M228,3.42823,10.03416,10.04494,2973.24,2702.72
Case3_Lufkin_M228,3.4322,10.03647,10.04731,2974.66,2702.68
Case3_Lufkin_M228,3.43618,10.03873,10.04962,2976.07,2702.64
Case3_Lufkin_M228,3.44015,10.04093,10.05188,2977.47,2702.61
Case3_Lufkin_M228,3.44412,10.04307,10.05408,2978.88,2702.57
Case3_Lufkin_M228,3.44809,10.04516,10.05622,2980.28,2702.53
Case3_Lufkin_M228,3.45207,10.04719,10.05831,2981.67,2702.5
Case3_Lufkin_M228,3.45604,10.04917,10.06035,2983.07,2702.46
Case3_Lufkin_M228,3.46001,10.05109,10.06233,2984.46,2702.42
Case3_Lufkin_M228,3.46398,10.05296,10.06425,2985.85,2702.39
Case3_Lufkin_M228,3.46796,10.05477,10.06612,2987.23,2702.35
Case3_Lufkin_M228,3.47193,10.05653,10.06793,2988.61,2702.31
Case3_Lufkin_M228,3.4759,10.05823,10.06969,2989.99,2702.28
Case3_Lufkin_M228,3.47987,10.05987,10.07139,2991.36,2702.24
Case3_Lufkin_M228,3.48385,10.06146,10.07303,2992.73,2702.2
Case3_Lufkin_M228,3.48782,10.06299,10.07462,2994.1,2702.17
Case3_Lufkin_M228,3.49179,10.06447,10.07616,2995.46,2702.13
Case3_Lufkin_M228,3.49576,10.06589,10.07763,2996.83,2702.1
Case3_Lufkin_M228,3.49974,10.06726,10.07906,2998.18,2702.06
Case3_Lufkin_M228,3.50371,10.06857,10.08042,2999.54,2702.03
Case3_Lufkin_M228,3.50768,10.06983,10.08173,3000.89,2701.99
Case3_Lufkin_M228,3.51165,10.07103,10.08299,3002.24,2701.95
Case3_Lufkin_M228,3.51562,10.07217,10.08419,3003.59,2701.92
Case3_Lufkin_M228,3.5196,10.07326,10.08533,3004.93,2701.88
Case3_Lufkin_M228,3.52357,10.07429,10.08642,3006.27,2701.85
Case3_Lufkin_M228,3.52754,10.07527,10.08745,3007.61,2701.81
Case3_Lufkin_M228,3.53151,10.07619,10.08842,3008.94,2701.78
Case3_Lufkin_M228,3.53549,10.07705,10.08934,3010.27,2701.74
Case3_Lufkin_M228,3.53946,10.07786,10.09021,3011.59,2701.71
Case3_Lufkin_M228,3.54343,10.07862,10.09101,3012.92,2701.67
Case3_Lufkin_M228,3.5474,10.07931,10.09177,3014.24,2701.64
Case3_Lufkin_M228,3.55138,10.07996,10.09246,3015.55,2701.6
Case3_Lufkin_M228,3.55535,10.08054,10.0931,3016.86,2701.57
Case3_Lufkin_M228,3.55932,10.08107,10.09369,3018.17,2701.54
Case3_Lufkin_M228,3.56329,10.08155,10.09421,3019.48,2701.5
Case3_Lufkin_M228,3.56727,10.08197,10.09469,3020.78,2701.47
Case3_Lufkin_M228,3.57124,10.08233,10.0951,3022.08,2701.43
Case3_Lufkin_M228,3.57521,10.08264,10.09546,3023.37,2701.4
Case3_Lufkin_M228,3.57918,10.08289,10.09577,3024.66,2701.36
Case3_Lufkin_M228,3.58316,10.08308,10.09601,3025.95,2701.33
Case3_Lufkin_M228,3.58713,10.08322,10.09621,3027.24,2701.3
Case3_Lufkin_M228,3.5911,10.08331,10.09634,3028.52,2701.26
Case3_Lufkin_M228,3.59507,10.08333,10.09642,3029.8,2701.23
Case3_Lufkin_M228,3.59905,10.08331,10.09645,3031.07,2701.19
Case3_Lufkin_M228,3.60302,10.08322,10.09642,3032.34,2701.16
Case3_Lufkin_M228,3.60699,10.08308,10.09633,3033.61,2701.13
Case3_Lufkin_M228,3.61096,10.08289,10.09618,3034.87,2701.09
Case3_Lufkin_M228,3.61494,10.08264,10.09598,3036.13,2701.06
Case3_Lufkin_M228,3.61891,10.08233,10.09573,3037.39,2701.03
Case3_Lufkin_M228,3.62288,10.08197,10.09542,3038.65,2701.0
Case3_Lufkin_M228,3.62685,10.08155,10.09505,3039.9,2700.96
Case3_Lufkin_M228,3.63083,10.08107,10.09463,3041.14,2700.93
Case3_Lufkin_M228,3.6348,10.08054,10.09415,3042.39,2700.9
Case3_Lufkin_M228,3.63877,10.07996,10.09361,3043.63,2700.86
Case3_Lufkin_M228,3.64274,10.07931,10.09302,3044.86,2700.83
Case3_Lufkin_M228,3.64672,10.07862,10.09237,3046.1,2700.8
Case3_Lufkin_M228,3.65069,10.07786,10.09167,3047.33,2700.77
Case3_Lufkin_M228,3.65466,10.07705,10.09091,3048.55,2700.73
Case3_Lufkin_M228,3.65863,10.07619,10.09009,3049.77,2700.7
Case3_Lufkin_M228,3.66261,10.07527,10.08922,3050.99,2700.67
Case3_Lufkin_M228,3.66658,10.07429,10.0883,3052.21,2700.64
Case3_Lufkin_M228,3.67055,10.07326,10.08731,3053.42,2700.61
Case3_Lufkin_M228,3.67452,10.07217,10.08628,3054.63,2700.57
Case3_Lufkin_M228,3.6785,10.07103,10.08518,3055.83,2700.54
Case3_Lufkin_M228,3.68247,10.06983,10.08403,3057.03,2700.51
Case3_Lufkin_M228,3.68644,10.06857,10.08282,3058.22,2700.48
Case3_Lufkin_M228,3.69041,10.06726,10.08156,3059.41,2700.45
Case3_Lufkin_M228,3.69439,10.06589,10.08024,3060.6,2700.42
Case3_Lufkin_M228,3.69836,10.06447,10.07887,3061.78,2700.39
Case3_Lufkin_M228,3.70233,10.06299,10.07744,3062.96,2700.35
Case3_Lufkin_M228,3.7063,10.06146,10.07596,3064.14,2700.32
Case3_Lufkin_M228,3.71028,10.05987,10.07441,3065.31,2700.29
Case3_Lufkin_M228,3.71425,10.05823,10.07282,3066.48,2700.26
Case3_Lufkin_M228,3.71822,10.05653,10.07117,3067.64,2700.23
Case3_Lufkin_M228,3.72219,10.05477,10.06946,3068.8,2700.2
Case3_Lufkin_M228,3.72617,10.05296,10.06769,3069.96,2700.17
Case3_Lufkin_M228,3.73014,10.05109,10.06587,3071.11,2700.14
Case3_Lufkin_M228,3.73411,10.04917,10.064,3072.26,2700.11
Case3_Lufkin_M228,3.73808,10.04719,10.06207,3073.41,2700.08
Case3_Lufkin_M228,3.74206,10.04516,10.06008,3074.55,2700.05
Case3_Lufkin_M228,3.74603,10.04307,10.05804,3075.68,2700.02
Case3_Lufkin_M228,3.75,10.04093,10.05594,3076.81,2699.99
Case3_Lufkin_M228,3.75397,10.03873,10.05379,3077.94,2699.96
Case3_Lufkin_M228,3.75794,10.03647,10.05158,3079.07,2699.93
Case3_Lufkin_M228,3.76192,10.03416,10.04932,3080.18,2699.9
Case3_Lufkin_M228,3.76589,10.0318,10.047,3081.3,2699.87
Case3_Lufkin_M228,3.76986,10.02938,10.04462,3082.41,2699.84
Case3_Lufkin_M228,3.77383,10.0269,10.04219,3083.52,2699.81
Case3_Lufkin_M228,3.77781,10.02437,10.03971,3084.62,2699.78
Case3_Lufkin_M228,3.78178,10.02179,10.03716,3085.72,2699.75
Case3_Lufkin_M228,3.78575,10.01914,10.03457,3086.82,2699.73
Case3_Lufkin_M228,3.78972,10.01645,10.03192,3087.91,2699.7
Case3_Lufkin_M228,3.7937,10.0137,10.02921,3088.99,2699.67
Case3_Lufkin_M228,3.79767,10.01089,10.02645,3090.07,2699.64
Case3_Lufkin_M228,3.80164,10.00803,10.02363,3091.15,2699.61
Case3_Lufkin_M228,3.80561,10.00511,10.02076,3092.22,2699.58
Case3_Lufkin_M228,3.80959,10.00214,10.01783,3093.29,2699.55
Case3_Lufkin_M228,3.81356,9.99911,10.01485,3094.35,2699.53
Case3_Lufkin_M228,3.81753,9.99603,10.01181,3095.41,2699.5
Case3_Lufkin_M228,3.8215,9.9929,10.00871,3096.47,2699.47
Case3_Lufkin_M228,3.82548,9.98971,10.00557,3097.52,2699.44
Case3_Lufkin_M228,3.82945,9.98646,10.00236,3098.56,2699.42
Case3_Lufkin_M228,3.83342,9.98316,9.99911,3099.6,2699.39
Case3_Lufkin_M228,3.83739,9.9798,9.99579,3100.64,2699.36
Case3_Lufkin_M228,3.84137,9.97639,9.99242,3101.67,2699.33
Case3_Lufkin_M228,3.84534,9.97293,9.989,3102.7,2699.31
Case3_Lufkin_M228,3.84931,9.96941,9.98552,3103.72,2699.28
Case3_Lufkin_M228,3.85328,9.96583,9.98199,3104.74,2699.25
Case3_Lufkin_M228,3.85726,9.96221,9.97841,3105.76,2699.23
Case3_Lufkin_M228,3.86123,9.95852,9.97476,3106.77,2699.2
Case3_Lufkin_M228,3.8652,9.95479,9.97107,3107.78,2699.17
Case3_Lufkin_M228,3.86917,9.95099,9.96732,3108.78,2699.15
Case3_Lufkin_M228,3.87315,9.94715,9.96351,3109.78,2699.12
Case3_Lufkin_M228,3.87712,9.94325,9.95965,3110.77,2699.09
Case3_Lufkin_M228,3.88109,9.93929,9.95574,3111.76,2699.07
Case3_Lufkin_M228,3.88506,9.93528,9.95177,3112.75,2699.04
Case3_Lufkin_M228,3.88904,9.93122,9.94774,3113.73,2699.02
Case3_Lufkin_M228,3.89301,9.9271,9.94367,3114.7,2698.99
Case3_Lufkin_M228,3.89698,9.92293,9.93954,3115.67,2698.96
Case3_Lufkin_M228,3.90095,9.91871,9.93535,3116.64,2698.94
Case3_Lufkin_M228,3.90493,9.91443,9.93111,3117.6,2698.91
Case3_Lufkin_M228,3.9089,9.91009,9.92681,3118.56,2698.89
Case3_Lufkin_M228,3.91287,9.9057,9.92247,3119.51,2698.86
Case3_Lufkin_M228,3.91684,9.90126,9.91806,3120.46,2698.84
Case3_Lufkin_M228,3.92082,9.89677,9.91361,3121.41,2698.81
Case3_Lufkin_M228,3.92479,9.89222,9.9091,3122.35,2698.79
Case3_Lufkin_M228,3.92876,9.88762,9.90453,3123.28,2698.76
Case3_Lufkin_M228,3.93273,9.88296,9.89991,3124.21,2698.74
Case3_Lufkin_M228,3.93671,9.87825,9.89524,3125.14,2698.71
Case3_Lufkin_M228,3.94068,9.87349,9.89052,3126.06,2698.69
Case3_Lufkin_M228,3.94465,9.86867,9.88574,3126.98,2698.67
Case3_Lufkin_M228,3.94862,9.8638,9.8809,3127.89,2698.64
Case3_Lufkin_M228,3.9526,9.85887,9.87602,3128.79,2698.62
Case3_Lufkin_M228,3.95657,9.8539,9.87108,3129.7,2698.59
Case3_Lufkin_M228,3.96054,9.84887,9.86608,3130.6,2698.57
Case3_Lufkin_M228,3.96451,9.84378,9.86104,3131.49,2698.55
Case3_Lufkin_M228,3.96849,9.83865,9.85593,3132.38,2698.52
Case3_Lufkin_M228,3.97246,9.83346,9.85078,3133.27,2698.5
Case3_Lufkin_M228,3.97643,9.82821,9.84557,3134.15,2698.48
Case3_Lufkin_M228,3.9804,9.82292,9.84031,3135.02,2698.45
Case3_Lufkin_M228,3.98438,9.81757,9.835,3135.89,2698.43
Case3_Lufkin_M228,3.98835,9.81217,9.82963,3136.76,2698.41
Case3_Lufkin_M228,3.99232,9.80671,9.82421,3137.62,2698.39
Case3_Lufkin_M228,3.99629,9.8012,9.81874,3138.48,2698.36
Case3_Lufkin_M228,4.00026,9.79564,9.81322,3139.33,2698.34
Case3_Lufkin_M228,4.00424,9.79003,9.80764,3140.18,2698.32
Case3_Lufkin_M228,4.00821,9.78436,9.80201,3141.03,2698.3
Case3_Lufkin_M228,4.01218,9.77865,9.79632,3141.87,2698.27
Case3_Lufkin_M228,4.01615,9.77288,9.79059,3142.7,2698.25
Case3_Lufkin_M228,4.02013,9.76705,9.7848,3143.53,2698.23
Case3_Lufkin_M228,4.0241,9.76118,9.77896,3144.36,2698.21
Case3_Lufkin_M228,4.02807,9.75525,9.77306,3145.17,2698.19
Case3_Lufkin_M228,4.03204,9.74927,9.76711,3145.99,2698.17
Case3_Lufkin_M228,4.03602,9.74324,9.76112,3146.8,2698.14
Case3_Lufkin_M228,4.03999,9.73715,9.75506,3147.6,2698.12
Case3_Lufkin_M228,4.04396,9.73102,9.74896,3148.4,2698.1
Case3_Lufkin_M228,4.04793,9.72483,9.74281,3149.2,2698.08
Case3_Lufkin_M228,4.05191,9.71859,9.7366,3149.99,2698.06
Case3_Lufkin_M228,4.05588,9.7123,9.73034,3150.77,2698.04
Case3_Lufkin_M228,4.05985,9.70595,9.72403,3151.56,2698.02
Case3_Lufkin_M228,4.06382,9.69956,9.71766,3152.33,2698.0
Case3_Lufkin_M228,4.0678,9.69311,9.71125,3153.1,2697.98
Case3_Lufkin_M228,4.07177,9.68661,9.70478,3153.87,2697.96
Case3_Lufkin_M228,4.07574,9.68006,9.69826,3154.63,2697.94
Case3_Lufkin_M228,4.07971,9.67346,9.69169,3155.39,2697.92
Case3_Lufkin_M228,4.08369,9.66681,9.68507,3156.14,2697.9
Case3_Lufkin_M228,4.08766,9.66011,9.6784,3156.88,2697.88
Case3_Lufkin_M228,4.09163,9.65335,9.67168,3157.63,2697.86
Case3_Lufkin_M228,4.0956,9.64655,9.6649,3158.36,2697.84
Case3_Lufkin_M228,4.09958,9.63969,9.65807,3159.09,2697.82
Case3_Lufkin_M228,4.10355,9.63278,9.6512,3159.82,2697.8
Case3_Lufkin_M228,4.10752,9.62583,9.64427,3160.54,2697.78
Case3_Lufkin_M228,4.11149,9.61882,9.63729,3161.26,2697.76
Case3_Lufkin_M228,4.11547,9.61176,9.63026,3161.97,2697.74
Case3_Lufkin_M228,4.11944,9.60465,9.62317,3162.67,2697.72
Case3_Lufkin_M228,4.12341,9.59748,9.61604,3163.38,2697.71
Case3_Lufkin_M228,4.12738,9.59027,9.60886,3164.07,2697.69
Case3_Lufkin_M228,4.13136,9.58301,9.60163,3164.76,2697.67
Case3_Lufkin_M228,4.13533,9.5757,9.59434,3165.45,2697.65
Case3_Lufkin_M228,4.1393,9.56834,9.58701,3166.13,2697.63
Case3_Lufkin_M228,4.14327,9.56092,9.57962,3166.8,2697.62
Case3_Lufkin_M228,4.14725,9.55346,9.57219,3167.47,2697.6
Case3_Lufkin_M228,4.15122,9.54595,9.5647,3168.14,2697.58
Case3_Lufkin_M228,4.15519,9.53839,9.55717,3168.8,2697.56
Case3_Lufkin_M228,4.15916,9.53077,9.54958,3169.45,2697.55
Case3_Lufkin_M228,4.16314,9.52311,9.54194,3170.1,2697.53
Case3_Lufkin_M228,4.16711,9.5154,9.53426,3170.75,2697.51
Case3_Lufkin_M228,4.17108,9.50764,9.52652,3171.38,2697.49
Case3_Lufkin_M228,4.17505,9.49983,9.51874,3172.02,2697.48
Case3_Lufkin_M228,4.17903,9.49197,9.51091,3172.65,2697.46
Case3_Lufkin_M228,4.183,9.48406,9.50302,3173.27,2697.44
Case3_Lufkin_M228,4.18697,9.4761,9.49509,3173.89,2697.43
Case3_Lufkin_M228,4.19094,9.46809,9.48711,3174.5,2697.41
Case3_Lufkin_M228,4.19492,9.46004,9.47907,3175.11,2697.4
Case3_Lufkin_M228,4.19889,9.45193,9.47099,3175.71,2697.38
Case3_Lufkin_M228,4.20286,9.44378,9.46286,3176.31,2697.36
Case3_Lufkin_M228,4.20683,9.43557,9.45468,3176.9,2697.35
Case3_Lufkin_M228,4.21081,9.42732,9.44646,3177.49,2697.33
Case3_Lufkin_M228,4.21478,9.41902,9.43818,3178.07,2697.32
Case3_Lufkin_M228,4.21875,9.41067,9.42985,3178.65,2697.3
Case3_Lufkin_M228,4.22272,9.40227,9.42148,3179.22,2697.29
Case3_Lufkin_M228,4.22669,9.39383,9.41306,3179.79,2697.27
Case3_Lufkin_M228,4.23067,9.38534,9.40459,3180.35,2697.26
Case3_Lufkin_M228,4.23464,9.37679,9.39607,3180.9,2697.24
Case3_Lufkin_M228,4.23861,9.3682,9.3875,3181.45,2697.23
Case3_Lufkin_M228,4.24258,9.35957,9.37889,3182.0,2697.21
Case3_Lufkin_M228,4.24656,9.35088,9.37022,3182.54,2697.2
Case3_Lufkin_M228,4.25053,9.34215,9.36151,3183.07,2697.19
Case3_Lufkin_M228,4.2545,9.33337,9.35275,3183.6,2697.17
Case3_Lufkin_M228,4.25847,9.32454,9.34394,3184.13,2697.16
Case3_Lufkin_M228,4.26245,9.31566,9.33509,3184.65,2697.14
Case3_Lufkin_M228,4.26642,9.30674,9.32619,3185.16,2697.13
Case3_Lufkin_M228,4.27039,9.29777,9.31724,3185.67,2697.12
Case3_Lufkin_M228,4.27436,9.28875,9.30824,3186.17,2697.1
Case3_Lufkin_M228,4.27834,9.27968,9.2992,3186.67,2697.09
Case3_Lufkin_M228,4.28231,9.27057,9.29011,3187.17,2697.08
Case3_Lufkin_M228,4.28628,9.26141,9.28097,3187.65,2697.06
Case3_Lufkin_M228,4.29025,9.25221,9.27178,3188.14,2697.05
Case3_Lufkin_M228,4.29423,9.24296,9.26255,3188.61,2697.04
Case3_Lufkin_M228,4.2982,9.23366,9.25327,3189.09,2697.03
Case3_Lufkin_M228,4.30217,9.22431,9.24394,3189.55,2697.01
Case3_Lufkin_M228,4.30614,9.21492,9.23457,3190.01,2697.0
Case3_Lufkin_M228,4.31012,9.20549,9.22515,3190.47,2696.99
Case3_Lufkin_M228,4.31409,9.196,9.21569,3190.92,2696.98
Case3_Lufkin_M228,4.31806,9.18647,9.20618,3191.37,2696.97
Case3_Lufkin_M228,4.32203,9.1769,9.19662,3191.81,2696.96
Case3_Lufkin_M228,4.32601,9.16728,9.18702,3192.25,2696.94
Case3_Lufkin_M228,4.32998,9.15761,9.17737,3192.68,2696.93
Case3_Lufkin_M228,4.33395,9.1479,9.16767,3193.1,2696.92
Case3_Lufkin_M228,4.33792,9.13814,9.15793,3193.52,2696.91
Case3_Lufkin_M228,4.3419,9.12834,9.14815,3193.94,2696.9
Case3_Lufkin_M228,4.34587,9.11849,9.13831,3194.35,2696.89
Case3_Lufkin_M228,4.34984,9.10859,9.12844,3194.75,2696.88
Case3_Lufkin_M228,4.35381,9.09865,9.11851,3195.15,2696.87
Case3_Lufkin_M228,4.35779,9.08867,9.10855,3195.54,2696.86
Case3_Lufkin_M228,4.36176,9.07864,9.09853,3195.93,2696.85
Case3_Lufkin_M228,4.36573,9.06857,9.08848,3196.32,2696.84
Case3_Lufkin_M228,4.3697,9.05845,9.07837,3196.69,2696.83
Case3_Lufkin_M228,4.37368,9.04829,9.06823,3197.06,2696.82
Case3_Lufkin_M228,4.37765,9.03808,9.05804,3197.43,2696.81
Case3_Lufkin_M228,4.38162,9.02783,9.0478,3197.79,2696.8
Case3_Lufkin_M228,4.38559,9.01754,9.03752,3198.15,2696.79
Case3_Lufkin_M228,4.38957,9.0072,9.02719,3198.5,2696.78
Case3_Lufkin_M228,4.39354,8.99681,9.01683,3198.84,2696.77
Case3_Lufkin_M228,4.39751,8.98639,9.00641,3199.18,2696.76
Case3_Lufkin_M228,4.40148,8.97592,8.99596,3199.52,2696.75
Case3_Lufkin_M228,4.40546,8.9654,8.98545,3199.84,2696.74
Case3_Lufkin_M228,4.40943,8.95485,8.97491,3200.17,2696.73
Case3_Lufkin_M228,4.4134,8.94424,8.96432,3200.49,2696.73
Case3_Lufkin_M228,4.41737,8.9336,8.95369,3200.8,2696.72
Case3_Lufkin_M228,4.42135,8.92291,8.94302,3201.11,2696.71
Case3_Lufkin_M228,4.42532,8.91218,8.9323,3201.41,2696.7
Case3_Lufkin_M228,4.42929,8.90141,8.92154,3201.7,2696.69
Case3_Lufkin_M228,4.43326,8.89059,8.91073,3201.99,2696.69
Case3_Lufkin_M228,4.43724,8.87974,8.89989,3202.28,2696.68
Case3_Lufkin_M228,4.44121,8.86883,8.889,3202.56,2696.67
Case3_Lufkin_M228,4.44518,8.85789,8.87807,3202.83,2696.66
Case3_Lufkin_M228,4.44915,8.84691,8.86709,3203.1,2696.66
Case3_Lufkin_M228,4.45312,8.83588,8.85607,3203.36,2696.65
Case3_Lufkin_M228,4.4571,8.82481,8.84501,3203.62,2696.64
Case3_Lufkin_M228,4.46107,8.8137,8.83391,3203.87,2696.64
Case3_Lufkin_M228,4.46504,8.80254,8.82277,3204.12,2696.63
Case3_Lufkin_M228,4.46901,8.79135,8.81158,3204.36,2696.62
Case3_Lufkin_M228,4.47299,8.78011,8.80036,3204.6,2696.62
Case3_Lufkin_M228,4.47696,8.76883,8.78909,3204.83,2696.61
Case3_Lufkin_M228,4.48093,8.75751,8.77778,3205.05,2696.6
Case3_Lufkin_M228,4.4849,8.74615,8.76643,3205.27,2696.6
Case3_Lufkin_M228,4.48888,8.73475,8.75503,3205.48,2696.59
Case3_Lufkin_M228,4.49285,8.72331,8.7436,3205.69,2696.59
Case3_Lufkin_M228,4.49682,8.71183,8.73213,3205.89,2696.58
Case3_Lufkin_M228,4.50079,8.7003,8.72061,3206.09,2696.58
Case3_Lufkin_M228,4.50477,8.68874,8.70905,3206.28,2696.57
Case3_Lufkin_M228,4.50874,8.67713,8.69746,3206.46,2696.57
Case3_Lufkin_M228,4.51271,8.66549,8.68582,3206.64,2696.56
Case3_Lufkin_M228,4.51668,8.6538,8.67414,3206.82,2696.56
Case3_Lufkin_M228,4.52066,8.64208,8.66242,3206.99,2696.55
Case3_Lufkin_M228,4.52463,8.63031,8.65066,3207.15,2696.55
Case3_Lufkin_M228,4.5286,8.61851,8.63887,3207.3,2696.54
Case3_Lufkin_M228,4.53257,8.60666,8.62703,3207.46,2696.54
Case3_Lufkin_M228,4.53655,8.59478,8.61515,3207.6,2696.54
Case3_Lufkin_M228,4.54052,8.58286,8.60323,3207.74,2696.53
Case3_Lufkin_M228,4.54449,8.57089,8.59128,3207.88,2696.53
Case3_Lufkin_M228,4.54846,8.55889,8.57928,3208.01,2696.53
Case3_Lufkin_M228,4.55244,8.54685,8.56724,3208.13,2696.52
Case3_Lufkin_M228,4.55641,8.53477,8.55517,3208.25,2696.52
Case3_Lufkin_M228,4.56038,8.52265,8.54306,3208.36,2696.52
Case3_Lufkin_M228,4.56435,8.5105,8.5309,3208.47,2696.51
Case3_Lufkin_M228,4.56833,8.4983,8.51871,3208.57,2696.51
Case3_Lufkin_M228,4.5723,8.48607,8.50648,3208.67,2696.51
Case3_Lufkin_M228,4.57627,8.4738,8.49422,3208.76,2696.51
Case3_Lufkin_M228,4.58024,8.46149,8.48191,3208.85,2696.5
Case3_Lufkin_M228,4.58422,8.44914,8.46957,3208.93,2696.5
Case3_Lufkin_M228,4.58819,8.43676,8.45718,3209.0,2696.5
Case3_Lufkin_M228,4.59216,8.42433,8.44476,3209.07,2696.5
Case3_Lufkin_M228,4.59613,8.41187,8.43231,3209.13,2696.5
Case3_Lufkin_M228,4.60011,8.39938,8.41981,3209.19,2696.49
Case3_Lufkin_M228,4.60408,8.38684,8.40728,3209.24,2696.49
Case3_Lufkin_M228,4.60805,8.37427,8.39471,3209.29,2696.49
Case3_Lufkin_M228,4.61202,8.36166,8.3821,3209.33,2696.49
Case3_Lufkin_M228,4.616,8.34902,8.36946,3209.37,2696.49
Case3_Lufkin_M228,4.61997,8.33633,8.35678,3209.4,2696.49
Case3_Lufkin_M228,4.62394,8.32362,8.34406,3209.42,2696.49
Case3_Lufkin_M228,4.62791,8.31086,8.33131,3209.44,2696.49
Case3_Lufkin_M228,4.63189,8.29807,8.31852,3209.46,2696.49
Case3_Lufkin_M228,4.63586,8.28524,8.30569,3209.46,2696.49
Case3_Lufkin_M228,4.63983,8.27238,8.29283,3209.47,2696.49
Case3_Lufkin_M228,4.6438,8.25948,8.27993,3209.46,2696.49
Case3_Lufkin_M228,4.64778,8.24655,8.26699,3209.45,2696.49
Case3_Lufkin_M228,4.65175,8.23358,8.25402,3209.44,2696.49
Case3_Lufkin_M228,4.65572,8.22057,8.24102,3209.42,2696.49
Case3_Lufkin_M228,4.65969,8.20753,8.22798,3209.4,2696.49
Case3_Lufkin_M228,4.66367,8.19446,8.2149,3209.37,2696.49
Case3_Lufkin_M228,4.66764,8.18135,8.20179,3209.33,2696.49
Case3_Lufkin_M228,4.67161,8.1682,8.18864,3209.29,2696.49
Case3_Lufkin_M228,4.67558,8.15502,8.17546,3209.25,2696.49
Case3_Lufkin_M228,4.67956,8.14181,8.16224,3209.2,2696.49
Case3_Lufkin_M228,4.68353,8.12856,8.14899,3209.14,2696.49
Case3_Lufkin_M228,4.6875,8.11527,8.13571,3209.08,2696.5
Case3_Lufkin_M228,4.69147,8.10196,8.12239,3209.01,2696.5
Case3_Lufkin_M228,4.69544,8.08861,8.10903,3208.94,2696.5
Case3_Lufkin_M228,4.69942,8.07522,8.09564,3208.86,2696.5
Case3_Lufkin_M228,4.70339,8.0618,8.08222,3208.77,2696.5
Case3_Lufkin_M228,4.70736,8.04835,8.06877,3208.68,2696.51
Case3_Lufkin_M228,4.71133,8.03487,8.05528,3208.59,2696.51
Case3_Lufkin_M228,4.71531,8.02135,8.04176,3208.49,2696.51
Case3_Lufkin_M228,4.71928,8.0078,8.0282,3208.38,2696.51
Case3_Lufkin_M228,4.72325,7.99421,8.01461,3208.27,2696.52
Case3_Lufkin_M228,4.72722,7.9806,8.00099,3208.15,2696.52
Case3_Lufkin_M228,4.7312,7.96695,7.98734,3208.03,2696.52
Case3_Lufkin_M228,4.73517,7.95327,7.97365,3207.9,2696.53
Case3_Lufkin_M228,4.73914,7.93955,7.95993,3207.76,2696.53
Case3_Lufkin_M228,4.74311,7.92581,7.94618,3207.62,2696.53
Case3_Lufkin_M228,4.74709,7.91203,7.9324,3207.48,2696.54
Case3_Lufkin_M228,4.75106,7.89822,7.91858,3207.33,2696.54
Case3_Lufkin_M228,4.75503,7.88438,7.90473,3207.17,2696.55
Case3_Lufkin_M228,4.759,7.87051,7.89085,3207.01,2696.55
Case3_Lufkin_M228,4.76298,7.8566,7.87694,3206.84,2696.55
Case3_Lufkin_M228,4.76695,7.84267,7.863,3206.67,2696.56
Case3_Lufkin_M228,4.77092,7.8287,7.84903,3206.49,2696.56
Case3_Lufkin_M228,4.77489,7.8147,7.83502,3206.31,2696.57
Case3_Lufkin_M228,4.77887,7.80068,7.82099,3206.12,2696.57
Case3_Lufkin_M228,4.78284,7.78662,7.80692,3205.92,2696.58
Case3_Lufkin_M228,4.78681,7.77253,7.79282,3205.72,2696.58
Case3_Lufkin_M228,4.79078,7.75841,7.7787,3205.52,2696.59
Case3_Lufkin_M228,4.79476,7.74426,7.76454,3205.31,2696.59
Case3_Lufkin_M228,4.79873,7.73008,7.75035,3205.09,2696.6
Case3_Lufkin_M228,4.8027,7.71587,7.73613,3204.87,2696.61
Case3_Lufkin_M228,4.80667,7.70163,7.72188,3204.64,2696.61
Case3_Lufkin_M228,4.81065,7.68737,7.70761,3204.41,2696.62
Case3_Lufkin_M228,4.81462,7.67307,7.6933,3204.17,2696.62
Case3_Lufkin_M228,4.81859,7.65874,7.67896,3203.92,2696.63
Case3_Lufkin_M228,4.82256,7.64439,7.6646,3203.67,2696.64
Case3_Lufkin_M228,4.82654,7.63,7.6502,3203.42,2696.64
Case3_Lufkin_M228,4.83051,7.61559,7.63578,3203.16,2696.65
Case3_Lufkin_M228,4.83448,7.60115,7.62133,3202.89,2696.66
Case3_Lufkin_M228,4.83845,7.58668,7.60685,3202.62,2696.66
Case3_Lufkin_M228,4.84243,7.57218,7.59234,3202.34,2696.67
Case3_Lufkin_M228,4.8464,7.55765,7.5778,3202.05,2696.68
Case3_Lufkin_M228,4.85037,7.5431,7.56324,3201.77,2696.69
Case3_Lufkin_M228,4.85434,7.52852,7.54864,3201.47,2696.69
Case3_Lufkin_M228,4.85832,7.51391,7.53402,3201.17,2696.7
Case3_Lufkin_M228,4.86229,7.49927,7.51937,3200.86,2696.71
Case3_Lufkin_M228,4.86626,7.48461,7.5047,3200.55,2696.72
Case3_Lufkin_M228,4.87023,7.46992,7.48999,3200.24,2696.73
Case3_Lufkin_M228,4.87421,7.4552,7.47526,3199.91,2696.74
Case3_Lufkin_M228,4.87818,7.44046,7.4605,3199.59,2696.74
Case3_Lufkin_M228,4.88215,7.42569,7.44572,3199.25,2696.75
Case3_Lufkin_M228,4.88612,7.41089,7.43091,3198.92,2696.76
Case3_Lufkin_M228,4.8901,7.39607,7.41607,3198.57,2696.77
Case3_Lufkin_M228,4.89407,7.38122,7.40121,3198.22,2696.78
Case3_Lufkin_M228,4.89804,7.36634,7.38632,3197.87,2696.79
Case3_Lufkin_M228,4.90201,7.35144,7.3714,3197.51,2696.8
Case3_Lufkin_M228,4.90599,7.33651,7.35646,3197.14,2696.81
Case3_Lufkin_M228,4.90996,7.32156,7.34149,3196.77,2696.82
Case3_Lufkin_M228,4.91393,7.30658,7.3265,3196.4,2696.83
Case3_Lufkin_M228,4.9179,7.29158,7.31148,3196.02,2696.84
Case3_Lufkin_M228,4.92188,7.27655,7.29644,3195.63,2696.85
Case3_Lufkin_M228,4.92585,7.2615,7.28137,3195.24,2696.86
Case3_Lufkin_M228,4.92982,7.24642,7.26628,3194.84,2696.87
Case3_Lufkin_M228,4.93379,7.23132,7.25116,3194.44,2696.88
Case3_Lufkin_M228,4.93776,7.2162,7.23602,3194.03,2696.89
Case3_Lufkin_M228,4.94174,7.20105,7.22085,3193.61,2696.9
Case3_Lufkin_M228,4.94571,7.18587,7.20566,3193.19,2696.91
Case3_Lufkin_M228,4.94968,7.17068,7.19044,3192.77,2696.92
Case3_Lufkin_M228,4.95365,7.15546,7.17521,3192.34,2696.93
Case3_Lufkin_M228,4.95763,7.14021,7.15994,3191.91,2696.95
Case3_Lufkin_M228,4.9616,7.12494,7.14466,3191.46,2696.96
Case3_Lufkin_M228,4.96557,7.10965,7.12935,3191.02,2696.97
Case3_Lufkin_M228,4.96954,7.09434,7.11402,3190.57,2696.98
Case3_Lufkin_M228,4.97352,7.079,7.09866,3190.11,2696.99
Case3_Lufkin_M228,4.97749,7.06365,7.08328,3189.65,2697.0
Case3_Lufkin_M228,4.98146,7.04826,7.06788,3189.18,2697.02
Case3_Lufkin_M228,4.98543,7.03286,7.05246,3188.71,2697.03
Case3_Lufkin_M228,4.98941,7.01744,7.03702,3188.23,2697.04
Case3_Lufkin_M228,4.99338,7.00199,7.02155,3187.75,2697.05
Case3_Lufkin_M228,4.99735,6.98652,7.00606,3187.26,2697.07
Case3_Lufkin_M228,5.00132,6.97103,6.99055,3186.77,2697.08
Case3_Lufkin_M228,5.0053,6.95552,6.97502,3186.27,2697.09
Case3_Lufkin_M228,5.00927,6.93998,6.95946,3185.77,2697.11
Case3_Lufkin_M228,5.01324,6.92443,6.94389,3185.26,2697.12
Case3_Lufkin_M228,5.01721,6.90885,6.92829,3184.75,2697.13
Case3_Lufkin_M228,5.02119,6.89326,6.91268,3184.23,2697.15
Case3_Lufkin_M228,5.02516,6.87764,6.89704,3183.7,2697.16
Case3_Lufkin_M228,5.02913,6.86201,6.88138,3183.17,2697.17
Case3_Lufkin_M228,5.0331,6.84635,6.8657,3182.64,2697.19
Case3_Lufkin_M228,5.03708,6.83067,6.85,3182.1,2697.2
Case3_Lufkin_M228,5.04105,6.81498,6.83428,3181.56,2697.22
Case3_Lufkin_M228,5.04502,6.79926,6.81855,3181.01,2697.23
Case3_Lufkin_M228,5.04899,6.78352,6.80279,3180.45,2697.25
Case3_Lufkin_M228,5.05297,6.76777,6.78701,3179.89,2697.26
Case3_Lufkin_M228,5.05694,6.752,6.77121,3179.32,2697.28
Case3_Lufkin_M228,5.06091,6.7362,6.7554,3178.75,2697.29
Case3_Lufkin_M228,5.06488,6.72039,6.73956,3178.18,2697.31
Case3_Lufkin_M228,5.06886,6.70456,6.72371,3177.6,2697.32
Case3_Lufkin_M228,5.07283,6.68871,6.70784,3177.01,2697.34
Case3_Lufkin_M228,5.0768,6.67285,6.69194,3176.42,2697.35
Case3_Lufkin_M228,5.08077,6.65696,6.67603,3175.82,2697.37
Case3_Lufkin_M228,5.08475,6.64106,6.66011,3175.22,2697.38
Case3_Lufkin_M228,5.08872,6.62514,6.64416,3174.61,2697.4
Case3_Lufkin_M228,5.09269,6.6092,6.6282,3174.0,2697.42
Case3_Lufkin_M228,5.09666,6.59324,6.61222,3173.38,2697.43
Case3_Lufkin_M228,5.10064,6.57727,6.59622,3172.76,2697.45
Case3_Lufkin_M228,5.10461,6.56128,6.5802,3172.13,2697.46
Case3_Lufkin_M228,5.10858,6.54527,6.56417,3171.5,2697.48
Case3_Lufkin_M228,5.11255,6.52925,6.54812,3170.86,2697.5
Case3_Lufkin_M228,5.11653,6.51321,6.53206,3170.22,2697.51
Case3_Lufkin_M228,5.1205,6.49716,6.51597,3169.57,2697.53
Case3_Lufkin_M228,5.12447,6.48108,6.49988,3168.92,2697.55
Case3_Lufkin_M228,5.12844,6.465,6.48376,3168.26,2697.57
Case3_Lufkin_M228,5.13242,6.44889,6.46763,3167.59,2697.58
Case3_Lufkin_M228,5.13639,6.43277,6.45148,3166.92,2697.6
Case3_Lufkin_M228,5.14036,6.41664,6.43532,3166.25,2697.62
Case3_Lufkin_M228,5.14433,6.40049,6.41914,3165.57,2697.64
Case3_Lufkin_M228,5.14831,6.38432,6.40295,3164.89,2697.66
Case3_Lufkin_M228,5.15228,6.36814,6.38674,3164.2,2697.67
Case3_Lufkin_M228,5.15625,6.35195,6.37052,3163.51,2697.69
Case3_Lufkin_M228,5.16022,6.33574,6.35428,3162.81,2697.71
Case3_Lufkin_M228,5.16419,6.31951,6.33803,3162.1,2697.73
Case3_Lufkin_M228,5.16817,6.30328,6.32176,3161.39,2697.75
Case3_Lufkin_M228,5.17214,6.28703,6.30548,3160.68,2697.77
Case3_Lufkin_M228,5.17611,6.27076,6.28919,3159.96,2697.78
Case3_Lufkin_M228,5.18008,6.25448,6.27288,3159.24,2697.8
Case3_Lufkin_M228,5.18406,6.23819,6.25656,3158.51,2697.82
Case3_Lufkin_M228,5.18803,6.22188,6.24022,3157.77,2697.84
Case3_Lufkin_M228,5.192,6.20556,6.22387,3157.03,2697.86
Case3_Lufkin_M228,5.19597,6.18923,6.20751,3156.29,2697.88
Case3_Lufkin_M228,5.19995,6.17289,6.19113,3155.54,2697.9
Case3_Lufkin_M228,5.20392,6.15653,6.17475,3154.78,2697.92
Case3_Lufkin_M228,5.20789,6.14016,6.15835,3154.02,2697.94
Case3_Lufkin_M228,5.21186,6.12378,6.14193,3153.26,2697.96
Case3_Lufkin_M228,5.21584,6.10739,6.12551,3152.49,2697.98
Case3_Lufkin_M228,5.21981,6.09098,6.10907,3151.71,2698.0
Case3_Lufkin_M228,5.22378,6.07457,6.09262,3150.93,2698.02
Case3_Lufkin_M228,5.22775,6.05814,6.07616,3150.15,2698.04
Case3_Lufkin_M228,5.23173,6.0417,6.05969,3149.36,2698.06
Case3_Lufkin_M228,5.2357,6.02525,6.04321,3148.57,2698.08
Case3_Lufkin_M228,5.23967,6.00879,6.02671,3147.77,2698.11
Case3_Lufkin_M228,5.24364,5.99231,6.01021,3146.96,2698.13
Case3_Lufkin_M228,5.24762,5.97583,5.99369,3146.16,2698.15
Case3_Lufkin_M228,5.25159,5.95934,5.97717,3145.34,2698.17
Case3_Lufkin_M228,5.25556,5.94283,5.96063,3144.52,2698.19
Case3_Lufkin_M228,5.25953,5.92632,5.94408,3143.7,2698.21
Case3_Lufkin_M228,5.26351,5.9098,5.92753,3142.87,2698.23
Case3_Lufkin_M228,5.26748,5.89327,5.91096,3142.04,2698.26
Case3_Lufkin_M228,5.27145,5.87672,5.89438,3141.2,2698.28
Case3_Lufkin_M228,5.27542,5.86017,5.8778,3140.36,2698.3
Case3_Lufkin_M228,5.2794,5.84361,5.8612,3139.51,2698.32
Case3_Lufkin_M228,5.28337,5.82704,5.8446,3138.66,2698.34
Case3_Lufkin_M228,5.28734,5.81046,5.82799,3137.81,2698.37
Case3_Lufkin_M228,5.29131,5.79388,5.81136,3136.94,2698.39
Case3_Lufkin_M228,5.29529,5.77728,5.79473,3136.08,2698.41
Case3_Lufkin_M228,5.29926,5.76068,5.77809,3135.21,2698.44
Case3_Lufkin_M228,5.30323,5.74407,5.76145,3134.33,2698.46
Case3_Lufkin_M228,5.3072,5.72745,5.74479,3133.45,2698.48
Case3_Lufkin_M228,5.31118,5.71082,5.72813,3132.57,2698.51
Case3_Lufkin_M228,5.31515,5.69419,5.71146,3131.68,2698.53
Case3_Lufkin_M228,5.31912,5.67755,5.69478,3130.78,2698.55
Case3_Lufkin_M228,5.32309,5.6609,5.6781,3129.89,2698.58
Case3_Lufkin_M228,5.32707,5.64425,5.66141,3128.98,2698.6
Case3_Lufkin_M228,5.33104,5.62759,5.64471,3128.07,2698.62
Case3_Lufkin_M228,5.33501,5.61092,5.628,3127.16,2698.65
Case3_Lufkin_M228,5.33898,5.59424,5.61129,3126.24,2698.67
Case3_Lufkin_M228,5.34296,5.57756,5.59457,3125.32,2698.7
Case3_Lufkin_M228,5.34693,5.56088,5.57785,3124.4,2698.72
Case3_Lufkin_M228,5.3509,5.54418,5.56112,3123.47,2698.74
Case3_Lufkin_M228,5.35487,5.52749,5.54438,3122.53,2698.77
Case3_Lufkin_M228,5.35885,5.51078,5.52764,3121.59,2698.79
Case3_Lufkin_M228,5.36282,5.49408,5.51089,3120.65,2698.82
Case3_Lufkin_M228,5.36679,5.47736,5.49414,3119.7,2698.84
Case3_Lufkin_M228,5.37076,5.46064,5.47739,3118.75,2698.87
Case3_Lufkin_M228,5.37474,5.44392,5.46062,3117.79,2698.89
Case3_Lufkin_M228,5.37871,5.42719,5.44386,3116.83,2698.92
Case3_Lufkin_M228,5.38268,5.41046,5.42709,3115.86,2698.94
Case3_Lufkin_M228,5.38665,5.39373,5.41031,3114.89,2698.97
Case3_Lufkin_M228,5.39062,5.37699,5.39353,3113.92,2699.0
Case3_Lufkin_M228,5.3946,5.36024,5.37675,3112.94,2699.02
Case3_Lufkin_M228,5.39857,5.3435,5.35996,3111.95,2699.05
Case3_Lufkin_M228,5.40254,5.32675,5.34317,3110.96,2699.07
Case3_Lufkin_M228,5.40651,5.31,5.32638,3109.97,2699.1
Case3_Lufkin_M228,5.41049,5.29324,5.30958,3108.97,2699.13
Case3_Lufkin_M228,5.41446,5.27648,5.29278,3107.97,2699.15
Case3_Lufkin_M228,5.41843,5.25972,5.27598,3106.96,2699.18
Case3_Lufkin_M228,5.4224,5.24295,5.25917,3105.95,2699.21
Case3_Lufkin_M228,5.42638,5.22619,5.24237,3104.94,2699.23
Case3_Lufkin_M228,5.43035,5.20942,5.22556,3103.92,2699.26
Case3_Lufkin_M228,5.43432,5.19265,5.20874,3102.89,2699.29
Case3_Lufkin_M228,5.43829,5.17588,5.19193,3101.86,2699.31
Case3_Lufkin_M228,5.44227,5.15911,5.17511,3100.83,2699.34
Case3_Lufkin_M228,5.44624,5.14233,5.1583,3099.79,2699.37
Case3_Lufkin_M228,5.45021,5.12556,5.14148,3098.75,2699.39
Case3_Lufkin_M228,5.45418,5.10878,5.12466,3097.71,2699.42
Case3_Lufkin_M228,5.45816,5.092,5.10784,3096.66,2699.45
Case3_Lufkin_M228,5.46213,5.07522,5.09102,3095.6,2699.48
Case3_Lufkin_M228,5.4661,5.05845,5.0742,3094.54,2699.5
Case3_Lufkin_M228,5.47007,5.04167,5.05738,3093.48,2699.53
Case3_Lufkin_M228,5.47405,5.02489,5.04055,3092.41,2699.56
Case3_Lufkin_M228,5.47802,5.00811,5.02373,3091.34,2699.59
Case3_Lufkin_M228,5.48199,4.99133,5.00691,3090.27,2699.62
Case3_Lufkin_M228,5.48596,4.97455,4.99009,3089.19,2699.65
Case3_Lufkin_M228,5.48994,4.95778,4.97327,3088.1,2699.67
Case3_Lufkin_M228,5.49391,4.941,4.95645,3087.02,2699.7
Case3_Lufkin_M228,5.49788,4.92423,4.93963,3085.92,2699.73
Case3_Lufkin_M228,5.50185,4.90745,4.92281,3084.83,2699.76
Case3_Lufkin_M228,5.50583,4.89068,4.90599,3083.73,2699.79
Case3_Lufkin_M228,5.5098,4.87391,4.88918,3082.62,2699.82
Case3_Lufkin_M228,5.51377,4.85714,4.87236,3081.51,2699.85
Case3_Lufkin_M228,5.51774,4.84038,4.85555,3080.4,2699.88
Case3_Lufkin_M228,5.52172,4.82361,4.83874,3079.28,2699.91
Case3_Lufkin_M228,5.52569,4.80685,4.82194,3078.16,2699.94
Case3_Lufkin_M228,5.52966,4.79009,4.80513,3077.03,2699.97
Case3_Lufkin_M228,5.53363,4.77334,4.78833,3075.9,2700.0
Case3_Lufkin_M228,5.53761,4.75659,4.77153,3074.77,2700.03
Case3_Lufkin_M228,5.54158,4.73984,4.75473,3073.63,2700.06
Case3_Lufkin_M228,5.54555,4.72309,4.73794,3072.49,2700.09
Case3_Lufkin_M228,5.54952,4.70635,4.72115,3071.34,2700.12
Case3_Lufkin_M228,5.5535,4.68961,4.70436,3070.19,2700.15
Case3_Lufkin_M228,5.55747,4.67287,4.68758,3069.03,2700.18
Case3_Lufkin_M228,5.56144,4.65614,4.6708,3067.88,2700.21
Case3_Lufkin_M228,5.56541,4.63941,4.65403,3066.71,2700.24
Case3_Lufkin_M228,5.56939,4.62269,4.63726,3065.55,2700.27
Case3_Lufkin_M228,5.57336,4.60597,4.62049,3064.38,2700.3
Case3_Lufkin_M228,5.57733,4.58926,4.60373,3063.2,2700.33
Case3_Lufkin_M228,5.5813,4.57255,4.58697,3062.02,2700.36
Case3_Lufkin_M228,5.58528,4.55585,4.57022,3060.84,2700.39
Case3_Lufkin_M228,5.58925,4.53915,4.55347,3059.66,2700.42
Case3_Lufkin_M228,5.59322,4.52246,4.53673,3058.47,2700.45
Case3_Lufkin_M228,5.59719,4.50577,4.52,3057.27,2700.49
Case3_Lufkin_M228,5.60117,4.48909,4.50327,3056.07,2700.52
Case3_Lufkin_M228,5.60514,4.47242,4.48655,3054.87,2700.55
Case3_Lufkin_M228,5.60911,4.45575,4.46983,3053.67,2700.58
Case3_Lufkin_M228,5.61308,4.43909,4.45312,3052.46,2700.61
Case3_Lufkin_M228,5.61706,4.42243,4.43641,3051.25,2700.64
Case3_Lufkin_M228,5.62103,4.40578,4.41972,3050.03,2700.68
Case3_Lufkin_M228,5.625,4.38914,4.40302,3048.81,2700.71
Case3_Lufkin_M228,5.62897,4.37251,4.38634,3047.58,2700.74
Case3_Lufkin_M228,5.63294,4.35588,4.36966,3046.36,2700.77
Case3_Lufkin_M228,5.63692,4.33926,4.35299,3045.12,2700.81
Case3_Lufkin_M228,5.64089,4.32265,4.33633,3043.89,2700.84
Case3_Lufkin_M228,5.64486,4.30605,4.31968,3042.65,2700.87
Case3_Lufkin_M228,5.64883,4.28946,4.30303,3041.41,2700.9
Case3_Lufkin_M228,5.65281,4.27287,4.2864,3040.16,2700.94
Case3_Lufkin_M228,5.65678,4.25629,4.26977,3038.91,2700.97
Case3_Lufkin_M228,5.66075,4.23972,4.25315,3037.66,2701.0
Case3_Lufkin_M228,5.66472,4.22316,4.23654,3036.4,2701.03
Case3_Lufkin_M228,5.6687,4.20661,4.21993,3035.14,2701.07
Case3_Lufkin_M228,5.67267,4.19007,4.20334,3033.87,2701.1
Case3_Lufkin_M228,5.67664,4.17354,4.18675,3032.61,2701.13
Case3_Lufkin_M228,5.68061,4.15701,4.17018,3031.33,2701.17
Case3_Lufkin_M228,5.68459,4.1405,4.15361,3030.06,2701.2
Case3_Lufkin_M228,5.68856,4.124,4.13706,3028.78,2701.24
Case3_Lufkin_M228,5.69253,4.1075,4.12051,3027.5,2701.27
Case3_Lufkin_M228,5.6965,4.09102,4.10398,3026.21,2701.3
Case3_Lufkin_M228,5.70048,4.07455,4.08745,3024.92,2701.34
Case3_Lufkin_M228,5.70445,4.05809,4.07094,3023.63,2701.37
Case3_Lufkin_M228,5.70842,4.04164,4.05443,3022.34,2701.41
Case3_Lufkin_M228,5.71239,4.0252,4.03794,3021.04,2701.44
Case3_Lufkin_M228,5.71637,4.00877,4.02146,3019.73,2701.47
Case3_Lufkin_M228,5.72034,3.99235,4.00499,3018.43,2701.51
Case3_Lufkin_M228,5.72431,3.97595,3.98853,3017.12,2701.54
Case3_Lufkin_M228,5.72828,3.95955,3.97208,3015.81,2701.58
Case3_Lufkin_M228,5.73226,3.94317,3.95565,3014.49,2701.61
Case3_Lufkin_M228,5.73623,3.9268,3.93923,3013.17,2701.65
Case3_Lufkin_M228,5.7402,3.91045,3.92282,3011.85,2701.68
Case3_Lufkin_M228,5.74417,3.8941,3.90642,3010.52,2701.72
Case3_Lufkin_M228,5.74815,3.87777,3.89003,3009.19,2701.75
Case3_Lufkin_M228,5.75212,3.86145,3.87366,3007.86,2701.79
Case3_Lufkin_M228,5.75609,3.84514,3.8573,3006.52,2701.82
Case3_Lufkin_M228,5.76006,3.82885,3.84095,3005.19,2701.86
Case3_Lufkin_M228,5.76404,3.81257,3.82462,3003.84,2701.89
Case3_Lufkin_M228,5.76801,3.79631,3.8083,3002.5,2701.93
Case3_Lufkin_M228,5.77198,3.78006,3.79199,3001.15,2701.96
Case3_Lufkin_M228,5.77595,3.76382,3.7757,2999.79,2702.0
Case3_Lufkin_M228,5.77993,3.7476,3.75942,2998.44,2702.03
Case3_Lufkin_M228,5.7839,3.73139,3.74315,2997.08,2702.07
Case3_Lufkin_M228,5.78787,3.71519,3.7269,2995.72,2702.11
Case3_Lufkin_M228,5.79184,3.69901,3.71067,2994.35,2702.14
Case3_Lufkin_M228,5.79582,3.68285,3.69445,2992.98,2702.18
Case3_Lufkin_M228,5.79979,3.6667,3.67824,2991.61,2702.21
Case3_Lufkin_M228,5.80376,3.65056,3.66205,2990.24,2702.25
Case3_Lufkin_M228,5.80773,3.63444,3.64587,2988.86,2702.29
Case3_Lufkin_M228,5.81171,3.61834,3.62971,2987.48,2702.32
Case3_Lufkin_M228,5.81568,3.60225,3.61357,2986.1,2702.36
Case3_Lufkin_M228,5.81965,3.58618,3.59744,2984.71,2702.39
Case3_Lufkin_M228,5.82362,3.57012,3.58133,2983.32,2702.43
Case3_Lufkin_M228,5.8276,3.55408,3.56523,2981.93,2702.47
Case3_Lufkin_M228,5.83157,3.53806,3.54915,2980.53,2702.51
Case3_Lufkin_M228,5.83554,3.52205,3.53309,2979.13,2702.54
Case3_Lufkin_M228,5.83951,3.50606,3.51704,2977.73,2702.58
Case3_Lufkin_M228,5.84349,3.49009,3.50101,2976.32,2702.62
Case3_Lufkin_M228,5.84746,3.47413,3.48499,2974.92,2702.65
Case3_Lufkin_M228,5.85143,3.4582,3.469,2973.5,2702.69
Case3_Lufkin_M228,5.8554,3.44228,3.45302,2972.09,2702.73
Case3_Lufkin_M228,5.85938,3.42637,3.43706,2970.67,2702.76
Case3_Lufkin_M228,5.86335,3.41049,3.42112,2969.25,2702.8
Case3_Lufkin_M228,5.86732,3.39462,3.40519,2967.83,2702.84
Case3_Lufkin_M228,5.87129,3.37877,3.38928,2966.41,2702.88
Case3_Lufkin_M228,5.87526,3.36294,3.3734,2964.98,2702.91
Case3_Lufkin_M228,5.87924,3.34713,3.35753,2963.54,2702.95
Case3_Lufkin_M228,5.88321,3.33134,3.34167,2962.11,2702.99
Case3_Lufkin_M228,5.88718,3.31556,3.32584,2960.67,2703.03
Case3_Lufkin_M228,5.89115,3.29981,3.31003,2959.23,2703.07
Case3_Lufkin_M228,5.89513,3.28407,3.29423,2957.79,2703.1
Case3_Lufkin_M228,5.8991,3.26836,3.27846,2956.34,2703.14
Case3_Lufkin_M228,5.90307,3.25266,3.2627,2954.89,2703.18
Case3_Lufkin_M228,5.90704,3.23698,3.24697,2953.44,2703.22
Case3_Lufkin_M228,5.91102,3.22133,3.23125,2951.99,2703.26
Case3_Lufkin_M228,5.91499,3.20569,3.21555,2950.53,2703.29
Case3_Lufkin_M228,5.91896,3.19007,3.19988,2949.07,2703.33
Case3_Lufkin_M228,5.92293,3.17448,3.18422,2947.61,2703.37
Case3_Lufkin_M228,5.92691,3.1589,3.16859,2946.15,2703.41
Case3_Lufkin_M228,5.93088,3.14335,3.15297,2944.68,2703.45
Case3_Lufkin_M228,5.93485,3.12782,3.13738,2943.21,2703.49
Case3_Lufkin_M228,5.93882,3.1123,3.12181,2941.74,2703.53
Case3_Lufkin_M228,5.9428,3.09681,3.10626,2940.26,2703.56
Case3_Lufkin_M228,5.94677,3.08134,3.09073,2938.79,2703.6
Case3_Lufkin_M228,5.95074,3.0659,3.07522,2937.31,2703.64
Case3_Lufkin_M228,5.95471,3.05047,3.05973,2935.82,2703.68
Case3_Lufkin_M228,5.95869,3.03507,3.04427,2934.34,2703.72
Case3_Lufkin_M228,5.96266,3.01969,3.02883,2932.85,2703.76
Case3_Lufkin_M228,5.96663,3.00433,3.01341,2931.36,2703.8
Case3_Lufkin_M228,5.9706,2.98899,2.99801,2929.87,2703.84
Case3_Lufkin_M228,5.97458,2.97368,2.98264,2928.37,2703.88
Case3_Lufkin_M228,5.97855,2.95839,2.96728,2926.88,2703.92
Case3_Lufkin_M228,5.98252,2.94312,2.95195,2925.38,2703.96
Case3_Lufkin_M228,5.98649,2.92788,2.93665,2923.87,2704.0
Case3_Lufkin_M228,5.99047,2.91266,2.92137,2922.37,2704.04
Case3_Lufkin_M228,5.99444,2.89746,2.90611,2920.86,2704.08
Case3_Lufkin_M228,5.99841,2.88229,2.89087,2919.35,2704.12
Case3_Lufkin_M228,6.00238,2.86714,2.87566,2917.84,2704.16
Case3_Lufkin_M228,6.00636,2.85201,2.86047,2916.33,2704.2
Case3_Lufkin_M228,6.01033,2.83691,2.84531,2914.81,2704.24
Case3_Lufkin_M228,6.0143,2.82183,2.83017,2913.29,2704.28
Case3_Lufkin_M228,6.01827,2.80678,2.81506,2911.77,2704.31
Case3_Lufkin_M228,6.02225,2.79175,2.79997,2910.25,2704.36
Case3_Lufkin_M228,6.02622,2.77675,2.7849,2908.73,2704.4
Case3_Lufkin_M228,6.03019,2.76177,2.76986,2907.2,2704.44
Case3_Lufkin_M228,6.03416,2.74682,2.75485,2905.67,2704.48
Case3_Lufkin_M228,6.03814,2.73189,2.73986,2904.14,2704.52
Case3_Lufkin_M228,6.04211,2.71699,2.72489,2902.61,2704.56
Case3_Lufkin_M228,6.04608,2.70212,2.70996,2901.07,2704.6
Case3_Lufkin_M228,6.05005,2.68727,2.69504,2899.53,2704.64
Case3_Lufkin_M228,6.05403,2.67244,2.68016,2897.99,2704.68
Case3_Lufkin_M228,6.058,2.65765,2.6653,2896.45,2704.72
Case3_Lufkin_M228,6.06197,2.64288,2.65046,2894.91,2704.76
Case3_Lufkin_M228,6.06594,2.62813,2.63566,2893.36,2704.8
Case3_Lufkin_M228,6.06992,2.61341,2.62087,2891.82,2704.84
Case3_Lufkin_M228,6.07389,2.59872,2.60612,2890.27,2704.88
Case3_Lufkin_M228,6.07786,2.58406,2.59139,2888.71,2704.92
Case3_Lufkin_M228,6.08183,2.56942,2.57669,2887.16,2704.96
Case3_Lufkin_M228,6.08581,2.55481,2.56202,2885.61,2705.0
Case3_Lufkin_M228,6.08978,2.54023,2.54738,2884.05,2705.05
Case3_Lufkin_M228,6.09375,2.52568,2.53276,2882.49,2705.09
Case3_Lufkin_M228,6.09772,2.51115,2.51817,2880.93,2705.13
Case3_Lufkin_M228,6.10169,2.49665,2.50361,2879.36,2705.17
Case3_Lufkin_M228,6.10567,2.48218,2.48907,2877.8,2705.21
Case3_Lufkin_M228,6.10964,2.46774,2.47457,2876.23,2705.25
Case3_Lufkin_M228,6.11361,2.45333,2.46009,2874.66,2705.29
Case3_Lufkin_M228,6.11758,2.43895,2.44564,2873.09,2705.33
Case3_Lufkin_M228,6.12156,2.42459,2.43122,2871.52,2705.37
Case3_Lufkin_M228,6.12553,2.41026,2.41683,2869.94,2705.42
Case3_Lufkin_M228,6.1295,2.39597,2.40247,2868.37,2705.46
Case3_Lufkin_M228,6.13347,2.3817,2.38814,2866.79,2705.5
Case3_Lufkin_M228,6.13745,2.36746,2.37383,2865.21,2705.54
Case3_Lufkin_M228,6.14142,2.35325,2.35956,2863.63,2705.58
Case3_Lufkin_M228,6.14539,2.33907,2.34532,2862.05,2705.62
Case3_Lufkin_M228,6.14936,2.32492,2.3311,2860.46,2705.67
Case3_Lufkin_M228,6.15334,2.31081,2.31692,2858.88,2705.71
Case3_Lufkin_M228,6.15731,2.29672,2.30277,2857.29,2705.75
Case3_Lufkin_M228,6.16128,2.28266,2.28864,2855.7,2705.79
Case3_Lufkin_M228,6.16525,2.26863,2.27455,2854.11,2705.83
Case3_Lufkin_M228,6.16923,2.25463,2.26049,2852.51,2705.88
Case3_Lufkin_M228,6.1732,2.24067,2.24646,2850.92,2705.92
Case3_Lufkin_M228,6.17717,2.22673,2.23245,2849.32,2705.96
Case3_Lufkin_M228,6.18114,2.21283,2.21849,2847.73,2706.0
Case3_Lufkin_M228,6.18512,2.19895,2.20455,2846.13,2706.04
Case3_Lufkin_M228,6.18909,2.18511,2.19064,2844.53,2706.09
Case3_Lufkin_M228,6.19306,2.1713,2.17677,2842.92,2706.13
Case3_Lufkin_M228,6.19703,2.15753,2.16292,2841.32,2706.17
Case3_Lufkin_M228,6.20101,2.14378,2.14911,2839.72,2706.21
Case3_Lufkin_M228,6.20498,2.13007,2.13533,2838.11,2706.25
Case3_Lufkin_M228,6.20895,2.11638,2.12158,2836.5,2706.3
Case3_Lufkin_M228,6.21292,2.10274,2.10787,2834.89,2706.34
Case3_Lufkin_M228,6.2169,2.08912,2.09419,2833.28,2706.38
Case3_Lufkin_M228,6.22087,2.07554,2.08054,2831.67,2706.42
Case3_Lufkin_M228,6.22484,2.06198,2.06692,2830.05,2706.47
Case3_Lufkin_M228,6.22881,2.04847,2.05333,2828.44,2706.51
Case3_Lufkin_M228,6.23279,2.03498,2.03978,2826.82,2706.55
Case3_Lufkin_M228,6.23676,2.02153,2.02627,2825.2,2706.59
Case3_Lufkin_M228,6.24073,2.00811,2.01278,2823.58,2706.64
Case3_Lufkin_M228,6.2447,1.99473,1.99933,2821.96,2706.68
Case3_Lufkin_M228,6.24868,1.98138,1.98591,2820.34,2706.72
Case3_Lufkin_M228,6.25265,1.96806,1.97253,2818.72,2706.77
Case3_Lufkin_M228,6.25662,1.95478,1.95918,2817.09,2706.81
Case3_Lufkin_M228,6.26059,1.94153,1.94587,2815.47,2706.85
Case3_Lufkin_M228,6.26457,1.92831,1.93259,2813.84,2706.89
Case3_Lufkin_M228,6.26854,1.91513,1.91934,2812.21,2706.94
Case3_Lufkin_M228,6.27251,1.90199,1.90613,2810.58,2706.98
Case3_Lufkin_M228,6.27648,1.88888,1.89295,2808.95,2707.02
Case3_Lufkin_M228,6.28046,1.8758,1.87981,2807.32,2707.07
Case3_Lufkin_M228,6.28443,1.86276,1.8667,2805.69,2707.11
Case3_Lufkin_M228,6.2884,1.84976,1.85363,2804.06,2707.15
Case3_Lufkin_M228,6.29237,1.83679,1.84059,2802.42,2707.19
Case3_Lufkin_M228,6.29635,1.82385,1.82759,2800.79,2707.24
Case3_Lufkin_M228,6.30032,1.81095,1.81462,2799.15,2707.28
Case3_Lufkin_M228,6.30429,1.79809,1.80169,2797.51,2707.32
Case3_Lufkin_M228,6.30826,1.78526,1.7888,2795.88,2707.37
Case3_Lufkin_M228,6.31224,1.77247,1.77594,2794.24,2707.41
Case3_Lufkin_M228,6.31621,1.75972,1.76312,2792.6,2707.45
Case3_Lufkin_M228,6.32018,1.747,1.75033,2790.96,2707.5
Case3_Lufkin_M228,6.32415,1.73432,1.73759,2789.31,2707.54
Case3_Lufkin_M228,6.32812,1.72167,1.72487,2787.67,2707.58
Case3_Lufkin_M228,6.3321,1.70906,1.7122,2786.03,2707.63
Case3_Lufkin_M228,6.33607,1.69649,1.69956,2784.38,2707.67
Case3_Lufkin_M228,6.34004,1.68396,1.68696,2782.74,2707.71
Case3_Lufkin_M228,6.34401,1.67146,1.67439,2781.09,2707.76
Case3_Lufkin_M228,6.34799,1.659,1.66186,2779.44,2707.8
Case3_Lufkin_M228,6.35196,1.64658,1.64937,2777.8,2707.84
Case3_Lufkin_M228,6.35593,1.63419,1.63692,2776.15,2707.89
Case3_Lufkin_M228,6.3599,1.62184,1.62451,2774.5,2707.93
Case3_Lufkin_M228,6.36388,1.60954,1.61213,2772.85,2707.97
Case3_Lufkin_M228,6.36785,1.59726,1.59979,2771.2,2708.02
Case3_Lufkin_M228,6.37182,1.58503,1.58749,2769.55,2708.06
Case3_Lufkin_M228,6.37579,1.57284,1.57523,2767.89,2708.1
Case3_Lufkin_M228,6.37977,1.56068,1.563,2766.24,2708.15
Case3_Lufkin_M228,6.38374,1.54856,1.55082,2764.59,2708.19
Case3_Lufkin_M228,6.38771,1.53648,1.53867,2762.93,2708.23
Case3_Lufkin_M228,6.39168,1.52444,1.52656,2761.28,2708.28
Case3_Lufkin_M228,6.39566,1.51244,1.51449,2759.63,2708.32
Case3_Lufkin_M228,6.39963,1.50048,1.50246,2757.97,2708.36
Case3_Lufkin_M228,6.4036,1.48855,1.49047,2756.32,2708.41
Case3_Lufkin_M228,6.40757,1.47667,1.47852,2754.66,2708.45
Case3_Lufkin_M228,6.41155,1.46483,1.46661,2753.0,2708.5
Case3_Lufkin_M228,6.41552,1.45302,1.45474,2751.35,2708.54
Case3_Lufkin_M228,6.41949,1.44126,1.4429,2749.69,2708.58
Case3_Lufkin_M228,6.42346,1.42953,1.43111,2748.03,2708.63
Case3_Lufkin_M228,6.42744,1.41785,1.41936,2746.37,2708.67
Case3_Lufkin_M228,6.43141,1.4062,1.40764,2744.71,2708.71
Case3_Lufkin_M228,6.43538,1.3946,1.39597,2743.05,2708.76
Case3_Lufkin_M228,6.43935,1.38303,1.38434,2741.4,2708.8
Case3_Lufkin_M228,6.44333,1.37151,1.37275,2739.74,2708.85
Case3_Lufkin_M228,6.4473,1.36002,1.3612,2738.07,2708.89
Case3_Lufkin_M228,6.45127,1.34858,1.34969,2736.41,2708.93
Case3_Lufkin_M228,6.45524,1.33718,1.33822,2734.75,2708.98
Case3_Lufkin_M228,6.45922,1.32582,1.32679,2733.09,2709.02
Case3_Lufkin_M228,6.46319,1.3145,1.3154,2731.43,2709.06
Case3_Lufkin_M228,6.46716,1.30322,1.30406,2729.77,2709.11
Case3_Lufkin_M228,6.47113,1.29199,1.29275,2728.11,2709.15
Case3_Lufkin_M228,6.47511,1.28079,1.28149,2726.44,2709.19
Case3_Lufkin_M228,6.47908,1.26964,1.27027,2724.78,2709.24
Case3_Lufkin_M228,6.48305,1.25853,1.25909,2723.12,2709.28
Case3_Lufkin_M228,6.48702,1.24746,1.24795,2721.46,2709.33
Case3_Lufkin_M228,6.491,1.23643,1.23685,2719.8,2709.37
Case3_Lufkin_M228,6.49497,1.22544,1.2258,2718.13,2709.41
Case3_Lufkin_M228,6.49894,1.2145,1.21479,2716.47,2709.46
Case3_Lufkin_M228,6.50291,1.2036,1.20382,2714.81,2709.5
Case3_Lufkin_M228,6.50689,1.19274,1.19289,2713.14,2709.55
Case3_Lufkin_M228,6.51086,1.18192,1.18201,2711.48,2709.59
Case3_Lufkin_M228,6.51483,1.17115,1.17117,2709.82,2709.63
Case3_Lufkin_M228,6.5188,1.16042,1.16037,2708.15,2709.68
Case3_Lufkin_M228,6.52278,1.14973,1.14961,2706.49,2709.72
Case3_Lufkin_M228,6.52675,1.13909,1.1389,2704.83,2709.76
Case3_Lufkin_M228,6.53072,1.12849,1.12823,2703.16,2709.81
Case3_Lufkin_M228,6.53469,1.11793,1.11761,2701.5,2709.85
Case3_Lufkin_M228,6.53867,1.10742,1.10702,2699.84,2709.9
Case3_Lufkin_M228,6.54264,1.09695,1.09649,2698.18,2709.94
Case3_Lufkin_M228,6.54661,1.08652,1.08599,2696.51,2709.98
Case3_Lufkin_M228,6.55058,1.07614,1.07554,2694.85,2710.03
Case3_Lufkin_M228,6.55456,1.0658,1.06513,2693.19,2710.07
Case3_Lufkin_M228,6.55853,1.0555,1.05477,2691.53,2710.11
Case3_Lufkin_M228,6.5625,1.04525,1.04445,2689.86,2710.16
Case3_Lufkin_M228,6.56647,1.03504,1.03418,2688.2,2710.2
Case3_Lufkin_M228,6.57044,1.02488,1.02395,2686.54,2710.25
Case3_Lufkin_M228,6.57442,1.01476,1.01376,2684.88,2710.29
Case3_Lufkin_M228,6.57839,1.00469,1.00362,2683.22,2710.33
Case3_Lufkin_M228,6.58236,0.99466,0.99352,2681.55,2710.38
Case3_Lufkin_M228,6.58633,0.98468,0.98347,2679.89,2710.42
Case3_Lufkin_M228,6.59031,0.97474,0.97346,2678.23,2710.46
Case3_Lufkin_M228,6.59428,0.96485,0.9635,2676.57,2710.51
Case3_Lufkin_M228,6.59825,0.955,0.95359,2674.91,2710.55
Case3_Lufkin_M228,6.60222,0.94519,0.94371,2673.25,2710.6
Case3_Lufkin_M228,6.6062,0.93544,0.93389,2671.59,2710.64
Case3_Lufkin_M228,6.61017,0.92572,0.92411,2669.94,2710.68
Case3_Lufkin_M228,6.61414,0.91606,0.91437,2668.28,2710.73
Case3_Lufkin_M228,6.61811,0.90644,0.90468,2666.62,2710.77
Case3_Lufkin_M228,6.62209,0.89686,0.89504,2664.96,2710.81
Case3_Lufkin_M228,6.62606,0.88733,0.88544,2663.31,2710.86
Case3_Lufkin_M228,6.63003,0.87785,0.87589,2661.65,2710.9
Case3_Lufkin_M228,6.634,0.86841,0.86639,2659.99,2710.95
Case3_Lufkin_M228,6.63798,0.85902,0.85693,2658.34,2710.99
Case3_Lufkin_M228,6.64195,0.84967,0.84752,2656.68,2711.03
Case3_Lufkin_M228,6.64592,0.84038,0.83815,2655.03,2711.08
Case3_Lufkin_M228,6.64989,0.83112,0.82883,2653.38,2711.12
Case3_Lufkin_M228,6.65387,0.82192,0.81956,2651.72,2711.16
Case3_Lufkin_M228,6.65784,0.81276,0.81033,2650.07,2711.21
Case3_Lufkin_M228,6.66181,0.80365,0.80115,2648.42,2711.25
Case3_Lufkin_M228,6.66578,0.79458,0.79202,2646.77,2711.29
Case3_Lufkin_M228,6.66976,0.78557,0.78294,2645.12,2711.34
Case3_Lufkin_M228,6.67373,0.7766,0.7739,2643.47,2711.38
Case3_Lufkin_M228,6.6777,0.76767,0.76491,2641.82,2711.42
Case3_Lufkin_M228,6.68167,0.7588,0.75596,2640.17,2711.47
Case3_Lufkin_M228,6.68565,0.74997,0.74707,2638.53,2711.51
Case3_Lufkin_M228,6.68962,0.74119,0.73822,2636.88,2711.55
Case3_Lufkin_M228,6.69359,0.73245,0.72942,2635.23,2711.6
Case3_Lufkin_M228,6.69756,0.72377,0.72067,2633.59,2711.64
Case3_Lufkin_M228,6.70154,0.71513,0.71196,2631.95,2711.68
Case3_Lufkin_M228,6.70551,0.70654,0.7033,2630.3,2711.73
Case3_Lufkin_M228,6.70948,0.698,0.69469,2628.66,2711.77
Case3_Lufkin_M228,6.71345,0.6895,0.68613,2627.02,2711.81
Case3_Lufkin_M228,6.71743,0.68106,0.67762,2625.38,2711.86
Case3_Lufkin_M228,6.7214,0.67266,0.66916,2623.74,2711.9
Case3_Lufkin_M228,6.72537,0.66431,0.66074,2622.1,2711.94
Case3_Lufkin_M228,6.72934,0.65601,0.65237,2620.46,2711.99
Case3_Lufkin_M228,6.73332,0.64776,0.64405,2618.83,2712.03
Case3_Lufkin_M228,6.73729,0.63956,0.63578,2617.19,2712.07
Case3_Lufkin_M228,6.74126,0.6314,0.62756,2615.56,2712.12
Case3_Lufkin_M228,6.74523,0.6233,0.61939,2613.93,2712.16
Case3_Lufkin_M228,6.74921,0.61524,0.61127,2612.29,2712.2
Case3_Lufkin_M228,6.75318,0.60723,0.60319,2610.66,2712.24
Case3_Lufkin_M228,6.75715,0.59927,0.59517,2609.03,2712.29
Case3_Lufkin_M228,6.76112,0.59137,0.58719,2607.41,2712.33
Case3_Lufkin_M228,6.7651,0.58351,0.57927,2605.78,2712.37
Case3_Lufkin_M228,6.76907,0.57569,0.57139,2604.15,2712.42
Case3_Lufkin_M228,6.77304,0.56793,0.56356,2602.53,2712.46
Case3_Lufkin_M228,6.77701,0.56022,0.55578,2600.9,2712.5
Case3_Lufkin_M228,6.78099,0.55256,0.54805,2599.28,2712.54
Case3_Lufkin_M228,6.78496,0.54495,0.54038,2597.66,2712.59
Case3_Lufkin_M228,6.78893,0.53738,0.53275,2596.04,2712.63
Case3_Lufkin_M228,6.7929,0.52987,0.52517,2594.42,2712.67
Case3_Lufkin_M228,6.79688,0.52241,0.51764,2592.8,2712.72
Case3_Lufkin_M228,6.80085,0.515,0.51016,2591.19,2712.76
Case3_Lufkin_M228,6.80482,0.50763,0.50273,2589.57,2712.8
Case3_Lufkin_M228,6.80879,0.50032,0.49535,2587.96,2712.84
Case3_Lufkin_M228,6.81276,0.49306,0.48803,2586.34,2712.89
Case3_Lufkin_M228,6.81674,0.48585,0.48075,2584.73,2712.93
Case3_Lufkin_M228,6.82071,0.47869,0.47352,2583.12,2712.97
Case3_Lufkin_M228,6.82468,0.47158,0.46634,2581.51,2713.01
Case3_Lufkin_M228,6.82865,0.46452,0.45922,2579.91,2713.05
Case3_Lufkin_M228,6.83263,0.45751,0.45214,2578.3,2713.1
Case3_Lufkin_M228,6.8366,0.45055,0.44512,2576.7,2713.14
Case3_Lufkin_M228,6.84057,0.44364,0.43815,2575.1,2713.18
Case3_Lufkin_M228,6.84454,0.43679,0.43122,2573.5,2713.22
Case3_Lufkin_M228,6.84852,0.42998,0.42435,2571.9,2713.27
Case3_Lufkin_M228,6.85249,0.42323,0.41753,2570.3,2713.31
Case3_Lufkin_M228,6.85646,0.41652,0.41076,2568.7,2713.35
Case3_Lufkin_M228,6.86043,0.40987,0.40405,2567.11,2713.39
Case3_Lufkin_M228,6.86441,0.40327,0.39738,2565.51,2713.43
Case3_Lufkin_M228,6.86838,0.39672,0.39077,2563.92,2713.48
Case3_Lufkin_M228,6.87235,0.39022,0.3842,2562.33,2713.52
Case3_Lufkin_M228,6.87632,0.38377,0.37769,2560.74,2713.56
Case3_Lufkin_M228,6.8803,0.37738,0.37123,2559.16,2713.6
Case3_Lufkin_M228,6.88427,0.37104,0.36482,2557.57,2713.64
Case3_Lufkin_M228,6.88824,0.36474,0.35847,2555.99,2713.69
Case3_Lufkin_M228,6.89221,0.3585,0.35216,2554.41,2713.73
Case3_Lufkin_M228,6.89619,0.35232,0.34591,2552.83,2713.77
Case3_Lufkin_M228,6.90016,0.34618,0.33971,2551.25,2713.81
Case3_Lufkin_M228,6.90413,0.3401,0.33356,2549.67,2713.85
Case3_Lufkin_M228,6.9081,0.33406,0.32746,2548.09,2713.89
Case3_Lufkin_M228,6.91208,0.32808,0.32142,2546.52,2713.93
Case3_Lufkin_M228,6.91605,0.32216,0.31543,2544.95,2713.98
Case3_Lufkin_M228,6.92002,0.31628,0.30949,2543.38,2714.02
Case3_Lufkin_M228,6.92399,0.31046,0.3036,2541.81,2714.06
Case3_Lufkin_M228,6.92797,0.30469,0.29777,2540.25,2714.1
Case3_Lufkin_M228,6.93194,0.29897,0.29198,2538.68,2714.14
Case3_Lufkin_M228,6.93591,0.2933,0.28625,2537.12,2714.18
Case3_Lufkin_M228,6.93988,0.28769,0.28058,2535.56,2714.22
Case3_Lufkin_M228,6.94386,0.28213,0.27495,2534.0,2714.26
Case3_Lufkin_M228,6.94783,0.27662,0.26938,2532.44,2714.31
Case3_Lufkin_M228,6.9518,0.27117,0.26386,2530.89,2714.35
Case3_Lufkin_M228,6.95577,0.26577,0.2584,2529.34,2714.39
Case3_Lufkin_M228,6.95975,0.26042,0.25299,2527.79,2714.43
Case3_Lufkin_M228,6.96372,0.25512,0.24763,2526.24,2714.47
Case3_Lufkin_M228,6.96769,0.24988,0.24232,2524.69,2714.51
Case3_Lufkin_M228,6.97166,0.24469,0.23707,2523.15,2714.55
Case3_Lufkin_M228,6.97564,0.23955,0.23187,2521.6,2714.59
Case3_Lufkin_M228,6.97961,0.23447,0.22672,2520.06,2714.63
Case3_Lufkin_M228,6.98358,0.22944,0.22163,2518.52,2714.67
Case3_Lufkin_M228,6.98755,0.22446,0.21659,2516.99,2714.71
Case3_Lufkin_M228,6.99153,0.21953,0.2116,2515.45,2714.75
Case3_Lufkin_M228,6.9955,0.21466,0.20667,2513.92,2714.79
Case3_Lufkin_M228,6.99947,0.20985,0.20179,2512.39,2714.83
Case3_Lufkin_M228,7.00344,0.20508,0.19696,2510.87,2714.87
Case3_Lufkin_M228,7.00742,0.20037,0.19219,2509.34,2714.91
Case3_Lufkin_M228,7.01139,0.19572,0.18747,2507.82,2714.95
Case3_Lufkin_M228,7.01536,0.19111,0.1828,2506.3,2714.99
Case3_Lufkin_M228,7.01933,0.18657,0.17819,2504.78,2715.03
Case3_Lufkin_M228,7.02331,0.18207,0.17364,2503.26,2715.07
Case3_Lufkin_M228,7.02728,0.17763,0.16913,2501.75,2715.11
Case3_Lufkin_M228,7.03125,0.17324,0.16468,2500.24,2715.15
Case3_Lufkin_M228,7.03522,0.16891,0.16029,2498.73,2715.19
Case3_Lufkin_M228,7.03919,0.16463,0.15595,2497.22,2715.23
Case3_Lufkin_M228,7.04317,0.1604,0.15166,2495.71,2715.27
Case3_Lufkin_M228,7.04714,0.15623,0.14743,2494.21,2715.31
Case3_Lufkin_M228,7.05111,0.15211,0.14325,2492.71,2715.35
Case3_Lufkin_M228,7.05508,0.14805,0.13912,2491.21,2715.39
Case3_Lufkin_M228,7.05906,0.14404,0.13505,2489.72,2715.43
Case3_Lufkin_M228,7.06303,0.14009,0.13104,2488.23,2715.47
Case3_Lufkin_M228,7.067,0.13619,0.12707,2486.74,2715.51
Case3_Lufkin_M228,7.07097,0.13234,0.12317,2485.25,2715.55
Case3_Lufkin_M228,7.07495,0.12855,0.11932,2483.76,2715.59
Case3_Lufkin_M228,7.07892,0.12481,0.11552,2482.28,2715.63
Case3_Lufkin_M228,7.08289,0.12113,0.11177,2480.8,2715.67
Case3_Lufkin_M228,7.08686,0.1175,0.10808,2479.32,2715.71
Case3_Lufkin_M228,7.09084,0.11392,0.10445,2477.85,2715.74
Case3_Lufkin_M228,7.09481,0.11041,0.10087,2476.38,2715.78
Case3_Lufkin_M228,7.09878,0.10694,0.09735,2474.91,2715.82
Case3_Lufkin_M228,7.10275,0.10353,0.09388,2473.44,2715.86
Case3_Lufkin_M228,7.10673,0.10017,0.09046,2471.98,2715.9
Case3_Lufkin_M228,7.1107,0.09687,0.0871,2470.51,2715.94
Case3_Lufkin_M228,7.11467,0.09363,0.08379,2469.05,2715.98
Case3_Lufkin_M228,7.11864,0.09044,0.08054,2467.6,2716.01
Case3_Lufkin_M228,7.12262,0.0873,0.07735,2466.14,2716.05
Case3_Lufkin_M228,7.12659,0.08422,0.07421,2464.69,2716.09
Case3_Lufkin_M228,7.13056,0.08119,0.07112,2463.25,2716.13
Case3_Lufkin_M228,7.13453,0.07822,0.06809,2461.8,2716.17
Case3_Lufkin_M228,7.13851,0.0753,0.06511,2460.36,2716.2
Case3_Lufkin_M228,7.14248,0.07244,0.06219,2458.92,2716.24
Case3_Lufkin_M228,7.14645,0.06964,0.05933,2457.48,2716.28
Case3_Lufkin_M228,7.15042,0.06689,0.05652,2456.04,2716.32
Case3_Lufkin_M228,7.1544,0.06419,0.05376,2454.61,2716.36
Case3_Lufkin_M228,7.15837,0.06155,0.05106,2453.18,2716.39
Case3_Lufkin_M228,7.16234,0.05896,0.04842,2451.76,2716.43
Case3_Lufkin_M228,7.16631,0.05643,0.04583,2450.33,2716.47
Case3_Lufkin_M228,7.17029,0.05395,0.0433,2448.91,2716.51
Case3_Lufkin_M228,7.17426,0.05153,0.04082,2447.5,2716.54
Case3_Lufkin_M228,7.17823,0.04917,0.03839,2446.08,2716.58
Case3_Lufkin_M228,7.1822,0.04686,0.03603,2444.67,2716.62
Case3_Lufkin_M228,7.18618,0.0446,0.03371,2443.26,2716.66
Case3_Lufkin_M228,7.19015,0.04241,0.03146,2441.86,2716.69
Case3_Lufkin_M228,7.19412,0.04026,0.02926,2440.45,2716.73
Case3_Lufkin_M228,7.19809,0.03817,0.02711,2439.05,2716.77
Case3_Lufkin_M228,7.20207,0.03614,0.02502,2437.66,2716.8
Case3_Lufkin_M228,7.20604,0.03416,0.02299,2436.26,2716.84
Case3_Lufkin_M228,7.21001,0.03224,0.02101,2434.87,2716.88
Case3_Lufkin_M228,7.21398,0.03037,0.01908,2433.48,2716.91
Case3_Lufkin_M228,7.21796,0.02856,0.01722,2432.1,2716.95
Case3_Lufkin_M228,7.22193,0.02681,0.0154,2430.72,2716.99
Case3_Lufkin_M228,7.2259,0.02511,0.01365,2429.34,2717.02
Case3_Lufkin_M228,7.22987,0.02346,0.01195,2427.96,2717.06
Case3_Lufkin_M228,7.23385,0.02187,0.0103,2426.59,2717.09
Case3_Lufkin_M228,7.23782,0.02034,0.00871,2425.22,2717.13
Case3_Lufkin_M228,7.24179,0.01886,0.00718,2423.86,2717.17
Case3_Lufkin_M228,7.24576,0.01744,0.0057,2422.49,2717.2
Case3_Lufkin_M228,7.24974,0.01607,0.00428,2421.13,2717.24
Case3_Lufkin_M228,7.25371,0.01476,0.00291,2419.78,2717.27
Case3_Lufkin_M228,7.25768,0.01351,0.0016,2418.42,2717.31
Case3_Lufkin_M228,7.26165,0.01231,0.00035,2417.07,2717.35
Case3_Lufkin_M228,7.26562,0.01116,-0.00085,2415.72,2717.38
Case3_Lufkin_M228,7.2696,0.01008,-0.002,2414.38,2717.42
Case3_Lufkin_M228,7.27357,0.00904,-0.00308,2413.04,2717.45
Case3_Lufkin_M228,7.27754,0.00807,-0.00411,2411.7,2717.49
Case3_Lufkin_M228,7.28151,0.00715,-0.00509,2410.37,2717.52
Case3_Lufkin_M228,7.28549,0.00628,-0.00601,2409.04,2717.56
Case3_Lufkin_M228,7.28946,0.00547,-0.00687,2407.71,2717.59
Case3_Lufkin_M228,7.29343,0.00472,-0.00768,2406.39,2717.63
Case3_Lufkin_M228,7.2974,0.00402,-0.00843,2405.06,2717.66
Case3_Lufkin_M228,7.30138,0.00338,-0.00913,2403.75,2717.7
Case3_Lufkin_M228,7.30535,0.00279,-0.00977,2402.43,2717.73
Case3_Lufkin_M228,7.30932,0.00226,-0.01035,2401.12,2717.77
Case3_Lufkin_M228,7.31329,0.00179,-0.01088,2399.82,2717.8
Case3_Lufkin_M228,7.31727,0.00137,-0.01135,2398.51,2717.83
Case3_Lufkin_M228,7.32124,0.00101,-0.01177,2397.21,2717.87
Case3_Lufkin_M228,7.32521,0.0007,-0.01213,2395.91,2717.9
Case3_Lufkin_M228,7.32918,0.00045,-0.01243,2394.62,2717.94
Case3_Lufkin_M228,7.33316,0.00025,-0.01268,2393.33,2717.97
Case3_Lufkin_M228,7.33713,0.00011,-0.01287,2392.05,2718.01
Case3_Lufkin_M228,7.3411,3e-05,-0.01301,2390.76,2718.04
Case3_Lufkin_M228,7.34507,0.0,-0.01309,2389.48,2718.07
Case3_Lufkin_M228,7.34905,3e-05,-0.01311,2388.21,2718.11
Case3_Lufkin_M228,7.35302,0.00011,-0.01308,2386.93,2718.14
Case3_Lufkin_M228,7.35699,0.00025,-0.013,2385.67,2718.17
Case3_Lufkin_M228,7.36096,0.00045,-0.01285,2384.4,2718.21
Case3_Lufkin_M228,7.36494,0.0007,-0.01265,2383.14,2718.24
Case3_Lufkin_M228,7.36891,0.00101,-0.0124,2381.88,2718.27
Case3_Lufkin_M228,7.37288,0.00137,-0.01209,2380.63,2718.31
Case3_Lufkin_M228,7.37685,0.00179,-0.01172,2379.38,2718.34
Case3_Lufkin_M228,7.38083,0.00226,-0.01129,2378.13,2718.37
Case3_Lufkin_M228,7.3848,0.00279,-0.01081,2376.89,2718.4
Case3_Lufkin_M228,7.38877,0.00338,-0.01028,2375.65,2718.44
Case3_Lufkin_M228,7.39274,0.00402,-0.00969,2374.41,2718.47
Case3_Lufkin_M228,7.39672,0.00472,-0.00904,2373.18,2718.5
Case3_Lufkin_M228,7.40069,0.00547,-0.00834,2371.95,2718.53
Case3_Lufkin_M228,7.40466,0.00628,-0.00758,2370.73,2718.57
Case3_Lufkin_M228,7.40863,0.00715,-0.00676,2369.51,2718.6
Case3_Lufkin_M228,7.41261,0.00807,-0.00589,2368.29,2718.63
Case3_Lufkin_M228,7.41658,0.00904,-0.00496,2367.08,2718.66
Case3_Lufkin_M228,7.42055,0.01008,-0.00398,2365.87,2718.7
Case3_Lufkin_M228,7.42452,0.01116,-0.00294,2364.66,2718.73
Case3_Lufkin_M228,7.4285,0.01231,-0.00185,2363.46,2718.76
Case3_Lufkin_M228,7.43247,0.01351,-0.0007,2362.26,2718.79
Case3_Lufkin_M228,7.43644,0.01476,0.00051,2361.07,2718.82
Case3_Lufkin_M228,7.44041,0.01607,0.00177,2359.88,2718.85
Case3_Lufkin_M228,7.44439,0.01744,0.00309,2358.69,2718.88
Case3_Lufkin_M228,7.44836,0.01886,0.00446,2357.51,2718.92
Case3_Lufkin_M228,7.45233,0.02034,0.00589,2356.33,2718.95
Case3_Lufkin_M228,7.4563,0.02187,0.00738,2355.16,2718.98
Case3_Lufkin_M228,7.46028,0.02346,0.00892,2353.99,2719.01
Case3_Lufkin_M228,7.46425,0.02511,0.01052,2352.82,2719.04
Case3_Lufkin_M228,7.46822,0.02681,0.01217,2351.66,2719.07
Case3_Lufkin_M228,7.47219,0.02856,0.01388,2350.5,2719.1
Case3_Lufkin_M228,7.47617,0.03037,0.01564,2349.34,2719.13
Case3_Lufkin_M228,7.48014,0.03224,0.01746,2348.19,2719.16
Case3_Lufkin_M228,7.48411,0.03416,0.01933,2347.05,2719.19
Case3_Lufkin_M228,7.48808,0.03614,0.02127,2345.9,2719.22
Case3_Lufkin_M228,7.49206,0.03817,0.02325,2344.76,2719.25
Case3_Lufkin_M228,7.49603,0.04026,0.02529,2343.63,2719.28
Case4_Lufkin_C114b,0.0,0.15594,0.09403,3767.9,4305.96
Case4_Lufkin_C114b,0.00842,0.16396,0.1018,3765.85,4306.02
Case4_Lufkin_C114b,0.01683,0.17217,0.10977,3763.84,4306.07
Case4_Lufkin_C114b,0.02525,0.18057,0.11794,3761.87,4306.12
Case4_Lufkin_C114b,0.03366,0.18917,0.1263,3759.95,4306.17
Case4_Lufkin_C114b,0.04208,0.19796,0.13487,3758.06,4306.22
Case4_Lufkin_C114b,0.05049,0.20694,0.14363,3756.2,4306.27
Case4_Lufkin_C114b,0.05891,0.21611,0.15258,3754.38,4306.32
Case4_Lufkin_C114b,0.06732,0.22547,0.16173,3752.61,4306.36
Case4_Lufkin_C114b,0.07574,0.23503,0.17107,3750.87,4306.41
Case4_Lufkin_C114b,0.08415,0.24477,0.18061,3749.18,4306.46
Case4_Lufkin_C114b,0.09257,0.2547,0.19034,3747.51,4306.51
Case4_Lufkin_C114b,0.10098,0.26481,0.20026,3745.87,4306.56
Case4_Lufkin_C114b,0.1094,0.27511,0.21037,3744.26,4306.6
Case4_Lufkin_C114b,0.11781,0.2856,0.22067,3742.68,4306.64
Case4_Lufkin_C114b,0.12623,0.29628,0.23117,3741.14,4306.67
Case4_Lufkin_C114b,0.13464,0.30713,0.24185,3739.63,4306.71
Case4_Lufkin_C114b,0.14306,0.31817,0.25271,3738.16,4306.75
Case4_Lufkin_C114b,0.15147,0.3294,0.26377,3736.72,4306.79
Case4_Lufkin_C114b,0.15989,0.3408,0.27501,3735.33,4306.83
Case4_Lufkin_C114b,0.1683,0.35239,0.28644,3733.99,4306.86
Case4_Lufkin_C114b,0.17672,0.36415,0.29805,3732.69,4306.9
Case4_Lufkin_C114b,0.18513,0.37609,0.30984,3731.45,4306.93
Case4_Lufkin_C114b,0.19355,0.38821,0.32182,3730.26,4306.96
Case4_Lufkin_C114b,0.20196,0.40051,0.33398,3729.12,4306.99
Case4_Lufkin_C114b,0.21038,0.41299,0.34632,3728.01,4307.02
Case4_Lufkin_C114b,0.21879,0.42564,0.35884,3726.95,4307.05
Case4_Lufkin_C114b,0.22721,0.43846,0.37154,3725.92,4307.08
Case4_Lufkin_C114b,0.23562,0.45146,0.38441,3724.93,4307.11
Case4_Lufkin_C114b,0.24404,0.46462,0.39747,3723.98,4307.13
Case4_Lufkin_C114b,0.25245,0.47796,0.4107,3723.08,4307.15
Case4_Lufkin_C114b,0.26087,0.49147,0.4241,3722.21,4307.18
Case4_Lufkin_C114b,0.26928,0.50515,0.43768,3721.39,4307.2
Case4_Lufkin_C114b,0.2777,0.519,0.45143,3720.63,4307.23
Case4_Lufkin_C114b,0.28612,0.53301,0.46535,3719.92,4307.26
Case4_Lufkin_C114b,0.29453,0.54719,0.47944,3719.25,4307.28
Case4_Lufkin_C114b,0.30295,0.56153,0.49371,3718.61,4307.3
Case4_Lufkin_C114b,0.31136,0.57604,0.50814,3718.02,4307.32
Case4_Lufkin_C114b,0.31978,0.59071,0.52274,3717.46,4307.34
Case4_Lufkin_C114b,0.32819,0.60554,0.53751,3716.95,4307.36
Case4_Lufkin_C114b,0.33661,0.62053,0.55244,3716.49,4307.37
Case4_Lufkin_C114b,0.34502,0.63568,0.56754,3716.08,4307.38
Case4_Lufkin_C114b,0.35344,0.65098,0.5828,3715.71,4307.39
Case4_Lufkin_C114b,0.36185,0.66645,0.59822,3715.38,4307.39
Case4_Lufkin_C114b,0.37027,0.68207,0.6138,3715.1,4307.39
Case4_Lufkin_C114b,0.37868,0.69784,0.62955,3714.86,4307.4
Case4_Lufkin_C114b,0.3871,0.71377,0.64545,3714.67,4307.4
Case4_Lufkin_C114b,0.39551,0.72984,0.66151,3714.51,4307.41
Case4_Lufkin_C114b,0.40393,0.74607,0.67773,3714.4,4307.42
Case4_Lufkin_C114b,0.41234,0.76245,0.6941,3714.35,4307.42
Case4_Lufkin_C114b,0.42076,0.77897,0.71062,3714.34,4307.42
Case4_Lufkin_C114b,0.42917,0.79564,0.72729,3714.39,4307.42
Case4_Lufkin_C114b,0.43759,0.81246,0.74412,3714.47,4307.42
Case4_Lufkin_C114b,0.446,0.82942,0.7611,3714.6,4307.41
Case4_Lufkin_C114b,0.45442,0.84652,0.77822,3714.79,4307.41
Case4_Lufkin_C114b,0.46283,0.86377,0.79549,3715.02,4307.4
Case4_Lufkin_C114b,0.47125,0.88115,0.81291,3715.32,4307.39
Case4_Lufkin_C114b,0.47966,0.89868,0.83047,3715.68,4307.38
Case4_Lufkin_C114b,0.48808,0.91634,0.84818,3716.08,4307.38
Case4_Lufkin_C114b,0.49649,0.93414,0.86602,3716.54,4307.37
Case4_Lufkin_C114b,0.50491,0.95207,0.88401,3717.04,4307.36
Case4_Lufkin_C114b,0.51332,0.97013,0.90214,3717.6,4307.34
Case4_Lufkin_C114b,0.52174,0.98833,0.9204,3718.2,4307.33
Case4_Lufkin_C114b,0.53015,1.00665,0.9388,3718.85,4307.31
Case4_Lufkin_C114b,0.53857,1.02511,0.95733,3719.53,4307.3
Case4_Lufkin_C114b,0.54698,1.04369,0.976,3720.25,4307.28
Case4_Lufkin_C114b,0.5554,1.0624,0.9948,3721.02,4307.26
Case4_Lufkin_C114b,0.56381,1.08123,1.01372,3721.82,4307.24
Case4_Lufkin_C114b,0.57223,1.10019,1.03278,3722.66,4307.22
Case4_Lufkin_C114b,0.58065,1.11927,1.05197,3723.55,4307.2
Case4_Lufkin_C114b,0.58906,1.13847,1.07128,3724.5,4307.17
Case4_Lufkin_C114b,0.59748,1.15778,1.09071,3725.49,4307.15
Case4_Lufkin_C114b,0.60589,1.17722,1.11027,3726.53,4307.12
Case4_Lufkin_C114b,0.61431,1.19677,1.12994,3727.61,4307.09
Case4_Lufkin_C114b,0.62272,1.21643,1.14974,3728.74,4307.06
Case4_Lufkin_C114b,0.63114,1.23621,1.16966,3729.92,4307.03
Case4_Lufkin_C114b,0.63955,1.2561,1.18969,3731.13,4307.0
Case4_Lufkin_C114b,0.64797,1.27609,1.20984,3732.38,4306.96
Case4_Lufkin_C114b,0.65638,1.2962,1.2301,3733.67,4306.92
Case4_Lufkin_C114b,0.6648,1.31641,1.25047,3735.01,4306.88
Case4_Lufkin_C114b,0.67321,1.33673,1.27095,3736.39,4306.84
Case4_Lufkin_C114b,0.68163,1.35715,1.29154,3737.83,4306.81
Case4_Lufkin_C114b,0.69004,1.37767,1.31224,3739.31,4306.76
Case4_Lufkin_C114b,0.69846,1.39829,1.33304,3740.84,4306.72
Case4_Lufkin_C114b,0.70687,1.41901,1.35394,3742.4,4306.68
Case4_Lufkin_C114b,0.71529,1.43983,1.37495,3744.0,4306.64
Case4_Lufkin_C114b,0.7237,1.46074,1.39605,3745.64,4306.61
Case4_Lufkin_C114b,0.73212,1.48174,1.41726,3747.33,4306.57
Case4_Lufkin_C114b,0.74053,1.50284,1.43856,3749.06,4306.52
Case4_Lufkin_C114b,0.74895,1.52403,1.45995,3750.84,4306.48
Case4_Lufkin_C114b,0.75736,1.54531,1.48144,3752.66,4306.43
Case4_Lufkin_C114b,0.76578,1.56667,1.50303,3754.52,4306.38
Case4_Lufkin_C114b,0.77419,1.58812,1.5247,3756.42,4306.33
Case4_Lufkin_C114b,0.78261,1.60965,1.54646,3758.36,4306.28
Case4_Lufkin_C114b,0.79102,1.63127,1.5683,3760.34,4306.23
Case4_Lufkin_C114b,0.79944,1.65297,1.59024,3762.35,4306.17
Case4_Lufkin_C114b,0.80785,1.67474,1.61225,3764.41,4306.12
Case4_Lufkin_C114b,0.81627,1.69659,1.63435,3766.5,4306.07
Case4_Lufkin_C114b,0.82468,1.71852,1.65652,3768.63,4306.01
Case4_Lufkin_C114b,0.8331,1.74052,1.67878,3770.79,4305.96
Case4_Lufkin_C114b,0.84151,1.76259,1.70111,3772.98,4305.9
Case4_Lufkin_C114b,0.84993,1.78473,1.72352,3775.2,4305.84
Case4_Lufkin_C114b,0.85835,1.80695,1.74599,3777.45,4305.78
Case4_Lufkin_C114b,0.86676,1.82922,1.76854,3779.75,4305.71
Case4_Lufkin_C114b,0.87518,1.85157,1.79116,3782.08,4305.65
Case4_Lufkin_C114b,0.88359,1.87397,1.81385,3784.44,4305.59
Case4_Lufkin_C114b,0.89201,1.89644,1.8366,3786.84,4305.53
Case4_Lufkin_C114b,0.90042,1.91897,1.85942,3789.28,4305.47
Case4_Lufkin_C114b,0.90884,1.94155,1.8823,3791.77,4305.4
Case4_Lufkin_C114b,0.91725,1.9642,1.90524,3794.31,4305.33
Case4_Lufkin_C114b,0.92567,1.98689,1.92824,3796.88,4305.26
Case4_Lufkin_C114b,0.93408,2.00964,1.95129,3799.5,4305.19
Case4_Lufkin_C114b,0.9425,2.03244,1.97441,3802.15,4305.12
Case4_Lufkin_C114b,0.95091,2.05529,1.99757,3804.84,4305.05
Case4_Lufkin_C114b,0.95933,2.07819,2.02079,3807.56,4304.98
Case4_Lufkin_C114b,0.96774,2.10113,2.04405,3810.32,4304.91
Case4_Lufkin_C114b,0.97616,2.12412,2.06737,3813.11,4304.84
Case4_Lufkin_C114b,0.98457,2.14715,2.09073,3815.94,4304.76
Case4_Lufkin_C114b,0.99299,2.17022,2.11413,3818.8,4304.69
Case4_Lufkin_C114b,1.0014,2.19332,2.13758,3821.7,4304.62
Case4_Lufkin_C114b,1.00982,2.21647,2.16107,3824.64,4304.54
Case4_Lufkin_C114b,1.01823,2.23965,2.1846,3827.62,4304.47
Case4_Lufkin_C114b,1.02665,2.26286,2.20816,3830.64,4304.39
Case4_Lufkin_C114b,1.03506,2.2861,2.23176,3833.69,4304.32
Case4_Lufkin_C114b,1.04348,2.30938,2.2554,3836.77,4304.24
Case4_Lufkin_C114b,1.05189,2.33268,2.27906,3839.89,4304.15
Case4_Lufkin_C114b,1.06031,2.35601,2.30276,3843.03,4304.07
Case4_Lufkin_C114b,1.06872,2.37936,2.32649,3846.22,4303.99
Case4_Lufkin_C114b,1.07714,2.40273,2.35024,3849.44,4303.91
Case4_Lufkin_C114b,1.08555,2.42612,2.37402,3852.7,4303.82
Case4_Lufkin_C114b,1.09397,2.44954,2.39782,3855.99,4303.72
Case4_Lufkin_C114b,1.10238,2.47297,2.42164,3859.31,4303.63
Case4_Lufkin_C114b,1.1108,2.49641,2.44548,3862.67,4303.54
Case4_Lufkin_C114b,1.11921,2.51987,2.46934,3866.05,4303.46
Case4_Lufkin_C114b,1.12763,2.54334,2.49321,3869.47,4303.37
Case4_Lufkin_C114b,1.13604,2.56682,2.5171,3872.93,4303.28
Case4_Lufkin_C114b,1.14446,2.5903,2.541,3876.41,4303.19
Case4_Lufkin_C114b,1.15288,2.6138,2.56491,3879.94,4303.1
Case4_Lufkin_C114b,1.16129,2.63729,2.58883,3883.5,4303.0
Case4_Lufkin_C114b,1.16971,2.66079,2.61275,3887.09,4302.9
Case4_Lufkin_C114b,1.17812,2.68429,2.63668,3890.72,4302.81
Case4_Lufkin_C114b,1.18654,2.70779,2.66061,3894.38,4302.71
Case4_Lufkin_C114b,1.19495,2.73128,2.68454,3898.07,4302.61
Case4_Lufkin_C114b,1.20337,2.75477,2.70847,3901.81,4302.51
Case4_Lufkin_C114b,1.21178,2.77826,2.7324,3905.59,4302.41
Case4_Lufkin_C114b,1.2202,2.80173,2.75632,3909.4,4302.32
Case4_Lufkin_C114b,1.22861,2.82519,2.78024,3913.25,4302.22
Case4_Lufkin_C114b,1.23703,2.84865,2.80414,3917.12,4302.12
Case4_Lufkin_C114b,1.24544,2.87208,2.82804,3921.03,4302.02
Case4_Lufkin_C114b,1.25386,2.89551,2.85192,3924.97,4301.91
Case4_Lufkin_C114b,1.26227,2.91891,2.87579,3928.94,4301.8
Case4_Lufkin_C114b,1.27069,2.94229,2.89965,3932.93,4301.7
Case4_Lufkin_C114b,1.2791,2.96566,2.92349,3936.95,4301.6
Case4_Lufkin_C114b,1.28752,2.989,2.9473,3940.99,4301.49
Case4_Lufkin_C114b,1.29593,3.01231,2.9711,3945.05,4301.38
Case4_Lufkin_C114b,1.30435,3.0356,2.99487,3949.14,4301.28
Case4_Lufkin_C114b,1.31276,3.05886,3.01862,3953.26,4301.17
Case4_Lufkin_C114b,1.32118,3.08208,3.04234,3957.41,4301.06
Case4_Lufkin_C114b,1.32959,3.10528,3.06603,3961.58,4300.95
Case4_Lufkin_C114b,1.33801,3.12844,3.08969,3965.79,4300.84
Case4_Lufkin_C114b,1.34642,3.15157,3.11331,3970.03,4300.72
Case4_Lufkin_C114b,1.35484,3.17466,3.13691,3974.29,4300.61
Case4_Lufkin_C114b,1.36325,3.19771,3.16046,3978.57,4300.5
Case4_Lufkin_C114b,1.37167,3.22071,3.18398,3982.87,4300.38
Case4_Lufkin_C114b,1.38008,3.24368,3.20746,3987.2,4300.26
Case4_Lufkin_C114b,1.3885,3.2666,3.2309,3991.55,4300.15
Case4_Lufkin_C114b,1.39691,3.28947,3.25429,3995.92,4300.03
Case4_Lufkin_C114b,1.40533,3.3123,3.27763,4000.32,4299.91
Case4_Lufkin_C114b,1.41374,3.33507,3.30093,4004.74,4299.79
Case4_Lufkin_C114b,1.42216,3.3578,3.32418,4009.2,4299.67
Case4_Lufkin_C114b,1.43058,3.38047,3.34738,4013.67,4299.56
Case4_Lufkin_C114b,1.43899,3.40308,3.37052,4018.16,4299.44
Case4_Lufkin_C114b,1.44741,3.42564,3.39361,4022.67,4299.32
Case4_Lufkin_C114b,1.45582,3.44813,3.41665,4027.2,4299.2
Case4_Lufkin_C114b,1.46424,3.47057,3.43962,4031.75,4299.09
Case4_Lufkin_C114b,1.47265,3.49295,3.46254,4036.32,4298.97
Case4_Lufkin_C114b,1.48107,3.51526,3.48539,4040.92,4298.85
Case4_Lufkin_C114b,1.48948,3.5375,3.50818,4045.53,4298.73
Case4_Lufkin_C114b,1.4979,3.55968,3.5309,4050.17,4298.6
Case4_Lufkin_C114b,1.50631,3.58179,3.55356,4054.82,4298.48
Case4_Lufkin_C114b,1.51473,3.60382,3.57615,4059.49,4298.35
Case4_Lufkin_C114b,1.52314,3.62579,3.59866,4064.17,4298.23
Case4_Lufkin_C114b,1.53156,3.64768,3.62111,4068.87,4298.11
Case4_Lufkin_C114b,1.53997,3.66949,3.64348,4073.58,4297.98
Case4_Lufkin_C114b,1.54839,3.69123,3.66577,4078.31,4297.86
Case4_Lufkin_C114b,1.5568,3.71288,3.68799,4083.05,4297.73
Case4_Lufkin_C114b,1.56522,3.73446,3.71012,4087.8,4297.61
Case4_Lufkin_C114b,1.57363,3.75595,3.73218,4092.56,4297.48
Case4_Lufkin_C114b,1.58205,3.77735,3.75415,4097.33,4297.36
Case4_Lufkin_C114b,1.59046,3.79867,3.77604,4102.11,4297.23
Case4_Lufkin_C114b,1.59888,3.81991,3.79784,4106.9,4297.1
Case4_Lufkin_C114b,1.60729,3.84105,3.81955,4111.71,4296.97
Case4_Lufkin_C114b,1.61571,3.8621,3.84117,4116.53,4296.84
Case4_Lufkin_C114b,1.62412,3.88306,3.8627,4121.36,4296.72
Case4_Lufkin_C114b,1.63254,3.90393,3.88414,4126.21,4296.59
Case4_Lufkin_C114b,1.64095,3.9247,3.90549,4131.07,4296.46
Case4_Lufkin_C114b,1.64937,3.94537,3.92673,4135.94,4296.33
Case4_Lufkin_C114b,1.65778,3.96594,3.94788,4140.84,4296.2
Case4_Lufkin_C114b,1.6662,3.98641,3.96893,4145.75,4296.07
Case4_Lufkin_C114b,1.67461,4.00678,3.98988,4150.66,4295.94
Case4_Lufkin_C114b,1.68303,4.02704,4.01073,4155.59,4295.81
Case4_Lufkin_C114b,1.69144,4.0472,4.03147,4160.52,4295.68
Case4_Lufkin_C114b,1.69986,4.06725,4.0521,4165.46,4295.55
Case4_Lufkin_C114b,1.70827,4.0872,4.07263,4170.41,4295.42
Case4_Lufkin_C114b,1.71669,4.10703,4.09305,4175.37,4295.29
Case4_Lufkin_C114b,1.72511,4.12675,4.11335,4180.33,4295.16
Case4_Lufkin_C114b,1.73352,4.14635,4.13355,4185.31,4295.03
Case4_Lufkin_C114b,1.74194,4.16585,4.15363,4190.3,4294.9
Case4_Lufkin_C114b,1.75035,4.18522,4.17359,4195.29,4294.77
Case4_Lufkin_C114b,1.75877,4.20448,4.19344,4200.3,4294.64
Case4_Lufkin_C114b,1.76718,4.22362,4.21317,4205.31,4294.51
Case4_Lufkin_C114b,1.7756,4.24264,4.23278,4210.32,4294.38
Case4_Lufkin_C114b,1.78401,4.26153,4.25227,4215.34,4294.25
Case4_Lufkin_C114b,1.79243,4.2803,4.27163,4220.36,4294.11
Case4_Lufkin_C114b,1.80084,4.29895,4.29087,4225.39,4293.98
Case4_Lufkin_C114b,1.80926,4.31747,4.30999,4230.42,4293.85
Case4_Lufkin_C114b,1.81767,4.33586,4.32897,4235.47,4293.71
Case4_Lufkin_C114b,1.82609,4.35412,4.34783,4240.52,4293.58
Case4_Lufkin_C114b,1.8345,4.37225,4.36656,4245.57,4293.44
Case4_Lufkin_C114b,1.84292,4.39025,4.38515,4250.62,4293.3
Case4_Lufkin_C114b,1.85133,4.40811,4.40362,4255.67,4293.17
Case4_Lufkin_C114b,1.85975,4.42584,4.42194,4260.73,4293.04
Case4_Lufkin_C114b,1.86816,4.44343,4.44014,4265.79,4292.9
Case4_Lufkin_C114b,1.87658,4.46089,4.45819,4270.85,4292.77
Case4_Lufkin_C114b,1.88499,4.4782,4.4761,4275.92,4292.64
Case4_Lufkin_C114b,1.89341,4.49538,4.49388,4280.99,4292.5
Case4_Lufkin_C114b,1.90182,4.51241,4.51151,4286.06,4292.37
Case4_Lufkin_C114b,1.91024,4.5293,4.529,4291.14,4292.23
Case4_Lufkin_C114b,1.91865,4.54604,4.54635,4296.22,4292.1
Case4_Lufkin_C114b,1.92707,4.56264,4.56355,4301.3,4291.96
Case4_Lufkin_C114b,1.93548,4.57909,4.5806,4306.38,4291.83
Case4_Lufkin_C114b,1.9439,4.5954,4.5975,4311.47,4291.69
Case4_Lufkin_C114b,1.95231,4.61155,4.61426,4316.57,4291.56
Case4_Lufkin_C114b,1.96073,4.62755,4.63086,4321.67,4291.43
Case4_Lufkin_C114b,1.96914,4.6434,4.64731,4326.76,4291.29
Case4_Lufkin_C114b,1.97756,4.6591,4.66361,4331.85,4291.16
Case4_Lufkin_C114b,1.98597,4.67464,4.67975,4336.94,4291.02
Case4_Lufkin_C114b,1.99439,4.69002,4.69574,4342.03,4290.89
Case4_Lufkin_C114b,2.00281,4.70525,4.71156,4347.11,4290.75
Case4_Lufkin_C114b,2.01122,4.72032,4.72723,4352.18,4290.62
Case4_Lufkin_C114b,2.01964,4.73523,4.74274,4357.25,4290.49
Case4_Lufkin_C114b,2.02805,4.74998,4.75809,4362.31,4290.36
Case4_Lufkin_C114b,2.03647,4.76457,4.77328,4367.36,4290.22
Case4_Lufkin_C114b,2.04488,4.77899,4.7883,4372.41,4290.09
Case4_Lufkin_C114b,2.0533,4.79325,4.80316,4377.45,4289.95
Case4_Lufkin_C114b,2.06171,4.80735,4.81786,4382.5,4289.82
Case4_Lufkin_C114b,2.07013,4.82128,4.83238,4387.53,4289.69
Case4_Lufkin_C114b,2.07854,4.83504,4.84674,4392.56,4289.55
Case4_Lufkin_C114b,2.08696,4.84864,4.86093,4397.58,4289.42
Case4_Lufkin_C114b,2.09537,4.86206,4.87495,4402.6,4289.28
Case4_Lufkin_C114b,2.10379,4.87531,4.8888,4407.6,4289.15
Case4_Lufkin_C114b,2.1122,4.8884,4.90247,4412.59,4289.02
Case4_Lufkin_C114b,2.12062,4.90131,4.91597,4417.57,4288.88
Case4_Lufkin_C114b,2.12903,4.91404,4.9293,4422.55,4288.75
Case4_Lufkin_C114b,2.13745,4.9266,4.94245,4427.51,4288.61
Case4_Lufkin_C114b,2.14586,4.93899,4.95542,4432.47,4288.48
Case4_Lufkin_C114b,2.15428,4.9512,4.96822,4437.41,4288.35
Case4_Lufkin_C114b,2.16269,4.96323,4.98084,4442.35,4288.22
Case4_Lufkin_C114b,2.17111,4.97509,4.99327,4447.28,4288.09
Case4_Lufkin_C114b,2.17952,4.98676,5.00553,4452.19,4287.96
Case4_Lufkin_C114b,2.18794,4.99826,5.01761,4457.08,4287.83
Case4_Lufkin_C114b,2.19635,5.00957,5.0295,4461.97,4287.71
Case4_Lufkin_C114b,2.20477,5.0207,5.04121,4466.84,4287.58
Case4_Lufkin_C114b,2.21318,5.03165,5.05273,4471.7,4287.45
Case4_Lufkin_C114b,2.2216,5.04242,5.06407,4476.55,4287.32
Case4_Lufkin_C114b,2.23001,5.053,5.07522,4481.38,4287.19
Case4_Lufkin_C114b,2.23843,5.06339,5.08618,4486.19,4287.06
Case4_Lufkin_C114b,2.24684,5.0736,5.09696,4490.99,4286.94
Case4_Lufkin_C114b,2.25526,5.08363,5.10755,4495.77,4286.81
Case4_Lufkin_C114b,2.26367,5.09346,5.11795,4500.54,4286.68
Case4_Lufkin_C114b,2.27209,5.10311,5.12816,4505.29,4286.56
Case4_Lufkin_C114b,2.2805,5.11256,5.13817,4510.01,4286.43
Case4_Lufkin_C114b,2.28892,5.12183,5.148,4514.72,4286.31
Case4_Lufkin_C114b,2.29734,5.13091,5.15763,4519.41,4286.18
Case4_Lufkin_C114b,2.30575,5.13979,5.16707,4524.08,4286.06
Case4_Lufkin_C114b,2.31417,5.14849,5.17631,4528.72,4285.94
Case4_Lufkin_C114b,2.32258,5.15699,5.18536,4533.34,4285.81
Case4_Lufkin_C114b,2.331,5.16529,5.19421,4537.94,4285.69
Case4_Lufkin_C114b,2.33941,5.17341,5.20287,4542.52,4285.57
Case4_Lufkin_C114b,2.34783,5.18132,5.21133,4547.08,4285.44
Case4_Lufkin_C114b,2.35624,5.18905,5.21959,4551.62,4285.32
Case4_Lufkin_C114b,2.36466,5.19657,5.22765,4556.15,4285.21
Case4_Lufkin_C114b,2.37307,5.2039,5.23552,4560.65,4285.09
Case4_Lufkin_C114b,2.38149,5.21104,5.24318,4565.13,4284.97
Case4_Lufkin_C114b,2.3899,5.21797,5.25065,4569.6,4284.85
Case4_Lufkin_C114b,2.39832,5.22471,5.25791,4574.04,4284.73
Case4_Lufkin_C114b,2.40673,5.23125,5.26497,4578.47,4284.61
Case4_Lufkin_C114b,2.41515,5.23759,5.27183,4582.87,4284.49
Case4_Lufkin_C114b,2.42356,5.24373,5.27849,4587.24,4284.38
Case4_Lufkin_C114b,2.43198,5.24967,5.28495,4591.59,4284.26
Case4_Lufkin_C114b,2.44039,5.25541,5.2912,4595.91,4284.15
Case4_Lufkin_C114b,2.44881,5.26095,5.29725,4600.21,4284.04
Case4_Lufkin_C114b,2.45722,5.26629,5.30309,4604.49,4283.92
Case4_Lufkin_C114b,2.46564,5.27142,5.30873,4608.74,4283.81
Case4_Lufkin_C114b,2.47405,5.27636,5.31416,4612.97,4283.7
Case4_Lufkin_C114b,2.48247,5.28109,5.31939,4617.18,4283.59
Case4_Lufkin_C114b,2.49088,5.28561,5.32441,4621.36,4283.48
Case4_Lufkin_C114b,2.4993,5.28994,5.32922,4625.52,4283.37
Case4_Lufkin_C114b,2.50771,5.29406,5.33383,4629.64,4283.26
Case4_Lufkin_C114b,2.51613,5.29797,5.33823,4633.74,4283.15
Case4_Lufkin_C114b,2.52454,5.30169,5.34243,4637.82,4283.05
Case4_Lufkin_C114b,2.53296,5.30519,5.34642,4641.86,4282.94
Case4_Lufkin_C114b,2.54137,5.3085,5.35019,4645.88,4282.83
Case4_Lufkin_C114b,2.54979,5.31159,5.35376,4649.87,4282.72
Case4_Lufkin_C114b,2.5582,5.31448,5.35713,4653.84,4282.62
Case4_Lufkin_C114b,2.56662,5.31717,5.36028,4657.77,4282.51
Case4_Lufkin_C114b,2.57504,5.31965,5.36322,4661.68,4282.4
Case4_Lufkin_C114b,2.58345,5.32193,5.36596,4665.56,4282.3
Case4_Lufkin_C114b,2.59187,5.32399,5.36848,4669.41,4282.2
Case4_Lufkin_C114b,2.60028,5.32586,5.3708,4673.23,4282.1
Case4_Lufkin_C114b,2.6087,5.32751,5.3729,4677.02,4282.0
Case4_Lufkin_C114b,2.61711,5.32896,5.3748,4680.78,4281.9
Case4_Lufkin_C114b,2.62553,5.3302,5.37648,4684.52,4281.8
Case4_Lufkin_C114b,2.63394,5.33124,5.37796,4688.22,4281.7
Case4_Lufkin_C114b,2.64236,5.33207,5.37922,4691.9,4281.6
Case4_Lufkin_C114b,2.65077,5.33269,5.38028,4695.54,4281.51
Case4_Lufkin_C114b,2.65919,5.3331,5.38112,4699.16,4281.41
Case4_Lufkin_C114b,2.6676,5.33331,5.38175,4702.75,4281.31
Case4_Lufkin_C114b,2.67602,5.33331,5.38217,4706.31,4281.22
Case4_Lufkin_C114b,2.68443,5.3331,5.38239,4709.85,4281.13
Case4_Lufkin_C114b,2.69285,5.33269,5.38239,4713.35,4281.03
Case4_Lufkin_C114b,2.70126,5.33207,5.38217,4716.82,4280.94
Case4_Lufkin_C114b,2.70968,5.33124,5.38175,4720.26,4280.85
Case4_Lufkin_C114b,2.71809,5.3302,5.38112,4723.67,4280.76
Case4_Lufkin_C114b,2.72651,5.32896,5.38028,4727.04,4280.67
Case4_Lufkin_C114b,2.73492,5.32751,5.37923,4730.37,4280.58
Case4_Lufkin_C114b,2.74334,5.32586,5.37796,4733.68,4280.49
Case4_Lufkin_C114b,2.75175,5.32399,5.37649,4736.94,4280.41
Case4_Lufkin_C114b,2.76017,5.32193,5.3748,4740.17,4280.32
Case4_Lufkin_C114b,2.76858,5.31965,5.37291,4743.36,4280.24
Case4_Lufkin_C114b,2.777,5.31717,5.3708,4746.52,4280.15
Case4_Lufkin_C114b,2.78541,5.31448,5.36849,4749.65,4280.07
Case4_Lufkin_C114b,2.79383,5.31159,5.36597,4752.74,4279.99
Case4_Lufkin_C114b,2.80224,5.3085,5.36323,4755.8,4279.9
Case4_Lufkin_C114b,2.81066,5.30519,5.36029,4758.82,4279.82
Case4_Lufkin_C114b,2.81907,5.30169,5.35714,4761.81,4279.74
Case4_Lufkin_C114b,2.82749,5.29797,5.35378,4764.76,4279.66
Case4_Lufkin_C114b,2.8359,5.29406,5.35021,4767.67,4279.58
Case4_Lufkin_C114b,2.84432,5.28994,5.34643,4770.54,4279.51
Case4_Lufkin_C114b,2.85273,5.28561,5.34244,4773.38,4279.43
Case4_Lufkin_C114b,2.86115,5.28109,5.33825,4776.18,4279.35
Case4_Lufkin_C114b,2.86957,5.27636,5.33385,4778.94,4279.28
Case4_Lufkin_C114b,2.87798,5.27142,5.32924,4781.67,4279.2
Case4_Lufkin_C114b,2.8864,5.26629,5.32442,4784.36,4279.13
Case4_Lufkin_C114b,2.89481,5.26095,5.3194,4787.01,4279.06
Case4_Lufkin_C114b,2.90323,5.25541,5.31417,4789.62,4278.99
Case4_Lufkin_C114b,2.91164,5.24967,5.30874,4792.2,4278.93
Case4_Lufkin_C114b,2.92006,5.24373,5.3031,4794.73,4278.86
Case4_Lufkin_C114b,2.92847,5.23759,5.29726,4797.22,4278.79
Case4_Lufkin_C114b,2.93689,5.23125,5.29121,4799.68,4278.73
Case4_Lufkin_C114b,2.9453,5.22471,5.28495,4802.1,4278.66
Case4_Lufkin_C114b,2.95372,5.21797,5.2785,4804.48,4278.6
Case4_Lufkin_C114b,2.96213,5.21104,5.27184,4806.81,4278.54
Case4_Lufkin_C114b,2.97055,5.2039,5.26498,4809.11,4278.48
Case4_Lufkin_C114b,2.97896,5.19657,5.25792,4811.37,4278.41
Case4_Lufkin_C114b,2.98738,5.18905,5.25065,4813.58,4278.35
Case4_Lufkin_C114b,2.99579,5.18132,5.24319,4815.75,4278.3
Case4_Lufkin_C114b,3.00421,5.17341,5.23552,4817.89,4278.24
Case4_Lufkin_C114b,3.01262,5.16529,5.22766,4819.97,4278.19
Case4_Lufkin_C114b,3.02104,5.15699,5.2196,4822.02,4278.13
Case4_Lufkin_C114b,3.02945,5.14849,5.21133,4824.02,4278.08
Case4_Lufkin_C114b,3.03787,5.13979,5.20287,4825.98,4278.02
Case4_Lufkin_C114b,3.04628,5.13091,5.19422,4827.89,4277.97
Case4_Lufkin_C114b,3.0547,5.12183,5.18536,4829.76,4277.92
Case4_Lufkin_C114b,3.06311,5.11256,5.17632,4831.59,4277.87
Case4_Lufkin_C114b,3.07153,5.10311,5.16707,4833.37,4277.82
Case4_Lufkin_C114b,3.07994,5.09346,5.15763,4835.11,4277.78
Case4_Lufkin_C114b,3.08836,5.08363,5.148,4836.81,4277.73
Case4_Lufkin_C114b,3.09677,5.0736,5.13818,4838.47,4277.69
Case4_Lufkin_C114b,3.10519,5.06339,5.12816,4840.09,4277.64
Case4_Lufkin_C114b,3.1136,5.053,5.11795,4841.66,4277.6
Case4_Lufkin_C114b,3.12202,5.04242,5.10756,4843.2,4277.56
Case4_Lufkin_C114b,3.13043,5.03165,5.09697,4844.69,4277.52
Case4_Lufkin_C114b,3.13885,5.0207,5.08619,4846.14,4277.48
Case4_Lufkin_C114b,3.14727,5.00957,5.07523,4847.55,4277.44
Case4_Lufkin_C114b,3.15568,4.99826,5.06407,4848.91,4277.4
Case4_Lufkin_C114b,3.1641,4.98676,5.05274,4850.22,4277.37
Case4_Lufkin_C114b,3.17251,4.97509,5.04121,4851.49,4277.34
Case4_Lufkin_C114b,3.18093,4.96323,5.0295,4852.72,4277.3
Case4_Lufkin_C114b,3.18934,4.9512,5.01761,4853.91,4277.27
Case4_Lufkin_C114b,3.19776,4.93899,5.00554,4855.05,4277.24
Case4_Lufkin_C114b,3.20617,4.9266,4.99328,4856.15,4277.21
Case4_Lufkin_C114b,3.21459,4.91404,4.98085,4857.2,4277.18
Case4_Lufkin_C114b,3.223,4.90131,4.96823,4858.21,4277.16
Case4_Lufkin_C114b,3.23142,4.8884,4.95544,4859.18,4277.13
Case4_Lufkin_C114b,3.23983,4.87531,4.94246,4860.1,4277.11
Case4_Lufkin_C114b,3.24825,4.86206,4.92931,4860.98,4277.08
Case4_Lufkin_C114b,3.25666,4.84864,4.91599,4861.81,4277.06
Case4_Lufkin_C114b,3.26508,4.83504,4.90249,4862.6,4277.04
Case4_Lufkin_C114b,3.27349,4.82128,4.88882,4863.34,4277.02
Case4_Lufkin_C114b,3.28191,4.80735,4.87497,4864.04,4277.0
Case4_Lufkin_C114b,3.29032,4.79325,4.86096,4864.7,4276.98
Case4_Lufkin_C114b,3.29874,4.77899,4.84677,4865.31,4276.96
Case4_Lufkin_C114b,3.30715,4.76457,4.83241,4865.88,4276.95
Case4_Lufkin_C114b,3.31557,4.74998,4.81789,4866.4,4276.93
Case4_Lufkin_C114b,3.32398,4.73523,4.8032,4866.88,4276.92
Case4_Lufkin_C114b,3.3324,4.72032,4.78834,4867.31,4276.91
Case4_Lufkin_C114b,3.34081,4.70525,4.77332,4867.7,4276.9
Case4_Lufkin_C114b,3.34923,4.69002,4.75813,4868.04,4276.89
Case4_Lufkin_C114b,3.35764,4.67464,4.74278,4868.34,4276.88
Case4_Lufkin_C114b,3.36606,4.6591,4.72728,4868.6,4276.87
Case4_Lufkin_C114b,3.37447,4.6434,4.71161,4868.82,4276.86
Case4_Lufkin_C114b,3.38289,4.62755,4.69578,4868.99,4276.86
Case4_Lufkin_C114b,3.3913,4.61155,4.67979,4869.12,4276.85
Case4_Lufkin_C114b,3.39972,4.5954,4.66365,4869.2,4276.85
Case4_Lufkin_C114b,3.40813,4.57909,4.64736,4869.24,4276.85
Case4_Lufkin_C114b,3.41655,4.56264,4.63091,4869.24,4276.85
Case4_Lufkin_C114b,3.42496,4.54604,4.6143,4869.2,4276.85
Case4_Lufkin_C114b,3.43338,4.5293,4.59755,4869.11,4276.85
Case4_Lufkin_C114b,3.4418,4.51241,4.58065,4868.98,4276.85
Case4_Lufkin_C114b,3.45021,4.49538,4.56359,4868.81,4276.86
Case4_Lufkin_C114b,3.45863,4.4782,4.54639,4868.58,4276.86
Case4_Lufkin_C114b,3.46704,4.46089,4.52905,4868.32,4276.87
Case4_Lufkin_C114b,3.47546,4.44343,4.51156,4868.0,4276.88
Case4_Lufkin_C114b,3.48387,4.42584,4.49393,4867.64,4276.89
Case4_Lufkin_C114b,3.49229,4.40811,4.47615,4867.24,4276.9
Case4_Lufkin_C114b,3.5007,4.39025,4.45824,4866.79,4276.91
Case4_Lufkin_C114b,3.50912,4.37225,4.44018,4866.3,4276.92
Case4_Lufkin_C114b,3.51753,4.35412,4.42199,4865.76,4276.93
Case4_Lufkin_C114b,3.52595,4.33586,4.40366,4865.18,4276.95
Case4_Lufkin_C114b,3.53436,4.31747,4.3852,4864.55,4276.96
Case4_Lufkin_C114b,3.54278,4.29895,4.3666,4863.89,4276.98
Case4_Lufkin_C114b,3.55119,4.2803,4.34788,4863.18,4277.0
Case4_Lufkin_C114b,3.55961,4.26153,4.32902,4862.42,4277.02
Case4_Lufkin_C114b,3.56802,4.24264,4.31003,4861.62,4277.04
Case4_Lufkin_C114b,3.57644,4.22362,4.29091,4860.77,4277.06
Case4_Lufkin_C114b,3.58485,4.20448,4.27167,4859.88,4277.08
Case4_Lufkin_C114b,3.59327,4.18522,4.25231,4858.95,4277.1
Case4_Lufkin_C114b,3.60168,4.16585,4.23282,4857.97,4277.13
Case4_Lufkin_C114b,3.6101,4.14635,4.21321,4856.94,4277.15
Case4_Lufkin_C114b,3.61851,4.12675,4.19347,4855.88,4277.18
Case4_Lufkin_C114b,3.62693,4.10703,4.17362,4854.77,4277.21
Case4_Lufkin_C114b,3.63534,4.0872,4.15366,4853.62,4277.24
Case4_Lufkin_C114b,3.64376,4.06725,4.13357,4852.43,4277.27
Case4_Lufkin_C114b,3.65217,4.0472,4.11338,4851.19,4277.3
Case4_Lufkin_C114b,3.66059,4.02704,4.09307,4849.9,4277.34
Case4_Lufkin_C114b,3.669,4.00678,4.07265,4848.58,4277.37
Case4_Lufkin_C114b,3.67742,3.98641,4.05212,4847.21,4277.41
Case4_Lufkin_C114b,3.68583,3.96594,4.03148,4845.79,4277.45
Case4_Lufkin_C114b,3.69425,3.94537,4.01074,4844.34,4277.48
Case4_Lufkin_C114b,3.70266,3.9247,3.98989,4842.84,4277.52
Case4_Lufkin_C114b,3.71108,3.90393,3.96894,4841.3,4277.56
Case4_Lufkin_C114b,3.7195,3.88306,3.94789,4839.71,4277.6
Case4_Lufkin_C114b,3.72791,3.8621,3.92674,4838.08,4277.64
Case4_Lufkin_C114b,3.73633,3.84105,3.90549,4836.41,4277.69
Case4_Lufkin_C114b,3.74474,3.81991,3.88415,4834.7,4277.73
Case4_Lufkin_C114b,3.75316,3.79867,3.86271,4832.94,4277.78
Case4_Lufkin_C114b,3.76157,3.77735,3.84118,4831.13,4277.83
Case4_Lufkin_C114b,3.76999,3.75595,3.81955,4829.29,4277.87
Case4_Lufkin_C114b,3.7784,3.73446,3.79784,4827.4,4277.92
Case4_Lufkin_C114b,3.78682,3.71288,3.77604,4825.46,4277.97
Case4_Lufkin_C114b,3.79523,3.69123,3.75415,4823.49,4278.02
Case4_Lufkin_C114b,3.80365,3.66949,3.73218,4821.47,4278.08
Case4_Lufkin_C114b,3.81206,3.64768,3.71012,4819.41,4278.13
Case4_Lufkin_C114b,3.82048,3.62579,3.68799,4817.31,4278.18
Case4_Lufkin_C114b,3.82889,3.60382,3.66577,4815.17,4278.24
Case4_Lufkin_C114b,3.83731,3.58179,3.64348,4812.99,4278.3
Case4_Lufkin_C114b,3.84572,3.55968,3.62111,4810.77,4278.36
Case4_Lufkin_C114b,3.85414,3.5375,3.59867,4808.52,4278.41
Case4_Lufkin_C114b,3.86255,3.51526,3.57615,4806.22,4278.47
Case4_Lufkin_C114b,3.87097,3.49295,3.55357,4803.88,4278.54
Case4_Lufkin_C114b,3.87938,3.47057,3.53091,4801.5,4278.6
Case4_Lufkin_C114b,3.8878,3.44813,3.50819,4799.08,4278.66
Case4_Lufkin_C114b,3.89621,3.42564,3.4854,4796.62,4278.73
Case4_Lufkin_C114b,3.90463,3.40308,3.46255,4794.12,4278.79
Case4_Lufkin_C114b,3.91304,3.38047,3.43964,4791.58,4278.86
Case4_Lufkin_C114b,3.92146,3.3578,3.41666,4789.01,4278.93
Case4_Lufkin_C114b,3.92987,3.33507,3.39363,4786.39,4279.0
Case4_Lufkin_C114b,3.93829,3.3123,3.37054,4783.74,4279.07
Case4_Lufkin_C114b,3.9467,3.28947,3.3474,4781.05,4279.14
Case4_Lufkin_C114b,3.95512,3.2666,3.32421,4778.32,4279.21
Case4_Lufkin_C114b,3.96353,3.24368,3.30096,4775.55,4279.28
Case4_Lufkin_C114b,3.97195,3.22071,3.27766,4772.75,4279.36
Case4_Lufkin_C114b,3.98036,3.19771,3.25432,4769.9,4279.43
Case4_Lufkin_C114b,3.98878,3.17466,3.23093,4767.02,4279.51
Case4_Lufkin_C114b,3.99719,3.15157,3.2075,4764.1,4279.58
Case4_Lufkin_C114b,4.00561,3.12844,3.18402,4761.15,4279.66
Case4_Lufkin_C114b,4.01403,3.10528,3.16051,4758.16,4279.74
Case4_Lufkin_C114b,4.02244,3.08208,3.13696,4755.13,4279.82
Case4_Lufkin_C114b,4.03086,3.05886,3.11337,4752.07,4279.9
Case4_Lufkin_C114b,4.03927,3.0356,3.08974,4748.97,4279.98
Case4_Lufkin_C114b,4.04769,3.01231,3.06609,4745.84,4280.06
Case4_Lufkin_C114b,4.0561,2.989,3.0424,4742.67,4280.14
Case4_Lufkin_C114b,4.06452,2.96566,3.01868,4739.47,4280.23
Case4_Lufkin_C114b,4.07293,2.94229,2.99494,4736.23,4280.31
Case4_Lufkin_C114b,4.08135,2.91891,2.97117,4732.96,4280.4
Case4_Lufkin_C114b,4.08976,2.89551,2.94738,4729.65,4280.49
Case4_Lufkin_C114b,4.09818,2.87208,2.92356,4726.31,4280.58
Case4_Lufkin_C114b,4.10659,2.84865,2.89973,4722.94,4280.66
Case4_Lufkin_C114b,4.11501,2.82519,2.87587,4719.54,4280.75
Case4_Lufkin_C114b,4.12342,2.80173,2.852,4716.1,4280.84
Case4_Lufkin_C114b,4.13184,2.77826,2.82812,4712.64,4280.93
Case4_Lufkin_C114b,4.14025,2.75477,2.80422,4709.14,4281.03
Case4_Lufkin_C114b,4.14867,2.73128,2.78032,4705.61,4281.12
Case4_Lufkin_C114b,4.15708,2.70779,2.7564,4702.05,4281.21
Case4_Lufkin_C114b,4.1655,2.68429,2.73248,4698.46,4281.31
Case4_Lufkin_C114b,4.17391,2.66079,2.70855,4694.84,4281.4
Case4_Lufkin_C114b,4.18233,2.63729,2.68462,4691.18,4281.5
Case4_Lufkin_C114b,4.19074,2.6138,2.66069,4687.5,4281.6
Case4_Lufkin_C114b,4.19916,2.5903,2.63676,4683.78,4281.7
Case4_Lufkin_C114b,4.20757,2.56682,2.61283,4680.03,4281.79
Case4_Lufkin_C114b,4.21599,2.54334,2.58891,4676.25,4281.89
Case4_Lufkin_C114b,4.2244,2.51987,2.56499,4672.44,4281.99
Case4_Lufkin_C114b,4.23282,2.49641,2.54108,4668.6,4282.1
Case4_Lufkin_C114b,4.24123,2.47297,2.51718,4664.74,4282.2
Case4_Lufkin_C114b,4.24965,2.44954,2.49329,4660.84,4282.3
Case4_Lufkin_C114b,4.25806,2.42612,2.46941,4656.91,4282.4
Case4_Lufkin_C114b,4.26648,2.40273,2.44555,4652.96,4282.51
Case4_Lufkin_C114b,4.27489,2.37936,2.42171,4648.99,4282.61
Case4_Lufkin_C114b,4.28331,2.35601,2.39788,4644.98,4282.72
Case4_Lufkin_C114b,4.29173,2.33268,2.37408,4640.95,4282.82
Case4_Lufkin_C114b,4.30014,2.30938,2.3503,4636.88,4282.93
Case4_Lufkin_C114b,4.30856,2.2861,2.32654,4632.79,4283.04
Case4_Lufkin_C114b,4.31697,2.26286,2.30282,4628.68,4283.14
Case4_Lufkin_C114b,4.32539,2.23965,2.27911,4624.54,4283.25
Case4_Lufkin_C114b,4.3338,2.21647,2.25544,4620.37,4283.36
Case4_Lufkin_C114b,4.34222,2.19332,2.2318,4616.18,4283.47
Case4_Lufkin_C114b,4.35063,2.17022,2.2082,4611.96,4283.58
Case4_Lufkin_C114b,4.35905,2.14715,2.18463,4607.72,4283.7
Case4_Lufkin_C114b,4.36746,2.12412,2.1611,4603.45,4283.81
Case4_Lufkin_C114b,4.37588,2.10113,2.1376,4599.16,4283.92
Case4_Lufkin_C114b,4.38429,2.07819,2.11415,4594.85,4284.04
Case4_Lufkin_C114b,4.39271,2.05529,2.09074,4590.51,4284.15
Case4_Lufkin_C114b,4.40112,2.03244,2.06738,4586.15,4284.27
Case4_Lufkin_C114b,4.40954,2.00964,2.04406,4581.77,4284.38
Case4_Lufkin_C114b,4.41795,1.98689,2.02079,4577.36,4284.5
Case4_Lufkin_C114b,4.42637,1.9642,1.99757,4572.93,4284.62
Case4_Lufkin_C114b,4.43478,1.94155,1.9744,4568.48,4284.73
Case4_Lufkin_C114b,4.4432,1.91897,1.95129,4564.01,4284.85
Case4_Lufkin_C114b,4.45161,1.89644,1.92823,4559.52,4284.97
Case4_Lufkin_C114b,4.46003,1.87397,1.90523,4555.0,4285.09
Case4_Lufkin_C114b,4.46844,1.85157,1.88229,4550.46,4285.21
Case4_Lufkin_C114b,4.47686,1.82922,1.8594,4545.91,4285.33
Case4_Lufkin_C114b,4.48527,1.80695,1.83659,4541.33,4285.45
Case4_Lufkin_C114b,4.49369,1.78473,1.81383,4536.73,4285.57
Case4_Lufkin_C114b,4.5021,1.76259,1.79114,4532.11,4285.69
Case4_Lufkin_C114b,4.51052,1.74052,1.76852,4527.47,4285.82
Case4_Lufkin_C114b,4.51893,1.71852,1.74597,4522.81,4285.94
Case4_Lufkin_C114b,4.52735,1.69659,1.72349,4518.14,4286.06
Case4_Lufkin_C114b,4.53576,1.67474,1.70109,4513.44,4286.19
Case4_Lufkin_C114b,4.54418,1.65297,1.67876,4508.73,4286.31
Case4_Lufkin_C114b,4.55259,1.63127,1.6565,4504.0,4286.43
Case4_Lufkin_C114b,4.56101,1.60965,1.63433,4499.26,4286.56
Case4_Lufkin_C114b,4.56942,1.58812,1.61223,4494.5,4286.69
Case4_Lufkin_C114b,4.57784,1.56667,1.59022,4489.72,4286.81
Case4_Lufkin_C114b,4.58626,1.54531,1.56829,4484.93,4286.94
Case4_Lufkin_C114b,4.59467,1.52403,1.54644,4480.13,4287.06
Case4_Lufkin_C114b,4.60309,1.50284,1.52468,4475.31,4287.19
Case4_Lufkin_C114b,4.6115,1.48174,1.50301,4470.47,4287.32
Case4_Lufkin_C114b,4.61992,1.46074,1.48143,4465.63,4287.45
Case4_Lufkin_C114b,4.62833,1.43983,1.45995,4460.76,4287.58
Case4_Lufkin_C114b,4.63675,1.41901,1.43855,4455.89,4287.71
Case4_Lufkin_C114b,4.64516,1.39829,1.41726,4451.0,4287.84
Case4_Lufkin_C114b,4.65358,1.37767,1.39605,4446.1,4287.97
Case4_Lufkin_C114b,4.66199,1.35715,1.37495,4441.18,4288.1
Case4_Lufkin_C114b,4.67041,1.33673,1.35395,4436.26,4288.23
Case4_Lufkin_C114b,4.67882,1.31641,1.33305,4431.32,4288.36
Case4_Lufkin_C114b,4.68724,1.2962,1.31225,4426.38,4288.49
Case4_Lufkin_C114b,4.69565,1.27609,1.29156,4421.42,4288.62
Case4_Lufkin_C114b,4.70407,1.2561,1.27098,4416.45,4288.75
Case4_Lufkin_C114b,4.71248,1.23621,1.2505,4411.48,4288.88
Case4_Lufkin_C114b,4.7209,1.21643,1.23013,4406.49,4289.01
Case4_Lufkin_C114b,4.72931,1.19677,1.20988,4401.49,4289.15
Case4_Lufkin_C114b,4.73773,1.17722,1.18974,4396.49,4289.28
Case4_Lufkin_C114b,4.74614,1.15778,1.16971,4391.48,4289.41
Case4_Lufkin_C114b,4.75456,1.13847,1.1498,4386.46,4289.54
Case4_Lufkin_C114b,4.76297,1.11927,1.13001,4381.43,4289.68
Case4_Lufkin_C114b,4.77139,1.10019,1.11033,4376.4,4289.81
Case4_Lufkin_C114b,4.7798,1.08123,1.09078,4371.36,4289.94
Case4_Lufkin_C114b,4.78822,1.0624,1.07135,4366.31,4290.07
Case4_Lufkin_C114b,4.79663,1.04369,1.05205,4361.26,4290.21
Case4_Lufkin_C114b,4.80505,1.02511,1.03287,4356.2,4290.34
Case4_Lufkin_C114b,4.81346,1.00665,1.01381,4351.14,4290.48
Case4_Lufkin_C114b,4.82188,0.98833,0.99489,4346.07,4290.61
Case4_Lufkin_C114b,4.83029,0.97013,0.97609,4341.0,4290.75
Case4_Lufkin_C114b,4.83871,0.95207,0.95743,4335.93,4290.88
Case4_Lufkin_C114b,4.84712,0.93414,0.9389,4330.86,4291.01
Case4_Lufkin_C114b,4.85554,0.91634,0.9205,4325.78,4291.15
Case4_Lufkin_C114b,4.86396,0.89868,0.90224,4320.7,4291.28
Case4_Lufkin_C114b,4.87237,0.88115,0.88411,4315.62,4291.42
Case4_Lufkin_C114b,4.88079,0.86377,0.86613,4310.54,4291.55
Case4_Lufkin_C114b,4.8892,0.84652,0.84828,4305.46,4291.69
Case4_Lufkin_C114b,4.89762,0.82942,0.83057,4300.37,4291.82
Case4_Lufkin_C114b,4.90603,0.81246,0.81301,4295.29,4291.96
Case4_Lufkin_C114b,4.91445,0.79564,0.79559,4290.21,4292.09
Case4_Lufkin_C114b,4.92286,0.77897,0.77832,4285.13,4292.22
Case4_Lufkin_C114b,4.93128,0.76245,0.7612,4280.04,4292.36
Case4_Lufkin_C114b,4.93969,0.74607,0.74422,4274.96,4292.49
Case4_Lufkin_C114b,4.94811,0.72984,0.72739,4269.88,4292.63
Case4_Lufkin_C114b,4.95652,0.71377,0.71071,4264.8,4292.76
Case4_Lufkin_C114b,4.96494,0.69784,0.69418,4259.72,4292.9
Case4_Lufkin_C114b,4.97335,0.68207,0.67781,4254.64,4293.03
Case4_Lufkin_C114b,4.98177,0.66645,0.66159,4249.57,4293.17
Case4_Lufkin_C114b,4.99018,0.65098,0.64553,4244.5,4293.3
Case4_Lufkin_C114b,4.9986,0.63568,0.62962,4239.44,4293.43
Case4_Lufkin_C114b,5.00701,0.62053,0.61388,4234.38,4293.57
Case4_Lufkin_C114b,5.01543,0.60554,0.59829,4229.32,4293.7
Case4_Lufkin_C114b,5.02384,0.59071,0.58286,4224.27,4293.83
Case4_Lufkin_C114b,5.03226,0.57604,0.56759,4219.22,4293.97
Case4_Lufkin_C114b,5.04067,0.56153,0.55249,4214.18,4294.1
Case4_Lufkin_C114b,5.04909,0.54719,0.53755,4209.15,4294.23
Case4_Lufkin_C114b,5.0575,0.53301,0.52278,4204.12,4294.37
Case4_Lufkin_C114b,5.06592,0.519,0.50817,4199.1,4294.5
Case4_Lufkin_C114b,5.07433,0.50515,0.49373,4194.09,4294.63
Case4_Lufkin_C114b,5.08275,0.49147,0.47946,4189.08,4294.76
Case4_Lufkin_C114b,5.09116,0.47796,0.46536,4184.08,4294.9
Case4_Lufkin_C114b,5.09958,0.46462,0.45143,4179.1,4295.03
Case4_Lufkin_C114b,5.10799,0.45146,0.43767,4174.12,4295.16
Case4_Lufkin_C114b,5.11641,0.43846,0.42409,4169.15,4295.29
Case4_Lufkin_C114b,5.12482,0.42564,0.41068,4164.18,4295.43
Case4_Lufkin_C114b,5.13324,0.41299,0.39744,4159.23,4295.56
Case4_Lufkin_C114b,5.14165,0.40051,0.38438,4154.29,4295.69
Case4_Lufkin_C114b,5.15007,0.38821,0.3715,4149.36,4295.82
Case4_Lufkin_C114b,5.15849,0.37609,0.3588,4144.44,4295.95
Case4_Lufkin_C114b,5.1669,0.36415,0.34627,4139.53,4296.08
Case4_Lufkin_C114b,5.17532,0.35239,0.33393,4134.64,4296.21
Case4_Lufkin_C114b,5.18373,0.3408,0.32177,4129.75,4296.34
Case4_Lufkin_C114b,5.19215,0.3294,0.30979,4124.88,4296.47
Case4_Lufkin_C114b,5.20056,0.31817,0.29799,4120.02,4296.6
Case4_Lufkin_C114b,5.20898,0.30713,0.28637,4115.17,4296.73
Case4_Lufkin_C114b,5.21739,0.29628,0.27494,4110.34,4296.85
Case4_Lufkin_C114b,5.22581,0.2856,0.2637,4105.51,4296.98
Case4_Lufkin_C114b,5.23422,0.27511,0.25264,4100.71,4297.11
Case4_Lufkin_C114b,5.24264,0.26481,0.24177,4095.91,4297.24
Case4_Lufkin_C114b,5.25105,0.2547,0.23109,4091.13,4297.36
Case4_Lufkin_C114b,5.25947,0.24477,0.2206,4086.37,4297.49
Case4_Lufkin_C114b,5.26788,0.23503,0.2103,4081.62,4297.61
Case4_Lufkin_C114b,5.2763,0.22547,0.20018,4076.89,4297.74
Case4_Lufkin_C114b,5.28471,0.21611,0.19026,4072.18,4297.86
Case4_Lufkin_C114b,5.29313,0.20694,0.18054,4067.48,4297.99
Case4_Lufkin_C114b,5.30154,0.19796,0.171,4062.8,4298.11
Case4_Lufkin_C114b,5.30996,0.18917,0.16166,4058.14,4298.24
Case4_Lufkin_C114b,5.31837,0.18057,0.15251,4053.5,4298.36
Case4_Lufkin_C114b,5.32679,0.17217,0.14356,4048.87,4298.48
Case4_Lufkin_C114b,5.3352,0.16396,0.13481,4044.27,4298.6
Case4_Lufkin_C114b,5.34362,0.15594,0.12625,4039.68,4298.73
Case4_Lufkin_C114b,5.35203,0.14812,0.11788,4035.11,4298.85
Case4_Lufkin_C114b,5.36045,0.1405,0.10972,4030.57,4298.97
Case4_Lufkin_C114b,5.36886,0.13307,0.10176,4026.04,4299.09
Case4_Lufkin_C114b,5.37728,0.12584,0.09399,4021.53,4299.21
Case4_Lufkin_C114b,5.38569,0.1188,0.08642,4017.04,4299.33
Case4_Lufkin_C114b,5.39411,0.11197,0.07906,4012.58,4299.45
Case4_Lufkin_C114b,5.40252,0.10533,0.07189,4008.14,4299.57
Case4_Lufkin_C114b,5.41094,0.09889,0.06493,4003.72,4299.68
Case4_Lufkin_C114b,5.41935,0.09265,0.05817,3999.32,4299.8
Case4_Lufkin_C114b,5.42777,0.08661,0.05161,3994.94,4299.92
Case4_Lufkin_C114b,5.43619,0.08077,0.04525,3990.59,4300.03
Case4_Lufkin_C114b,5.4446,0.07513,0.0391,3986.26,4300.15
Case4_Lufkin_C114b,5.45302,0.06969,0.03315,3981.95,4300.26
Case4_Lufkin_C114b,5.46143,0.06445,0.02741,3977.67,4300.38
Case4_Lufkin_C114b,5.46985,0.05942,0.02187,3973.42,4300.49
Case4_Lufkin_C114b,5.47826,0.05459,0.01653,3969.18,4300.6
Case4_Lufkin_C114b,5.48668,0.04996,0.01141,3964.97,4300.71
Case4_Lufkin_C114b,5.49509,0.04553,0.00649,3960.79,4300.82
Case4_Lufkin_C114b,5.50351,0.04131,0.00177,3956.64,4300.93
Case4_Lufkin_C114b,5.51192,0.03729,-0.00274,3952.51,4301.04
Case4_Lufkin_C114b,5.52034,0.03348,-0.00704,3948.4,4301.15
Case4_Lufkin_C114b,5.52875,0.02987,-0.01113,3944.33,4301.26
Case4_Lufkin_C114b,5.53717,0.02646,-0.01501,3940.28,4301.37
Case4_Lufkin_C114b,5.54558,0.02326,-0.01869,3936.25,4301.47
Case4_Lufkin_C114b,5.554,0.02027,-0.02216,3932.26,4301.58
Case4_Lufkin_C114b,5.56241,0.01748,-0.02542,3928.29,4301.69
Case4_Lufkin_C114b,5.57083,0.0149,-0.02847,3924.36,4301.79
Case4_Lufkin_C114b,5.57924,0.01252,-0.03131,3920.45,4301.89
Case4_Lufkin_C114b,5.58766,0.01035,-0.03394,3916.57,4302.0
Case4_Lufkin_C114b,5.59607,0.00838,-0.03636,3912.72,4302.1
Case4_Lufkin_C114b,5.60449,0.00662,-0.03857,3908.9,4302.2
Case4_Lufkin_C114b,5.6129,0.00507,-0.04057,3905.12,4302.3
Case4_Lufkin_C114b,5.62132,0.00373,-0.04236,3901.36,4302.4
Case4_Lufkin_C114b,5.62973,0.00259,-0.04395,3897.63,4302.5
Case4_Lufkin_C114b,5.63815,0.00166,-0.04532,3893.94,4302.6
Case4_Lufkin_C114b,5.64656,0.00093,-0.04648,3890.27,4302.7
Case4_Lufkin_C114b,5.65498,0.00041,-0.04742,3886.64,4302.8
Case4_Lufkin_C114b,5.66339,0.0001,-0.04816,3883.03,4302.89
Case4_Lufkin_C114b,5.67181,0.0,-0.04869,3879.46,4302.99
Case4_Lufkin_C114b,5.68022,0.0001,-0.04901,3875.92,4303.08
Case4_Lufkin_C114b,5.68864,0.00041,-0.04911,3872.41,4303.17
Case4_Lufkin_C114b,5.69705,0.00093,-0.049,3868.94,4303.27
Case4_Lufkin_C114b,5.70547,0.00166,-0.04869,3865.49,4303.36
Case4_Lufkin_C114b,5.71388,0.00259,-0.04816,3862.09,4303.45
Case4_Lufkin_C114b,5.7223,0.00373,-0.04742,3858.71,4303.54
Case4_Lufkin_C114b,5.73072,0.00507,-0.04647,3855.37,4303.63
Case4_Lufkin_C114b,5.73913,0.00662,-0.04531,3852.06,4303.72
Case4_Lufkin_C114b,5.74755,0.00838,-0.04394,3848.79,4303.8
Case4_Lufkin_C114b,5.75596,0.01035,-0.04236,3845.55,4303.89
Case4_Lufkin_C114b,5.76438,0.01252,-0.04057,3842.35,4303.97
Case4_Lufkin_C114b,5.77279,0.0149,-0.03857,3839.18,4304.06
Case4_Lufkin_C114b,5.78121,0.01748,-0.03636,3836.04,4304.14
Case4_Lufkin_C114b,5.78962,0.02027,-0.03394,3832.94,4304.22
Case4_Lufkin_C114b,5.79804,0.02326,-0.03131,3829.88,4304.3
Case4_Lufkin_C114b,5.80645,0.02646,-0.02846,3826.86,4304.39
Case4_Lufkin_C114b,5.81487,0.02987,-0.02541,3823.86,4304.47
Case4_Lufkin_C114b,5.82328,0.03348,-0.02216,3820.91,4304.54
Case4_Lufkin_C114b,5.8317,0.03729,-0.01869,3817.99,4304.62
Case4_Lufkin_C114b,5.84011,0.04131,-0.01501,3815.11,4304.7
Case4_Lufkin_C114b,5.84853,0.04553,-0.01113,3812.27,4304.78
Case4_Lufkin_C114b,5.85694,0.04996,-0.00703,3809.46,4304.85
Case4_Lufkin_C114b,5.86536,0.05459,-0.00273,3806.69,4304.92
Case4_Lufkin_C114b,5.87377,0.05942,0.00177,3803.96,4305.0
Case4_Lufkin_C114b,5.88219,0.06445,0.00649,3801.27,4305.07
Case4_Lufkin_C114b,5.8906,0.06969,0.01141,3798.61,4305.14
Case4_Lufkin_C114b,5.89902,0.07513,0.01653,3796.0,4305.21
Case4_Lufkin_C114b,5.90743,0.08077,0.02187,3793.42,4305.28
Case4_Lufkin_C114b,5.91585,0.08661,0.02741,3790.88,4305.35
Case4_Lufkin_C114b,5.92426,0.09265,0.03315,3788.38,4305.41
Case4_Lufkin_C114b,5.93268,0.09889,0.0391,3785.91,4305.48
Case4_Lufkin_C114b,5.94109,0.10533,0.04525,3783.49,4305.54
Case4_Lufkin_C114b,5.94951,0.11197,0.0516,3781.1,4305.61
Case4_Lufkin_C114b,5.95792,0.1188,0.05816,3778.76,4305.67
Case4_Lufkin_C114b,5.96634,0.12584,0.06492,3776.45,4305.73
Case4_Lufkin_C114b,5.97475,0.13307,0.07188,3774.19,4305.79
Case4_Lufkin_C114b,5.98317,0.1405,0.07905,3771.96,4305.85
Case4_Lufkin_C114b,5.99158,0.14812,0.08641,3769.77,4305.91
