day,T_res_K,rh_m,oil_visc_res_Pa_s,water_bpd,spm,stroke_in,vfd_Hz,q_oil,q_liq,run_frac,pw_MPa,fillage,vol_eff,PPRL,MPRL,rod_float_index,goodman,torque,impact_lbf,unset_index,mu_liquid,kwh_day,drag_lbf,feasible
0.0,571.5691528320312,18.6779842376709,0.39200711250305176,195.90697674418607,10.0,86.0,75.0,9.656297110883628,205.5632738550697,0.9999999999999998,7.743301178584218,1.0,0.9110999147023982,8335.054269321945,5741.7040086701945,0.13996898306009323,0.4513753518148926,55757.03060401263,0.0,0.0,0.000706352099331864,39.625238670269816,1.1679783751764126,True
1.0,563.3876342773438,18.6779842376709,0.41693854331970215,188.22535431207376,10.0,86.0,75.0,13.121253917913236,201.346608229987,0.9999999999999998,6.40759120771746,1.0,0.8924107606560873,8675.359730867449,5742.470759783124,0.13997510252324388,0.4697943302771008,63057.112878313026,0.0,0.0,0.0008105518531236471,56.95791583459104,1.3402763824204311,True
2.0,558.8345336914062,18.6779842376709,0.4318310618400574,180.84493260374467,10.0,86.0,75.0,19.228100012265543,200.0730326160102,0.9999999999999998,4.06172157397376,1.0,0.8867660041220022,9273.166072214448,5743.716822666132,0.13999416711213217,0.5021500162237691,75883.15886528879,0.0,0.0,0.0010227368010756446,88.27335139504255,1.691131757495107,True
3.0,555.66357421875,18.6779842376709,0.4426664113998413,173.7539013698915,10.0,86.0,75.0,26.322471276177538,200.07637264606905,0.9999999999999998,1.3239340399003345,1.0,0.8867808078417749,9971.01173415978,5745.0292622877705,0.14003331262546295,0.5399195405796686,90858.62314524822,0.0,0.0,0.0013358385851189615,125.2557935246524,2.208856718371786,True
4.0,553.1758422851562,18.6779842376709,0.4514468312263489,166.94091344770618,9.8,86.0,73.5,28.118067226409913,195.0589806741161,0.9999999999999998,0.6,0.9948016997013179,0.8821863931020504,10118.335680657905,5782.4616981567015,0.13451428307971783,0.5473353355947452,93221.29062377587,532.986043074788,0.17766201435826265,0.0014714456314002201,131.62883414186098,2.3844260472389283,True
5.0,551.0863037109375,18.6779842376709,0.4590190649032593,160.39506660299813,10.0,86.0,75.0,28.027707467079164,188.42277407007728,0.9499999999999998,0.6,0.9912851543473338,0.8790837828882452,10155.028730749707,5745.601122428494,0.14006190638978372,0.5498752426157372,94802.6935789061,702.9554466296447,0.23431848220988158,0.001526505923322767,120.78280857601226,2.5241319587018407,True
6.0,549.2576904296875,18.6779842376709,0.4657982587814331,154.10588608429413,9.6,86.0,72.0,27.94557226896286,182.05145835325698,0.9499999999999998,0.6,0.9976542118774789,0.8847484371655528,10081.43265764436,5819.023940696632,0.129104779756289,0.5447936507285055,91641.78741437616,351.2468123353846,0.11708227077846153,0.0015852733072095376,116.66643431013173,2.516453685893851,True
7.0,547.615478515625,18.6779842376709,0.4720112085342407,148.06330786100074,9.8,86.0,73.5,27.869912981987,175.93322084298774,0.8999999999999999,0.6,0.9969000686824202,0.8840966573626795,10117.366201001254,5782.911548032047,0.13454230030191872,0.547276151209337,93190.775038838,412.0434646103843,0.13734782153679478,0.0016480743115273224,106.8031078626164,2.670646629635658,True
8.0,546.1146240234375,18.6779842376709,0.4777950346469879,142.25766251880867,10.0,86.0,75.0,27.799473967552185,170.05713648636086,0.8499999999999999,0.6,0.9998611116949657,0.886740238699938,10154.044428245383,5746.048958037779,0.1400926821832966,0.5498151948478567,94771.9026094635,0.0,0.0,0.0017152439784343864,97.494273085962,2.8362170606669106,True
9.0,544.7261962890625,18.6779842376709,0.4832375943660736,136.67965978656665,9.7,86.0,72.75,27.73339245557785,164.4130522421445,0.8499999999999999,0.6,0.9965532293416467,0.8838246544228694,10098.458628765391,5801.444916428303,0.1318375081529209,0.5459762913881165,92385.79481524738,429.9923931206683,0.14333079770688942,0.0017871419602410842,94.23410970943137,2.8664498483959915,True
10.0,543.429931640625,18.6779842376709,0.488400399684906,131.32037366986572,10.0,86.0,75.0,27.670975148677826,158.99134881854354,0.7999999999999998,0.6,0.9931829345890504,0.8808541138598778,10153.359959061605,5746.34828951824,0.14011809075738277,0.5497736215509478,94750.75089518237,622.3792089645816,0.2074597363215272,0.0018641534379879147,85.76610197764454,3.0824441601294033,True
11.0,542.211181640625,18.6779842376709,0.4933275878429413,126.17122816754382,9.7,86.0,72.75,27.611711061000822,153.78293922854465,0.7999999999999998,0.6,0.9903365241091239,0.8783486056636303,10097.757494808122,5801.750006335241,0.13186473483263436,0.5459338255528483,92364.16100216696,717.7627554394851,0.2392542518131617,0.0019466987321553194,82.9343689244393,3.122367674085907,True
12.0,541.058837890625,18.6779842376709,0.4980526864528656,121.22398354825421,10.0,86.0,75.0,27.555181646347048,148.77916519460126,0.7499999999999999,0.6,0.9913056431015353,0.8792276439669552,10152.659453072529,5746.6418505006895,0.14014833292326404,0.5497312675550222,94729.37845529454,702.2362755023871,0.2340787585007957,0.0020352342776296076,75.22375221692648,3.3653324268982407,True
13.0,539.96435546875,18.6779842376709,0.5026013255119324,116.47072316513763,9.6,86.0,72.0,27.50106336593628,143.97178653107392,0.7499999999999999,0.6,0.999221409846441,0.8862686302537955,10078.994496685764,5820.095153670601,0.1291968140210172,0.5446459330191595,91566.33587482607,0.0,0.0,0.0021302595236050736,72.76923838696598,3.3815616560923414,True
14.0,538.9207153320312,18.6779842376709,0.506994903087616,111.90384078749807,10.0,86.0,75.0,27.449089171886445,139.3529299593845,0.7,0.6,0.9947747475666778,0.8823452348304999,10151.949209740562,5746.923326305298,0.14018435454349187,0.5496885690982938,94708.05649385818,545.3769636542861,0.18179232121809535,0.0022323184291069193,65.74815539648435,3.6912180967125288,True
15.0,537.9223022460938,18.6779842376709,0.5112501382827759,107.51602842921116,9.7,86.0,72.75,27.399027965068818,134.91505639428,0.7,0.6,0.9928575254567372,0.8806657878503736,10096.3192632023,5802.330695594589,0.131935627733313,0.5458473922528111,92320.75420356581,617.917830282956,0.20597261009431864,0.0023420053762625514,63.63684518654364,3.7564116925690527,True
16.0,536.9644775390625,18.6779842376709,0.5153810381889343,103.30026465438701,9.4,86.0,70.5,27.350705137252806,130.65096979163982,0.7,0.6,0.9921386653117884,0.8800497509120006,10042.358009946249,5856.063905496714,0.12393914655180646,0.5421327313974056,90005.323245665,628.0063233139471,0.20933544110464902,0.002459970862042572,61.60800139841572,3.8235905389942118,True
17.0,536.043212890625,18.6779842376709,0.5193997025489807,99.24980334157505,9.8,86.0,73.5,27.30394094467163,126.55374428624668,0.6499999999999999,0.6,0.9926823197898176,0.8805541066415752,10113.838632470997,5784.349781964625,0.13471031800222802,0.5470637890851844,93084.010285887,631.8742760930196,0.2106247586976732,0.002586921116068631,55.42636409840999,4.192014954325359,True
18.0,535.1551513671875,18.6779842376709,0.5233166217803955,95.35816288853027,9.5,86.0,71.25,27.25861470222473,122.616777590755,0.6499999999999999,0.6,0.9921480696644616,0.8801028286769186,10059.3102944123,5838.639167216042,0.12663330856352212,0.5433066234460271,90744.42923471957,634.3427464914423,0.2114475821638141,0.0027236338322321764,53.687088940601846,4.278444347949591,True
19.0,534.2974853515625,18.6779842376709,0.5271399021148682,91.61911584026689,9.9,86.0,74.25,27.214605724811552,118.83372156507843,0.5999999999999999,0.6,0.9995519934291769,0.8866939261486294,10131.564121687732,5766.140951441949,0.137522539896922,0.548295962684087,93856.59816028435,0.0,0.0,0.0028709546881199428,48.044776477878386,4.69975365693279,True
20.0,533.4677734375,18.6779842376709,0.5308769345283508,88.02667892380174,9.6,86.0,72.0,27.171813869476317,115.19849279327806,0.5999999999999999,0.6,0.9992284214719792,0.8864307104465604,10076.472911836212,5820.98235892976,0.12936565130643995,0.5444964568816751,91493.04688748873,0.0,0.0,0.0030298093583870614,46.56258428602365,4.809501864943111,True
21.0,532.6636352539062,18.6779842376709,0.5345354080200195,84.57510347364112,9.4,86.0,70.5,27.130131289958953,111.70523476360007,0.5999999999999999,0.6,0.989516325735342,0.877839061460661,10040.557549574147,5856.642539340916,0.12407937575686859,0.5420269626988171,89954.17272001451,724.3609271269863,0.2414536423756621,0.003201205487441081,45.1428049446336,4.975708941931463,True
22.0,531.8832397460938,18.6779842376709,0.5381205677986145,81.25886623268934,9.9,86.0,74.25,27.089496359825137,108.34836259251448,0.5499999999999999,0.6,0.9941246411065263,0.8819519983229269,10130.557779851226,5766.381781628208,0.13762639082736616,0.5482378845844542,93829.78396179492,572.4583667150913,0.1908194555716971,0.0033862502451780445,40.16331431871671,5.54329263325531,True
23.0,531.1248779296875,18.6779842376709,0.5416377782821655,78.07266051385925,9.6,86.0,72.0,27.04982691049576,105.122487424355,0.5499999999999999,0.6,0.9946393971972822,0.8824339051856189,10075.467444473632,5821.206293730785,0.12947630042624575,0.5444387898290405,91466.61474097124,530.3888532982792,0.17679628443275971,0.003586147808861707,38.95805098952407,5.692630305909376,True
24.0,530.3870239257812,18.6779842376709,0.5450916886329651,75.01138770824056,9.3,86.0,69.75,27.011063883304598,102.02245159154516,0.5499999999999999,0.6,0.9964176347135756,0.8840373164097302,10022.049397917712,5874.353276145023,0.12157895256896609,0.540766080787246,89175.46661811283,420.42134820776687,0.14014044940258896,0.0038022171450179817,37.79959032691533,5.84700447382428,True
25.0,529.6683959960938,18.6779842376709,0.5484862327575684,72.07014912623792,9.9,86.0,74.25,26.973148219585422,99.04329734582335,0.49999999999999994,0.6,0.9995356175361395,0.8868299909383514,10129.656303717089,5766.470131404965,0.1377617040423467,0.5481877722871629,93808.5027047107,0.0,0.0,0.00403589397938788,33.396249647653754,6.6067596145316765,True
26.0,528.9676513671875,18.6779842376709,0.5518254637718201,69.24423815862242,9.7,86.0,72.75,26.936025996208194,96.18026415483061,0.49999999999999994,0.6,0.9906254179916782,0.8789510861118903,10092.66367750035,5803.181419887657,0.13232410950011084,0.5456370519287657,92223.8685386729,707.3341841094054,0.2357780613698018,0.004288750555312396,32.42990435453871,6.878853864202851,True
27.0,528.2837524414062,18.6779842376709,0.5551124811172485,66.52913274495273,9.4,86.0,70.5,26.899653561115265,93.42878630606799,0.49999999999999994,0.6,0.9929667654995148,0.8810556274240355,10038.7070858387,5856.851659613803,0.12435258764892354,0.5419239705720046,89909.89166383527,594.4404558462998,0.19814681861543326,0.0045624984930183726,31.49591598895761,7.0915986612928,True
28.0,527.61572265625,18.6779842376709,0.558350682258606,63.9204881373136,9.1,86.0,68.25,26.86398983001709,90.78447796733069,0.49999999999999994,0.6,0.9966403403273563,0.8843428812163967,9986.425615135431,5908.841859445928,0.11663411730830035,0.5383367430129672,87668.05074732433,398.4808653671136,0.1328269551223712,0.004859008042933786,30.598057621297336,7.311434134808991,True
29.0,526.962646484375,18.6779842376709,0.5615425705909729,61.41412994779227,9.8,86.0,73.5,26.828983447551725,88.243113395344,0.44999999999999996,0.6,0.999462860972444,0.88687561353435,10110.267111824023,5784.704282642453,0.13524678019639874,0.5468652946697101,92999.60082740376,0.0,0.0,0.00518031273914987,26.818584228763953,8.394515138366627,True
30.0,526.3236694335938,18.6779842376709,0.564690887928009,59.00604746856723,9.6,86.0,72.0,26.7946164393425,85.80066390790974,0.44999999999999996,0.6,0.992012809929851,0.8802932702850191,10073.710339497193,5820.960277297503,0.12988230465518377,0.5443475062010003,91434.12633729336,646.7016476678807,0.21556721588929356,0.005528636449869228,26.079769333267357,8.776125548174377,True
31.0,525.6980590820312,18.6779842376709,0.5677981376647949,56.69238725392006,9.3,86.0,69.75,26.760845153331754,83.45323240725182,0.44999999999999996,0.6,0.995964405186202,0.8838288644567791,10020.361736790144,5874.003535230382,0.1220101594727359,0.5406801839949779,89146.70133353489,446.2209755780563,0.14874032519268543,0.005906394640609887,25.36364598344066,9.082783694526327,True
32.0,525.0850830078125,18.6779842376709,0.5708662867546082,54.46944695390018,9.1,86.0,68.25,26.72763877630234,81.19708573020252,0.44999999999999996,0.6,0.9903032049017078,0.8788343356187422,9985.689527373845,5908.36597096808,0.11693191016239786,0.5383040538814148,87662.45646272395,674.9092939734674,0.22496976465782245,0.006316216854177643,24.681872407564946,9.504121644262032,True
33.0,524.4841918945312,18.6779842376709,0.5738970041275024,52.33366938977496,9.9,86.0,74.25,26.694979333877562,79.02864872365252,0.39999999999999997,0.6,0.9966813939546446,0.8845244669454455,10128.35383879487,5765.387602546364,0.13835883801863105,0.5481335430868055,93803.7740793429,430.9349348337847,0.14364497827792824,0.006760964242541861,21.42448394877521,11.067700425493603,True
34.0,523.8946533203125,18.6779842376709,0.5768929719924927,50.281636861784996,9.7,86.0,72.75,26.662823173999787,76.94446003578479,0.39999999999999997,0.6,0.9903706277729085,0.8789539272042702,10091.550846269934,5801.872419247099,0.13296455889085368,0.5455964359694633,92228.08618099103,716.9765307817456,0.23899217692724853,0.007243739895145428,20.8687119939672,11.61844866619246,True
35.0,523.3161010742188,18.6779842376709,0.5798550248146057,48.31006568009519,9.4,86.0,70.5,26.631165161132813,74.941230841228,0.39999999999999997,0.6,0.9953367828373633,0.8833919898954538,10037.750460158042,5855.350674356411,0.12503239986399076,0.5418945574658068,89921.59539473508,484.73690672722324,0.16157896890907442,0.007767919672630725,20.32747949010674,12.073860152667065,True
36.0,522.7479248046875,18.6779842376709,0.5827851295471191,46.415800910190555,9.2,86.0,69.0,26.599977049827576,73.01577796001813,0.39999999999999997,0.6,0.9908108541188584,0.8794059068470796,10002.853676356604,5889.921553329498,0.11992717027002243,0.5395008948117617,88428.0406450828,664.4868397935006,0.2214956132645002,0.008337154772757153,19.815009879910882,12.682919998038876,True
37.0,522.189697265625,18.6779842376709,0.5856844186782837,44.595811324307874,8.9,86.0,66.75,26.5692382979393,71.16504962224718,0.39999999999999997,0.6,0.9982130182234372,0.8860071747824592,9951.876230341213,5940.569510033476,0.11242124498444188,0.5360101855749521,86243.09448661635,284.5395731048206,0.09484652436827352,0.008955404310214922,19.314610031955915,13.179191427074352,True
38.0,521.640869140625,18.6779842376709,0.5885552167892456,42.847184550824586,9.9,86.0,74.25,26.53891809225082,69.3861026430754,0.35,0.6,0.9999083205869591,0.8875436793401683,10129.109956023935,5763.00291323964,0.13901207483568728,0.5482102803748481,93871.30141986234,0.0,0.0,0.009626943128115633,16.585937896941154,15.759308692215496,True
39.0,521.1012573242188,18.6779842376709,0.5913974642753601,41.16712241384284,9.7,86.0,72.75,26.509019000530245,67.67614141437309,0.35,0.6,0.9953390564850697,0.8835198085406434,10092.56464417336,5799.2121736833515,0.1336640529647036,0.545690979240678,92307.07811553522,500.157061950389,0.16671902065012967,0.010356398873245654,16.194100899958006,16.610934464399673,True
40.0,520.5703125,18.6779842376709,0.5942131280899048,39.552936455511094,9.5,86.0,71.25,26.479510209560395,66.03244666507149,0.35,0.6,0.9915740338123332,0.8802098410901733,10056.809373437229,5834.628434139758,0.12843579404686922,0.5432311209945633,90776.89019489565,657.3915107435267,0.21913050358117558,0.011148755728915678,15.818401955743445,17.513121760555283,True
41.0,520.0477294921875,18.6779842376709,0.5970034003257751,38.00204363391799,9.2,86.0,69.0,26.450376312732697,64.45241994665069,0.35,0.6,0.9993711449300028,0.8871638493995456,10004.382301355461,5886.7137621664215,0.12071898301306956,0.5396306053357351,88529.87359256441,0.0,0.0,0.012009376847987254,15.44792996441566,18.269298092801435,True
42.0,519.533203125,18.6779842376709,0.5997688174247742,36.51196218967418,9.0,86.0,67.5,26.42160703897476,62.933569228648935,0.35,0.6,0.9974684917950092,0.8855075930980609,9970.572550999452,5920.179266143256,0.11578474291262213,0.537315907807808,87083.45562440822,342.4063882994742,0.1141354627664914,0.012944037366427135,15.102015800185148,19.26308447470669,True
43.0,519.0263671875,18.6779842376709,0.6025110483169556,35.080307674567884,8.8,86.0,66.0,26.39318698167801,61.47349465624589,0.35,0.6,0.996433649369006,0.8846218586232432,9937.558893032461,5952.846416038074,0.11097087728182026,0.5350599388048777,85671.31825537937,397.1871126284727,0.1323957042094909,0.013958930797158509,14.77030925136269,20.31179890006189,True
44.0,518.5269165039062,18.6779842376709,0.6052305698394775,33.70478913593902,10.0,86.0,75.0,26.365103302001952,60.06989243794098,0.3,0.6,0.9996098510105406,0.8874749016852892,10151.857863472653,5738.198922453251,0.14309063369219874,0.5498151106348347,94893.66723191716,0.0,0.0,0.015060687906210186,12.542856760484495,24.90338431268665,True
45.0,518.0347290039062,18.6779842376709,0.6079279780387878,32.38320545066617,9.8,86.0,73.5,26.337345728874208,58.72055117954038,0.3,0.6,0.9970601706999367,0.8852445734962793,10115.492748229231,5774.213751388211,0.13777627714234092,0.5473051705599657,93337.49843208196,401.750758191656,0.13391691939721867,0.016256396599669515,12.290072113138146,26.342920634867383,True
46.0,517.54931640625,18.6779842376709,0.6106048226356506,31.1134418029,9.6,86.0,72.0,26.309893720149997,57.42333552305,0.3,0.6,0.9953093419315555,0.8837235083492094,10079.952697492505,5809.40201353251,0.13258640006038394,0.5448570979348751,91816.8397051399,496.69806921241417,0.16556602307080473,0.017553624438958196,12.048412813676828,27.864521984519907,True
47.0,517.0706787109375,18.6779842376709,0.6132609248161316,29.893466299906745,9.4,86.0,70.5,26.28274984359741,56.176216143504156,0.3,0.6,0.9943723680791339,0.8829250833264283,10045.240767685786,5843.760910121738,0.12752134992431213,0.5424707548106757,90331.81693762705,532.4845486081806,0.1774948495360602,0.01896041718464243,11.817402224490595,29.470622144843702,True
48.0,516.5984497070312,18.6779842376709,0.6158975958824158,28.721326720606275,9.2,86.0,69.0,26.255896124839783,54.97722284544606,0.3,0.6,0.9942666299782968,0.882864788280097,10011.359751230735,5877.287917364996,0.12258142970734696,0.5401459931130593,88882.54442811338,526.0203673450966,0.17534012244836553,0.020485329257450596,11.596564924727883,31.163364383579612,True
49.0,516.1324462890625,18.6779842376709,0.6185154914855957,27.595147391601934,9.0,86.0,67.5,26.229324860572813,53.82447225217474,0.3,0.6,0.9950126607050553,0.883560915119944,9978.312041007373,5909.980910612636,0.11776688149204372,0.5378826456592931,87469.11930348686,480.1380704948404,0.16004602349828015,0.022137407644900697,11.385430376763212,32.944493394370205,True
50.0,515.67236328125,18.6779842376709,0.6211157441139221,26.51312618570292,8.8,86.0,66.0,26.20301807641983,52.716144262122754,0.3,0.6,0.9966340593315399,0.885034480962556,9946.099610724075,5941.838190262133,0.1130778815219348,0.5356805249341061,86091.6205399318,386.0070282266225,0.12866900940887416,0.02392622396198715,11.183528578557166,34.815320500955025,True
51.0,515.2181396484375,18.6779842376709,0.6236980557441711,25.47353163813628,8.6,86.0,64.5,26.176980907917024,51.65051254605331,0.3,0.6,0.9991584360351551,0.8873100689307385,9914.7238742314,5972.858610019407,0.10851452346688097,0.5335394138620156,84750.10318055787,0.0,0.0,0.025861857635816277,10.990394665613794,36.77661299601539,True
52.0,514.76953125,18.6779842376709,0.6262635588645935,24.474700175833917,8.5,86.0,63.75,26.151195380687714,50.62589555652163,0.3,0.6,0.9908214278153799,0.8799399158370241,9900.420404558596,5986.806873079394,0.10649976200275103,0.5325673338483438,84142.69092680285,613.9440519913586,0.20464801733045287,0.027954872938736854,10.824260689369499,39.29072206129655,True
53.0,514.326416015625,18.6779842376709,0.6288124322891235,23.515033455360733,10.0,86.0,75.0,26.125658926963805,49.64069238232454,0.25,0.6,0.9909325943995683,0.8800721986397462,10169.223306337808,5717.649145474974,0.146734179710098,0.5510660962982823,95708.84445855093,717.9674403932978,0.23932248013109927,0.030216380160964767,9.18368150143337,49.96386170225739,True
54.0,513.8885498046875,18.6779842376709,0.6313454508781433,22.592995805224156,9.8,86.0,73.5,26.100361275672913,48.69335708089707,0.25,0.6,0.9918212212509872,0.8808949355270985,10134.36646642274,5752.1518126549545,0.14164948436106803,0.5486578980075959,94217.61505600739,668.5666418905607,0.22285554729685358,0.03265795138164373,9.06093921910459,52.92106501397044,True
55.0,513.455810546875,18.6779842376709,0.6338633298873901,21.707111768472107,9.6,86.0,72.0,26.075289587974545,47.782401356446655,0.25,0.6,0.9935048893057931,0.8824237947052553,10100.401879480458,5785.763151264056,0.13669837793196218,0.5463158428374525,92764.73265665268,584.1490848964878,0.1947163616321626,0.03529158474769836,8.94475848953724,56.021657663376104,True
56.0,513.028076171875,18.6779842376709,0.6363661289215088,20.85596374164711,9.4,86.0,70.5,26.050451567173003,46.906415308820115,0.25,0.6,0.9960043423105975,0.8846772564237149,10067.330606898193,5818.482361412599,0.13188089896632366,0.5440396462568489,91350.2372779403,449.2035922471121,0.14973453074903736,0.03812981585229691,8.83473625086922,59.266069121395525,True
57.0,512.6051025390625,18.6779842376709,0.6388548016548157,20.03818970631832,9.2,86.0,69.0,26.025824103355408,46.064013809673725,0.25,0.6,0.999342669044851,0.8876758852749741,10035.152544597324,5850.309815850222,0.12719690884919302,0.5418289539062043,89974.1186680627,0.0,0.0,0.0411854928226347,8.730451537935068,62.65354605819977,True
58.0,512.1868896484375,18.6779842376709,0.641329288482666,19.252481049561435,9.1,86.0,68.25,26.00141489982605,45.253895949387484,0.25,0.6,0.9925188920948279,0.8816476478401905,10021.494331689597,5863.619129217646,0.12527579914780046,0.5408947289158218,89394.31685314694,594.0417885643446,0.19801392952144822,0.04447188133353478,8.658033431178353,66.91761535444155,True
59.0,511.77325439453125,18.6779842376709,0.643790066242218,18.49758046989886,8.9,86.0,66.75,25.97720854997635,44.47478901987521,0.25,0.6,0.9973139700963426,0.8859401040867573,9990.782792193186,5893.983734189189,0.12081051737020887,0.5387900951020269,88081.17974708597,348.980227631892,0.116326742543964,0.04800254875416085,8.565408013189556,70.64279368123499,True
60.0,511.364013671875,18.6779842376709,0.6462379097938538,17.772279965349096,8.8,86.0,66.0,25.95319991827011,43.7254798836192,0.25,0.6,0.9916167202563286,0.8809117116278102,9978.149984170643,5906.271820106645,0.11904170582115817,0.537928358637679,87545.38052737598,607.878940528088,0.20262631350936267,0.05179136266829404,8.507159699088337,75.36220062733618,True
61.0,510.9591064453125,18.6779842376709,0.6486728191375732,17.075418900365825,8.6,86.0,64.5,25.92938900470734,43.004807905073164,0.25,0.6,0.9979172284948205,0.8865414227805812,9948.906635048212,5935.172898798742,0.11479493953440445,0.5359291034106428,86295.27532936362,297.0557888937883,0.09901859629792943,0.055852379038400866,8.424635506651903,79.42435372304217,True
62.0,510.55841064453125,18.6779842376709,0.6510952115058899,16.40588214857346,8.5,86.0,63.75,25.905768105983736,42.31165025455719,0.25,0.6,0.9933473901798248,0.8825138096929797,9937.313579250818,5946.426370656134,0.1131801570870148,0.5351403775100808,85804.07498478571,523.5436151383037,0.17451453837943456,0.060199790110980915,8.379267106180297,84.61112402773155,True
63.0,510.16180419921875,18.6779842376709,0.653505802154541,15.762598308327007,8.4,86.0,63.0,25.882332086563114,41.644930394890125,0.25,0.6,0.989298303927976,0.8789482909685696,9926.18804388429,5957.215234854584,0.11163434396159304,0.5343840710243478,85332.91539413869,654.8958967265228,0.21829863224217427,0.06484785288012945,8.34090545451127,90.07171851870307,True
64.0,509.7691955566406,18.6779842376709,0.6559039950370789,15.144537988240863,8.2,86.0,61.49999999999999,25.859078378677367,41.00361636691823,0.25,0.6,0.9977854329114056,0.886520495938921,9898.981664075296,5984.088073493714,0.10768981961198779,0.5325293687263847,84170.21219750404,292.0757209217139,0.09735857364057131,0.06981085669037745,8.271289914147827,94.65648683723286,True
65.0,509.3804626464844,18.6779842376709,0.6582913994789124,14.550712159942991,8.1,86.0,60.75,25.835999279022214,40.38671143896521,0.25,0.6,0.9948713374428511,0.8839627087721339,9888.90476338102,5993.834773226654,0.10629878447457339,0.5318460917088498,83744.00478831888,438.4343265982282,0.14614477553274274,0.07510289787499994,8.243755314305151,100.59010821711253,True
66.0,508.99554443359375,18.6779842376709,0.6606676578521729,13.980170575418516,8.0,86.0,60.0,25.813087084293365,39.793257659711884,0.25,0.6,0.9924707483425677,0.8818606791857116,9879.301730506235,6003.111146354542,0.10497739638643146,0.5311954566008804,83338.0975592614,524.0515350945752,0.17468384503152506,0.08073788940770696,8.222281043545845,106.80238252258003,True
67.0,508.6142883300781,18.6779842376709,0.6630330085754395,13.432000246410167,7.9,86.0,59.25,25.79033922672272,39.222339473132884,0.25,0.6,0.9905799835711343,0.8802111679081153,9870.173976709326,6011.915971378081,0.10372578415739611,0.5305775071987827,82952.54711462176,578.3117349052769,0.19277057830175898,0.08672958403514835,8.206559900150287,113.29426245375922,True
68.0,508.23663330078125,18.6779842376709,0.6653879880905151,12.90532398344229,7.8,86.0,58.5,25.76775827407837,38.67308225752066,0.25,0.6,0.989196221526929,0.8790116999592956,9861.521276622394,6020.249651918005,0.10254383660480335,0.5299921782956448,82587.33993114438,611.0867292310639,0.20369557641035466,0.09309119239069194,8.196265789625446,120.06509188966479,True
69.0,507.862548828125,18.6779842376709,0.6677322387695312,12.399298992130548,7.7,86.0,57.75,25.745336523056032,38.14463551518658,0.25,0.6,0.9883171217800494,0.8782602272316938,9853.34198698595,6028.114002572112,0.10143123372540613,0.5294393107735976,82242.40166489754,627.0579658642462,0.20901932195474873,0.09983551087349336,8.191055807686812,127.11281352688647,True
70.0,507.49188232421875,18.6779842376709,0.6700668334960938,11.913115524531076,7.6,86.0,57.0,25.72306370258331,37.63617922711438,0.25,0.6,0.9879410231910545,0.8779553048116879,9845.632676633508,6035.512616129976,0.10038739259417068,0.5289186266262847,81917.58130082594,628.6989035176778,0.20956630117255926,0.10697460534459732,8.190567137883363,134.43360563211425,True
71.0,507.1246032714844,18.6779842376709,0.6723913550376892,11.445995583371047,7.5,86.0,56.25,25.70094751596451,37.14694309933556,0.25,0.6,0.9880675003768614,0.8780965861472247,9838.388466496754,6042.45051710967,0.09941152034755177,0.5284297523930706,81612.6659118223,617.2241958232407,0.2057413986077469,0.1145200491726913,8.194427210297043,142.02223765353332,True
72.0,506.7606201171875,18.6779842376709,0.6747068166732788,10.997191677087036,8.6,74.0,64.5,25.678972556591035,36.67616423367807,0.25,0.6,0.9998745753207146,0.8786838831414624,9914.478383616839,5966.05882023086,0.11085386287642343,0.5336250546690255,73045.76192264067,0.0,0.0,0.12248241349637352,8.202239692993066,149.87148721506972,True
73.0,506.3997802734375,18.6779842376709,0.6770130395889282,10.56598562367905,7.3,86.0,54.75,25.657146527767182,36.22313215144623,0.25,0.6,0.9898286184634925,0.8797182704550354,9825.266059008305,6054.974018401101,0.0976590682257683,0.5275452902044104,81061.2788730549,555.1922875530393,0.18506409585101308,0.1308714191914757,8.213597573903213,157.97240641442065,True
74.0,506.0421447753906,18.6779842376709,0.6793099641799927,10.151687401466104,7.2,86.0,54.0,25.635461726188662,35.787149127654764,0.25,0.6,0.9914660294650652,0.881201196491628,9819.368789098822,6060.578932881637,0.09687953391300445,0.5271483373804717,80813.98190866952,502.0086586268001,0.1673362195422667,0.13969584835378412,8.228077999821197,166.3142867361813,True
75.0,505.68756103515625,18.6779842376709,0.681597888469696,9.753634044904324,7.1,86.0,53.25,25.613913016319273,35.3675470612236,0.25,0.6,0.9936110602395346,0.8831349309701432,9813.898065720727,6065.762177851176,0.09616199682931445,0.5267804369522154,80584.92158919536,428.80375798326605,0.14293458599442202,0.14896314738169905,8.24524122940872,174.88427068210862,True
76.0,505.33599853515625,18.6779842376709,0.6838774085044861,9.371188583700631,7.0,86.0,52.5,25.59250039815903,34.96368898185966,0.25,0.6,0.996267263718949,0.8855226617547547,9808.839689694541,6070.538046219683,0.09550429597102822,0.5264405974891172,80373.4853347095,323.58652407554996,0.10786217469184999,0.1586798333505104,8.264641120030081,183.66793257032904,True
77.0,504.98736572265625,18.6779842376709,0.6861487030982971,9.003739023524382,6.9,86.0,51.75,25.571213600635527,34.574952624159906,0.25,0.6,0.999438826269479,0.8883681393405064,9804.17738412186,6074.922900788483,0.0949039642809044,0.5261276894271253,80178.97139166763,0.0,0.0,0.1688509966563399,8.28581729191484,192.648787915563,True
78.0,504.6416015625,18.6779842376709,0.6884115934371948,8.650697366685877,6.9,86.0,51.75,25.550065462589263,34.20076282927514,0.25,0.6,0.9885934249744212,0.8787537142549403,9815.646806204148,6063.181153324948,0.09670526970921627,0.5269112598763707,80678.0115369028,555.4590145480818,0.1851530048493606,0.17948039737354454,8.38942144677477,204.77629207596792,True
79.0,504.2986755371094,18.6779842376709,0.6906661987304688,8.311498671214602,6.8,86.0,51.0,25.529038009643553,33.84053668085816,0.25,0.6,0.9925374191954383,0.8822848071572958,9811.717098925083,6066.843727896151,0.09621056865912855,0.5266478910477902,80514.77747712204,443.6656192724444,0.14788853975748148,0.1905703894274739,8.416501484246032,214.27815380930878,True
80.0,503.95855712890625,18.6779842376709,0.6929131150245667,7.985600146831558,6.7,86.0,50.25,25.508131241798402,33.49373138862996,0.25,0.6,0.9969998178646434,0.8862764346160474,9808.130919945826,6070.168018759653,0.0957653146296081,0.5264078502094884,80366.20237550275,277.80320929036424,0.09260106976345475,0.2021215832503146,8.443995393766647,223.92421268766498,True
81.0,503.62109375,18.6779842376709,0.695152759552002,7.672480286369002,6.7,86.0,50.25,25.487350294589994,33.159830580958996,0.25,0.6,0.9870334812308343,0.8774410972239736,9820.818880680394,6057.223455251531,0.09774243842437187,0.5272742694001961,80917.30164672059,574.6527797228397,0.19155092657427988,0.21413387900488814,8.56537844774259,237.23226136885432,True
82.0,503.28631591796875,18.6779842376709,0.6973844170570374,7.371638031247733,6.6,86.0,49.5,25.466684896945953,32.83832292819368,0.25,0.6,0.9922467892806187,0.8820993567032751,9817.867893961899,6059.92315964618,0.09738815922024575,0.52707715632821,80795.811787788,438.8937199047404,0.14629790663491346,0.22660462619603466,8.59623032478269,247.30122586042685,True
83.0,502.9541015625,18.6779842376709,0.6996093988418579,7.082591969676445,6.5,86.0,48.75,25.446135048866275,32.52872701854272,0.25,0.6,0.9979870671272384,0.8872258417991703,9815.193066877831,6062.352047961285,0.09707323495134591,0.5268987747176174,80686.08190670575,220.88524794458039,0.07362841598152679,0.23953034795558903,8.626079326097454,257.44677968523877,True
84.0,502.62445068359375,18.6779842376709,0.7018264532089233,6.804879566290179,6.5,86.0,48.75,25.425700750350952,32.23058031664113,0.25,0.6,0.9888143358493854,0.8790938463963532,9828.987365125105,6048.317168643366,0.0992093116634726,0.5278406079617689,81284.40922435741,518.3094061854475,0.17276980206181583,0.25290557475547043,8.762064957236463,271.8224489754934,True
85.0,502.29736328125,18.6779842376709,0.7040368914604187,6.538056421995044,6.4,86.0,48.0,25.4053768658638,31.943433287858845,0.25,0.6,0.9952922861713633,0.8848753354036982,9826.820710784403,6050.248606335659,0.09896636988146888,0.527696544134748,81196.30024564799,332.16873726503655,0.11072291242167885,0.26672354364750733,8.79258188055315,282.26360778462373,True
86.0,501.9726867675781,18.6779842376709,0.7062402367591858,6.281695562834864,6.4,86.0,48.0,25.385163395404817,31.66685895823968,0.25,0.6,0.9866504488755579,0.8772138608063877,9841.348039429908,6035.491422649186,0.10120766626813836,0.5286887557527898,81825.91726078553,556.9344914098464,0.18564483046994879,0.2809759389271042,8.938389096869354,297.3463877153977,True
87.0,501.6504211425781,18.6779842376709,0.7084371447563171,6.0353867567417465,6.3,86.0,47.25,25.36505263566971,31.400439392411457,0.25,0.6,0.9938549701663913,0.8836405705061497,9839.595988376012,6037.018971286372,0.10102276076666149,0.5285726746313929,81755.40586742728,373.32207477736387,0.12444069159245462,0.2956527630831281,8.96778794333309,307.9896011159247,True
88.0,501.33050537109375,18.6779842376709,0.7106273770332336,5.798735857077261,7.3,74.0,54.75,25.34505485773087,31.14379071480813,0.25,0.6,0.9997277232148222,0.8790140467723947,9911.35979843125,5965.035990876203,0.1117828661171269,0.533472071445293,73006.99043976837,0.0,0.0,0.3107429214131146,9.097979491244729,322.75348082917884,True
89.0,501.0129699707031,18.6779842376709,0.7128109931945801,5.571364171913728,6.2,86.0,46.5,25.325154654979702,30.89651882689343,0.25,0.6,0.993631867121883,0.8834832729592755,9853.345749702115,6022.8361793118875,0.10321664538025546,0.5295155335374874,82355.95576338994,373.98166144927654,0.12466055381642552,0.326233379707107,9.148467208544288,334.451883888788,True
90.0,500.69769287109375,18.6779842376709,0.7149884104728699,5.352907858046338,7.2,74.0,54.0,25.305357162952422,30.658265020998762,0.25,0.6,0.9977576318156328,0.8773285870489919,9926.406791354017,5949.566554130795,0.11416525760801872,0.5345072708098676,73571.5443886296,219.7535810545411,0.07325119368484703,0.3421103416624448,9.303023554346924,350.46570747689617,True
91.0,500.3846435546875,18.6779842376709,0.7171601057052612,5.143017338766405,6.1,86.0,45.75,25.285657246112823,30.42867458487923,0.25,0.6,0.9945844169985194,0.884369328918247,9867.879437110569,6007.890564181336,0.10551972018769101,0.5305122785704837,82989.7607679785,339.49413295281977,0.11316471098427326,0.35835822395010014,9.33135786343816,361.46043947078806,True
92.0,500.0738220214844,18.6779842376709,0.7193251252174377,4.941356744464048,6.1,86.0,45.75,25.2660600399971,30.20741678446115,0.25,0.6,0.9873314387939045,0.8779387625152365,9884.146872074352,5991.424978886079,0.1080084625323106,0.5316250832561357,83693.5207035479,517.3604269391386,0.17245347564637953,0.3749607708575405,9.4977693065769,378.20671038191233,True
93.0,499.76513671875,18.6779842376709,0.7214841246604919,4.747603375165162,6.0,86.0,45.0,25.246555273532866,29.99415864869803,0.25,0.6,0.9966797874502052,0.8862697074207937,9882.99361597016,5992.385230595191,0.10790181295125659,0.5315491564072703,83648.08028556185,261.75154683194313,0.08725051561064771,0.3919002606697822,9.513240746784014,388.81263051778654,True
94.0,499.45855712890625,18.6779842376709,0.7236381769180298,4.561447184142614,6.0,86.0,45.0,25.22714294672012,29.788590130862737,0.25,0.6,0.9898289613927695,0.8801955530399133,9899.661498039652,5975.529434890765,0.11044641922014233,0.532690105819033,84368.83935770107,456.5622256093772,0.15218740853645907,0.4091582101064136,9.683470932430044,405.934611264448,True
95.0,499.15411376953125,18.6779842376709,0.725785493850708,4.382590281775327,5.9,86.0,44.25,25.207830762863157,29.590421044638482,0.25,0.6,0.9998896364115617,0.8891593603053233,9898.476470050042,5976.531578694718,0.11033154438244012,0.5326118008837162,84321.81516413947,0.0,0.0,0.42671546423889123,9.690995945986424,416.2976462913225,True
96.0,498.8516845703125,18.6779842376709,0.7279281616210938,4.210746458861338,5.9,86.0,44.25,25.188600747585298,29.399347206446635,0.25,0.6,0.9934140934750921,0.8834178032155661,9915.447016045247,5959.383117014195,0.1129175499672403,0.5337742817656459,85055.37382916763,361.9326516444576,0.1206442172148192,0.4445513944193409,9.863547941560471,433.69813063229014,True
97.0,498.55133056640625,18.6779842376709,0.730064868927002,4.045640728622016,5.9,86.0,44.25,25.169460604190828,29.215101332812843,0.25,0.6,0.9871700316858835,0.8778814188940324,9932.681065440893,5941.976050730116,0.11554094104673444,0.5349558133791399,85800.1578162817,503.58369744129004,0.16786123248043,0.46264528782339454,10.040220811704689,451.35028029081917,True
98.0,498.2529296875,18.6779842376709,0.7321961522102356,3.8870088866645425,5.8,86.0,43.5,25.150407764911655,29.037416651576198,0.25,0.6,0.9980647586279798,0.8875860220145257,9931.285212612602,5943.203714033078,0.1153895748325892,0.5348627318247057,85743.75221945977,193.32750237954681,0.06444250079318227,0.48097596406743587,10.035083225550599,461.2803229638951,True
99.0,497.95648193359375,18.6779842376709,0.7343223094940186,3.7345970881985218,4.8,86.0,36.0,25.131447365283968,28.86604445348249,0.3,0.6,0.9990469855621499,0.8884751066526294,9767.150293538507,6107.175194955766,0.09101472115847785,0.5236818290053957,78689.46461952894,0.0,0.0,0.4995215417642696,10.158271361074956,396.46880422428166,True
100.0,497.6619567871094,18.6779842376709,0.7364436388015747,3.588161441830157,4.8,86.0,36.0,25.11257170200348,28.700733143833634,0.3,0.6,0.993308676430744,0.8833869490525176,9781.639167057017,6092.527557898295,0.0932252117731914,0.524667274710911,79315.89959691258,296.8062900403873,0.09893543001346243,0.5182598362114642,10.295705405128613,411.34133437872225,True
101.0,497.36932373046875,18.6779842376709,0.7385593056678772,3.4474676192839877,5.7,86.0,42.75,25.093778207302094,28.54124582658608,0.25,0.6,0.9981702163803309,0.8877251869156477,9964.410439060077,5909.602116700933,0.12047931028331901,0.5371388298437593,87178.37893072164,184.76425063490592,0.06158808354496864,0.5371684752716571,10.371166493766886,506.2895165402999,True
102.0,497.07855224609375,18.6779842376709,0.7406705021858215,3.3122904804276576,5.7,86.0,42.75,25.07505661010742,28.38734709053508,0.25,0.6,0.9927719870839884,0.8829384377647155,9982.010027671411,5891.852871827427,0.12314857941596721,0.5383483098798633,87938.37885064566,366.23257065709845,0.12207752355236615,0.5562251811949941,10.54945994168615,524.2507537925374,True
103.0,496.78961181640625,18.6779842376709,0.74277663230896,3.182413712999668,4.7,86.0,35.25,25.056427452564243,28.23884116556391,0.3,0.6,0.9980689856172918,0.8876632461487121,9807.531358565564,6066.186309584646,0.09723115145677391,0.5264326240051056,80438.91855308975,156.5040401443819,0.05216801338146063,0.5754077720411936,10.507052632424488,447.1849132825971,True
104.0,496.50250244140625,18.6779842376709,0.7448775768280029,3.0576294864636133,4.7,86.0,35.25,25.03787789583206,28.095507382295676,0.3,0.6,0.9929880070755683,0.88315767417454,9822.178813181172,6051.3979639287645,0.09945869750769856,0.5274307960058592,81071.78825892675,297.4759232290754,0.09915864107635847,0.5946932319511902,10.646699034112403,462.17283512952235,True
105.0,496.2171630859375,18.6779842376709,0.7469744682312012,2.937738119434981,4.7,86.0,35.25,25.0193976688385,27.957135788273483,0.3,0.6,0.9880830106768652,0.8788080842744314,9836.899752700087,6036.540387124157,0.10169560811953193,0.528434713389417,81707.72635988251,386.8525318449733,0.12895084394832446,0.6140600205978416,10.78806696383591,477.2239625600625,True
106.0,495.93359375,18.6779842376709,0.7490660548210144,2.822547760148336,4.7,86.0,35.25,25.00100731372833,27.823555073876665,0.3,0.6,0.9833479177912543,0.8746090914804586,9851.676997522129,6021.630666843138,0.10393936309876256,0.5294432194021738,82345.99610959832,456.2044322843777,0.15206814409479255,0.6334863182585737,10.930930479459724,492.32133812035386,True
107.0,495.65167236328125,18.6779842376709,0.7511540651321411,2.711874079453566,4.7,86.0,35.25,24.98267858505249,27.694552664506055,0.3,0.6,0.9787751930118321,0.8705540136962271,9866.493321507676,6006.685943056282,0.1061874335331707,0.5304551503271934,82985.85863670499,513.8554430294433,0.17128514767648112,0.6529502274203317,11.075055093066242,507.44794390074634,True
108.0,495.3714904785156,18.6779842376709,0.7532369494438171,2.605539975849914,4.6,86.0,34.5,24.964434592723848,27.569974568573762,0.3,0.6,0.9955410970386743,0.8854779670773326,9861.534382204525,6011.520464555479,0.10549150118670697,0.53011878607316,82775.29922945454,232.48074469517417,0.07749358156505806,0.6724316127913075,10.972672640421571,511.4692351071713,True
109.0,495.09295654296875,18.6779842376709,0.755315899848938,2.5033752920857966,4.6,86.0,34.5,24.94625993013382,27.449635222219616,0.3,0.6,0.9911828715319939,0.8816129711374906,9876.058507293288,5996.875814621481,0.10769327925687078,0.531111217561265,83402.42789244387,326.2041457095063,0.10873471523650209,0.6919094758766813,11.111511847520102,526.2846119340342,True
110.0,494.81610107421875,18.6779842376709,0.757390022277832,2.4052165428708956,3.9,86.0,29.25,24.928159732818603,27.3333762756895,0.35,0.6,0.997818350764622,0.8875260496151339,9752.704713515923,6120.112884630948,0.08937859015576827,0.5227237388878788,78100.72432102697,138.0318849306964,0.046010628310232136,0.7113637517373674,11.171332995954096,458.74347521980883,True
111.0,494.5408935546875,18.6779842376709,0.7594603300094604,2.310906653264818,3.9,86.0,29.25,24.910128865242005,27.221035518506824,0.35,0.6,0.9937052463999485,0.8838782986959842,9764.95007033026,6107.754514487335,0.0912390581378094,0.5235556276547924,78629.70445062293,233.98317903132235,0.07799439301044078,0.7307758564258846,11.281224884836236,471.26193197894503,True
112.0,494.2672424316406,18.6779842376709,0.761526346206665,2.220294707323676,3.9,86.0,29.25,24.892172462940216,27.11246717026389,0.35,0.6,0.9897303363786661,0.8803530394577029,9777.164697691798,6095.430492569924,0.0930936353261524,0.5243859375184492,79157.28541012034,298.26900565442367,0.09942300188480789,0.7501267491222263,11.391582595866483,483.74091441577133,True
113.0,493.99517822265625,18.6779842376709,0.7635884881019592,2.1332357066023886,4.5,86.0,33.75,24.874277687072755,27.007513393675143,0.3,0.6,0.9968421493640109,0.8866889818233412,9912.70872938382,5959.7805957647315,0.11329603893946896,0.5336210922862947,84987.95487281041,191.5284986934004,0.06384283289780013,0.7693992587739085,11.394155086385757,572.5030953240156,True
114.0,493.72467041015625,18.6779842376709,0.76564621925354,2.049590338126219,4.5,86.0,33.75,24.856459944248197,26.906050282374416,0.3,0.6,0.9930862514675329,0.8833578264688857,9926.730563317302,5945.65633424015,0.11541656049636194,0.5345816875052896,85593.09592515878,282.8651622872589,0.0942883874290863,0.7885761502492491,11.527407184172572,586.7724484630098,True
115.0,493.45574951171875,18.6779842376709,0.7676999568939209,1.96922475146031,4.5,74.0,33.75,24.838706395626065,26.807931147086375,0.35,0.6,0.9966229386993626,0.8767382475863555,9830.451422288927,6041.836396951231,0.10112584275306762,0.5280122628541055,70089.37796874739,168.53369826496484,0.056177899421654943,0.8076406192887619,11.6429946383463,517.1035236224241,True
116.0,493.188232421875,18.6779842376709,0.769750714302063,1.8920103445204242,4.5,74.0,33.75,24.821011905670165,26.71302225019059,0.35,0.6,0.9930825684358394,0.8736343057160106,9842.345248415837,6029.8467533921685,0.10292771640663102,0.5288235089936806,70531.22215793787,240.78099293612348,0.08026033097870783,0.826578689243407,11.751799080219005,529.2288953165557,True
117.0,492.92230224609375,18.6779842376709,0.7717968225479126,1.8178235577821724,3.8,86.0,28.5,24.803394448757174,26.621218006539348,0.35,0.6,0.9973180315635568,0.8871493960391743,9816.225040331581,6055.8743152113775,0.09907313423897389,0.5270469554962545,80847.54059008439,149.0930284871204,0.049697676162373465,0.8453747496415203,11.644407146571073,531.1857675873871,True
118.0,492.6578063964844,18.6779842376709,0.7738394141197205,1.746545676559414,3.8,86.0,28.5,24.78583348274231,26.532379159301723,0.35,0.6,0.9939802863157398,0.8841888504453432,9827.72169128028,6044.288104154747,0.1008137750269015,0.527830455476248,81343.82212319897,222.9947538671738,0.07433158462239127,0.8640159461558433,11.747835262734819,542.8988431002374,True
119.0,492.3947448730469,18.6779842376709,0.7758787274360657,1.6780626410354342,3.8,86.0,28.5,24.768334143161773,26.44639678419721,0.35,0.6,0.9907499348158704,0.8813234964962773,9839.120043218974,6032.8031918597035,0.10253871324541676,0.5286077117192644,81835.81230422434,275.9791666054571,0.09199305553515237,0.8824891645055191,11.850821368768562,554.5063706175224,True
120.0,492.13311767578125,18.6779842376709,0.7779144644737244,1.612264863742901,3.8,86.0,28.5,24.75090156555176,26.36316642929466,0.35,0.6,0.9876230489277406,0.8785498533419415,9850.412557831653,6021.42703148817,0.10424686035891402,0.5293781994784368,82323.1888163849,318.7338722328898,0.10624462407762993,0.9007827350573409,11.953262742150692,566.0010176005369,True
121.0,491.8729248046875,18.6779842376709,0.7799464464187622,1.5490470542005386,4.4,74.0,33.0,24.733528046607972,26.28257510080851,0.35,0.6,0.999232068386852,0.879092156048873,9880.178316764284,5991.580458614406,0.10870204287867839,0.5314093822516684,71939.06037577278,0.0,0.0,0.918886211465094,12.010141168375663,575.2561116355199,True
122.0,491.6141357421875,18.6779842376709,0.7819744944572449,1.4883080504258936,4.4,74.0,33.0,24.71621615409851,26.204524204524404,0.35,0.6,0.9962548617774508,0.8764815316928969,9891.19703328513,5980.483677628915,0.11036741659306855,0.5321628228072992,72348.19707964001,173.51794521161273,0.05783931507053758,0.9367883071963296,12.110326294456057,586.4634731694987,True
123.0,491.356689453125,18.6779842376709,0.784000039100647,1.4299506570545821,4.4,74.0,33.0,24.69896332025528,26.128913977309864,0.35,0.6,0.9933708375042788,0.8739525421472976,9902.090712776255,5969.514602625924,0.11201323941565725,0.5329081355169876,72752.6580377811,230.5230766813594,0.07684102556045314,0.9544803725613994,12.209700417821727,597.5393480729695,True
124.0,491.10064697265625,18.6779842376709,0.78602135181427,1.373881489806968,3.3,86.0,24.75,24.681774680614474,26.055656170421443,0.39999999999999997,0.6,0.983465347467282,0.8748801513352256,9780.900622540958,6090.631886633627,0.09401050697197591,0.524654667532454,79340.77782200763,319.2621926694995,0.10642073088983316,0.971953732412399,12.29957938203328,530.3628472643462,True
125.0,490.84588623046875,18.6779842376709,0.7880398035049438,1.320010826053395,3.7,86.0,27.75,24.66464509963989,25.984655925693286,0.35,0.6,0.9997120009180919,0.8893397055766853,9881.70169648725,5989.760518354657,0.10902845234640339,0.531517657149814,83676.73532985074,0.0,0.0,0.9892017751337715,12.111429288994842,605.2017467776091,True
126.0,490.59246826171875,18.6779842376709,0.790054976940155,1.2682524612388362,3.7,86.0,27.75,24.647564306259152,25.91581676749799,0.35,0.6,0.9970562819838416,0.8869836460292114,9891.947958725581,5979.446398124524,0.11057538570599285,0.5322182603262637,84118.78355292276,152.0801686626809,0.05069338955422697,1.0062173090900328,12.202869985974315,615.6119897953095,True
127.0,490.3403625488281,18.6779842376709,0.7920668125152588,1.2185235709372149,3.7,86.0,27.75,24.63054770708084,25.849071278018055,0.35,0.6,0.994481402452473,0.8846992434905593,9902.05378784232,5969.27507156538,0.11210059339070264,0.5329096261108159,84554.74239995425,207.9602792371114,0.06932009307903714,1.0229939814891194,12.293297317498196,625.8760953562501,True
128.0,490.08953857421875,18.6779842376709,0.794075608253479,1.1707445783146526,3.7,86.0,27.75,24.61358503103256,25.784329609347214,0.35,0.6,0.9919838942975161,0.8824834228647669,9912.015511049281,5959.250139057869,0.11360355656751205,0.5335914886774842,84984.45549781536,250.3252567781021,0.08344175225936737,1.0395260751579625,12.382653910282881,635.9905656471286,True
129.0,489.8399658203125,18.6779842376709,0.79608154296875,1.1248390267895583,3.7,86.0,27.75,24.59667627811432,25.72151530490388,0.35,0.6,0.9895608050670653,0.8803335673816161,9921.830920670429,5949.373736751736,0.11508397390173378,0.5342636820831819,85407.82945425191,285.31738183381685,0.09510579394460562,1.0558102641673883,12.470900560204374,645.95336583724,True
130.0,489.5917053222656,18.6779842376709,0.798084020614624,1.0807334576857848,3.2,86.0,24.0,24.579824016094207,25.660557473779992,0.39999999999999997,0.6,0.9987782569668286,0.888539210729082,9810.681856473371,6060.463954826756,0.09857147602084855,0.52668362917,80629.68488540225,84.81036944581368,0.02827012314860456,1.0718413372992526,12.400171182281666,567.1449147335333,True
131.0,489.34466552734375,18.6779842376709,0.8000837564468384,1.0383572926830762,3.2,86.0,24.0,24.563025677204134,25.60138296988721,0.39999999999999997,0.6,0.9964689568822644,0.886490195736407,9818.892199923303,6052.196843719634,0.09981188622350017,0.5272428613888898,80983.95015837892,144.01592620149464,0.04800530873383155,1.0876172372177129,12.469611089594032,575.4924388518366,True
132.0,489.098876953125,18.6779842376709,0.8020803332328796,0.9976427208766973,3.2,86.0,24.0,24.54628382921219,25.543926550088887,0.39999999999999997,0.6,0.994226771150489,0.8845006722449128,9826.970818545482,6044.063469140789,0.10103199434708383,0.5277933510113795,81332.50801220095,183.9423746408618,0.061314124880287264,1.103135004358797,12.538121745382709,583.7033768104907,True
133.0,488.854248046875,18.6779842376709,0.8040741682052612,0.9585245902655197,3.2,86.0,24.0,24.529593336582185,25.488117926847703,0.39999999999999997,0.6,0.9920489545201252,0.8825682064324585,9834.916779531155,6036.064699211241,0.10223168576197003,0.52833502364504,81675.31972687818,215.63080624920832,0.07187693541640278,1.118393171243956,12.605676198375276,591.7769521205065,True
134.0,488.61083984375,18.6779842376709,0.8060652613639832,0.9209403034949191,3.2,86.0,24.0,24.512951631546024,25.433891935040943,0.39999999999999997,0.6,0.9899329614745483,0.8806905418489742,9842.728764248623,6028.201789341364,0.1034107878480249,0.5288677786717102,82012.32996050607,242.37524799886924,0.08079174933295641,1.1333895345347536,12.672244873622706,599.7119989263173,True
135.0,488.3686218261719,18.6779842376709,0.8080530762672424,0.8848297176876535,3.2,86.0,24.0,24.496366417407987,25.381196135095642,0.39999999999999997,0.6,0.9878767421024476,0.8788658626875812,9850.40634399665,6020.47510611205,0.10456925986898527,0.529391576140575,82343.52161451892,265.7038508688044,0.08856795028960147,1.1481235677350572,12.737810564334955,607.5082386422839,True
136.0,488.1275634765625,18.6779842376709,0.8100383877754211,0.8501350482024291,3.2,86.0,24.0,24.479827423095706,25.329962471298135,0.39999999999999997,0.6,0.985877639129547,0.8770918124067206,9857.949156124376,6012.884952601131,0.10570706994644913,0.5299063807113095,82668.88037574977,286.4865005756525,0.09549550019188416,1.16259485754312,12.802352699487193,615.1654525774716,True
137.0,487.8876647949219,18.6779842376709,0.8120213150978088,0.8168007761661451,3.6,86.0,27.0,24.463339784145354,25.280140560311498,0.35,0.6,0.9995516783443945,0.8892613550731024,9968.578773282228,5902.209697407106,0.1221761774433751,0.5374719551796522,87426.93513131516,0.0,0.0,1.176804826204519,12.735958444641868,700.5199424475187,True
138.0,487.6488952636719,18.6779842376709,0.8140012621879578,0.7847735596318536,3.6,86.0,27.0,24.446900932788846,25.2316744924207,0.35,0.6,0.9976306701252641,0.8875564989982395,9976.775143865325,5893.969335361878,0.12340987422563146,0.5380348921093104,87780.32488282413,132.79855865574297,0.044266186218580986,1.190752509945714,12.808134506618858,708.8226196579537,True
139.0,487.4112854003906,18.6779842376709,0.8159787058830261,0.7540021482202609,3.6,86.0,27.0,24.430508301258087,25.18451044947835,0.35,0.6,0.995761330313277,0.8858974433202229,9984.819947526557,5885.882131602008,0.12462047615962298,0.5385876541574506,88127.16304237783,177.4557559923663,0.0591519186641221,1.2044391159276815,12.879056801638237,716.9698843710944,True
140.0,487.1747741699219,18.6779842376709,0.8179535269737244,0.7244373011081913,2.8,86.0,21.0,24.41417216062546,25.13860946173365,0.44999999999999996,0.6,0.9939421106625522,0.8842828172281068,9783.826992148206,6086.834224042584,0.09474161117790116,0.5248657684359838,79485.3445142709,164.8527981016258,0.05495093270054194,1.217866487918406,12.945726589479586,563.8599821026137,True
141.0,486.9393615722656,18.6779842376709,0.8199256062507629,0.6960317082327617,2.8,86.0,21.0,24.397879672050475,25.093911380283238,0.44999999999999996,0.6,0.992170625929103,0.8827105049070999,9789.829583842802,6080.792254900116,0.09564769930397699,0.5252739774436939,79744.30257226778,187.24647405773476,0.062415491352578255,1.2310368559061537,12.993650223717847,569.9577305270319,True
142.0,486.7050476074219,18.6779842376709,0.8218950033187866,0.6687399145851886,2.8,86.0,21.0,24.381630835533144,25.050370750118333,0.44999999999999996,0.6,0.9904450720646656,0.8811789074189923,9795.717311745406,6074.866584309056,0.09653620321765935,0.5256744955453311,79998.29063988154,206.67484358084909,0.0688916145269497,1.2439516440022316,13.040737067265999,575.9371480222618,True
143.0,486.4718017578125,18.6779842376709,0.8238623142242432,0.6425182474730758,2.8,86.0,21.0,24.36543848991394,25.00795673738702,0.44999999999999996,0.6,0.9887642233298161,0.8796869401435117,9801.491080184936,6069.056258221959,0.09740727548643352,0.5260673774035559,80247.34867220405,223.92796641959305,0.07464265547319768,1.2566130649438638,13.08698778297843,581.7992590634688,True
144.0,486.2396240234375,18.6779842376709,0.8258273005485535,0.6173247466347902,2.8,86.0,21.0,24.349284660816195,24.966609407450985,0.44999999999999996,0.6,0.9871257037792065,0.878232494802915,9807.152699297883,6063.359419431809,0.09826120241988029,0.5264527394461237,80491.5555171206,239.50249107542152,0.07983416369180717,1.2690252740774635,13.132403697039209,587.5459875344095,True
145.0,486.00848388671875,18.6779842376709,0.8277899026870728,0.59311909709409,2.8,86.0,21.0,24.33317448377609,24.92629358087018,0.44999999999999996,0.6,0.9855281163944364,0.8768143339152963,9812.702636230586,6057.775554260549,0.09909807034614475,0.5268306070498171,80730.93226235585,253.72348989439396,0.08457449663146466,1.2811895232477826,13.176979799293925,593.1779130266622,True
146.0,485.77838134765625,18.6779842376709,0.8297502398490906,0.569862564647563,3.1,86.0,23.25,24.317113094329834,24.8869756589774,0.39999999999999997,0.6,0.9998406128136682,0.8895511348884034,9898.808227348189,5971.637281250682,0.11191452007298924,0.5327006719644621,84434.1753410964,0.0,0.0,1.2931104253108852,12.959843410230809,662.8432967370504,True
147.0,485.5493469238281,18.6779842376709,0.8317080736160278,0.5475179338816366,3.1,86.0,23.25,24.301095356941225,24.84861329082286,0.39999999999999997,0.6,0.9982960238591619,0.8881799241556696,9904.718565366882,5965.695464334099,0.11280405411495872,0.5331050319417635,84688.99667220487,97.01339731189196,0.03233779910396399,1.3047890320262863,13.008897020158695,668.8297044134645,True
148.0,485.32135009765625,18.6779842376709,0.8336629271507263,0.5260494486199764,3.1,86.0,23.25,24.28512897491455,24.811178423534525,0.39999999999999997,0.6,0.9967888317633001,0.8868418656813477,9910.510386888775,5959.8733244860305,0.1136755618573849,0.5335014028748111,84938.696841659,133.07755460818348,0.04435918486939449,1.316230959096037,13.057001322894207,674.6947910383092,True
149.0,485.09429931640625,18.6779842376709,0.8356162309646606,0.505422754705976,3.1,86.0,23.25,24.26919597387314,24.774618728579114,0.39999999999999997,0.6,0.9953169290047026,0.8855350890531065,9916.185502760974,5954.169010566927,0.11452932709179588,0.5338899015156436,85183.35458217205,160.59023254360474,0.05353007751453492,1.3274399291687136,13.104161251021221,680.4404648265426,True
150.0,484.8682861328125,18.6779842376709,0.837567150592804,0.4856048450287769,3.1,86.0,23.25,24.253311760425568,24.738916605454346,0.39999999999999997,0.6,0.9938796033563891,0.8842589651649029,9921.745341355774,5948.581054161313,0.11536557658549086,0.534270618750702,85423.03217468093,183.45562980549997,0.06115187660183332,1.3384189175652919,13.150386886285181,686.0682509159448,True
151.0,484.64324951171875,18.6779842376709,0.8395158052444458,0.4665640067048493,3.1,86.0,23.25,24.237471199035646,24.704035205740496,0.39999999999999997,0.6,0.9924753695740234,0.883012176920034,9927.19257666837,5943.106743135045,0.1161847216500579,0.5346437309466435,85657.84542096657,203.2722469775755,0.06775741565919183,1.3491733206579402,13.195695666292902,691.5809154655763,True
152.0,484.419189453125,18.6779842376709,0.8414626121520996,0.44826977033061294,3.1,86.0,23.25,24.221669154167177,24.66993892449779,0.39999999999999997,0.6,0.9911027925613767,0.8817934516682984,9932.5279931757,5937.745256084305,0.11698689213891326,0.5350092854677472,85887.82884746499,220.88338771610432,0.07362779590536811,1.3597048429307073,13.240086639799314,696.9793321872281,True
153.0,484.19610595703125,18.6779842376709,0.8434070348739624,0.43069286122489037,3.1,86.0,23.25,24.205908193588257,24.63660105481315,0.39999999999999997,0.6,0.9897607948585043,0.8806018348073708,9937.754668915375,5932.493479028913,0.1177725586043285,0.5353674869115472,86113.11558255897,236.7970357004419,0.07893234523348064,1.3700196586291227,13.283583831099266,702.2666659747731,True
154.0,483.97393798828125,18.6779842376709,0.8453497290611267,0.41380515258317174,3.1,86.0,23.25,24.190188317298887,24.60399346988206,0.39999999999999997,0.6,0.9884482421464795,0.8794363209828351,9942.874478110594,5927.34950305103,0.11854201210724405,0.5357184577789158,86333.78696378064,251.35072758213047,0.08378357586071015,1.3801215876495099,13.326198974643184,707.4448748919792,True
155.0,483.75274658203125,18.6779842376709,0.8472904562950134,0.3975796204687271,3.6,74.0,27.0,24.174509525299072,24.572089145767798,0.39999999999999997,0.6,0.9988803302676312,0.8789553256003215,9961.743040557962,5908.457674802719,0.12135572799406572,0.5370118134958706,74985.77926647199,77.74237298043714,0.02591412432681238,1.3900153222729223,13.357373810906946,711.9818432802185,True
156.0,483.5325012207031,18.6779842376709,0.8492287993431091,0.38199030056854183,3.6,74.0,27.0,24.158876953125,24.54086725369354,0.39999999999999997,0.6,0.9976083123308819,0.8778385036585163,9966.651457634362,5903.526860350076,0.1220931293491589,0.5373487219158378,75167.80504975929,113.55063857099739,0.03785021285699913,1.3997037828154624,13.398193149051714,716.9443842573537,True
157.0,483.31317138671875,18.6779842376709,0.8511651754379272,0.36701224664487664,3.2,74.0,24.0,24.14327776193619,24.510290008581066,0.44999999999999996,0.6,0.9963626121441982,0.8767447410454003,9869.415939737037,6000.740818239423,0.1076406032592468,0.5306981534545229,71570.48974770593,124.39688184872169,0.04146562728290723,1.4091927796583241,13.432765086646384,641.6042290064366,True
158.0,483.09478759765625,18.6779842376709,0.8530993461608887,0.35262149061596515,3.2,74.0,24.0,24.127719655036927,24.480341145652893,0.44999999999999996,0.6,0.9951425641002032,0.8756734559621405,9873.5968053926,5996.5391994573965,0.10826931676749411,0.5309836991258544,71725.56570980132,143.6657694337016,0.04788858981123387,1.418485607201259,13.465707590327185,645.8352451860827,True
159.0,482.87725830078125,18.6779842376709,0.8550320267677307,0.33879500420196934,3.2,74.0,24.0,24.112205200195312,24.451000204397282,0.44999999999999996,0.6,0.993947332218966,0.8746239165264923,9877.69309811678,5992.422931157037,0.10888518661792614,0.531263526807143,71877.49808875527,160.27408681918462,0.05342469560639487,1.4275885553867178,13.497980330342521,649.9798094618327,True
160.0,482.66064453125,18.6779842376709,0.8569628000259399,0.3255106620748191,3.2,74.0,24.0,24.09672669410706,24.422237356181878,0.44999999999999996,0.6,0.9927756998939888,0.8735950557540774,9881.705917012965,5988.390886110427,0.10948838617690812,0.5315377080612831,72026.32807169696,174.99785179319778,0.05833261726439926,1.436504187512242,13.529585858370888,654.0390889007957,True
161.0,482.4449157714844,18.6779842376709,0.8588916063308716,0.31274720645296683,3.2,74.0,24.0,24.081284136772158,24.394031343225127,0.44999999999999996,0.6,0.991626799068761,0.8725861132439303,9885.63786554552,5984.440433523976,0.1100793122212684,0.5318064172996428,72172.15249239859,188.29125753365133,0.06276375251121712,1.4452383667700268,13.560544073382859,658.0157530092036,True
162.0,482.2301025390625,18.6779842376709,0.8608187437057495,0.3004842130844018,2.7,86.0,20.25,24.065882663726807,24.36636687681121,0.44999999999999996,0.6,0.9990262511560549,0.8888633125408336,9862.435367182406,6007.625123444235,0.10663496683621053,0.5302234276191349,82878.42024037069,0.0,0.0,1.4537941188230545,13.33905084560282,649.0531074722215,True
163.0,482.01611328125,18.6779842376709,0.8627439141273499,0.28870205856348985,2.7,86.0,20.25,24.050517139434817,24.339219197998307,0.44999999999999996,0.6,0.9979113560131007,0.8878729894516579,9866.136542996885,6003.9068094195,0.1071911225406963,0.5304760947643639,83037.93927191378,93.53363637997583,0.031177878793325276,1.4621770329746884,13.367297830053568,652.7956982623092,True
164.0,481.802978515625,18.6779842376709,0.8646671772003174,0.2773818889293366,2.7,86.0,20.25,24.035190131664276,24.312572020593613,0.44999999999999996,0.6,0.9968170545878865,0.8869009242070711,9869.763714607732,6000.263145189743,0.10773605215919253,0.5307237551354981,83194.2622424868,115.40183646159281,0.038467278820530935,1.470390692986136,13.394964476300954,656.4627247587887,True
165.0,481.59075927734375,18.6779842376709,0.8665890693664551,0.2665055894954293,2.7,86.0,20.25,24.019896504878997,24.286402094374427,0.44999999999999996,0.6,0.9957423907585455,0.8859462686597038,9873.318623688816,5996.692365429592,0.10827002298394268,0.5309665249149712,83347.46455257332,133.3974514186283,0.044465817139542764,1.4784391279979234,13.42206120518979,660.0559857900811,True
166.0,481.37939453125,18.6779842376709,0.8685081601142883,0.2560557558622728,2.7,86.0,20.25,24.00464396238327,24.260699718245544,0.44999999999999996,0.6,0.9946869640074508,0.8850086689222628,9876.803265656536,5993.192451684711,0.10879333981007001,0.5312045377444159,83497.63250039425,148.93831557622607,0.04964610519207536,1.4863269321795598,13.448604810436823,663.5775324444093,True
167.0,481.1688232421875,18.6779842376709,0.8704266548156738,0.24601566606663725,2.7,86.0,20.25,23.9894273686409,24.235443034707536,0.44999999999999996,0.6,0.99364987553525,0.8840873276526806,9880.220121187212,5989.760901259567,0.10930637922721591,0.5314379605335972,83644.8732284444,162.7422591117457,0.05424741970391524,1.494059781105324,13.474613265667962,667.0298986081574,True
168.0,480.9590759277344,18.6779842376709,0.8723433613777161,0.2363692538228496,2.7,86.0,20.25,23.974244155883788,24.21061340970664,0.44999999999999996,0.6,0.9926303588033132,0.8831815650973097,9883.570058306763,5986.396824837948,0.10980927775332817,0.531666850261869,83789.22451957955,175.23067656553954,0.058410225521846514,1.501639734277941,13.500089833582983,670.4140037558408,True
169.0,480.75018310546875,18.6779842376709,0.8742578625679016,0.22710108281330882,2.7,86.0,20.25,23.959102027416233,24.186203110229542,0.44999999999999996,0.6,0.9916280942974628,0.8822910991627277,9886.85534723507,5983.09793151308,0.11030238019446631,0.5318913597406846,83930.78443802282,186.6725232836157,0.0622241744278719,1.5090719886653174,13.525054518829545,673.732168097815,True
170.0,480.54205322265625,18.6779842376709,0.8761714100837708,0.21819632198708427,2.7,86.0,20.25,23.943985576629636,24.16218189861672,0.44999999999999996,0.6,0.9906418399497323,0.8814148268061075,9890.078092375139,5979.862097256566,0.11078600632347749,0.5321116306002123,84069.64389504936,197.26407484167606,0.06575469161389202,1.5163613640816127,13.549519200650625,676.9865434624013,True
171.0,480.33477783203125,18.6779842376709,0.8780829310417175,0.20964072182707041,2.7,86.0,20.25,23.9289102101326,24.13855093195967,0.44999999999999996,0.6,0.9896716409148529,0.8805527902371139,9893.239161245843,5976.688435194898,0.11126029187847519,0.5323277201234745,84205.84061009533,207.13631522794813,0.06904543840931604,1.523509908416694,13.573492840578645,680.178044139501,True
172.0,480.1282958984375,18.6779842376709,0.8799930214881897,0.20142059154771919,2.7,86.0,20.25,23.91386565685272,24.11528624840044,0.44999999999999996,0.6,0.9887165126044775,0.8797041153485587,9896.340611940273,5973.574868919461,0.1117255492726573,0.532539767001257,84339.46347494751,216.39795448039152,0.07213265149346385,1.5305223306666653,13.596988670607818,683.3087724822021,True
173.0,479.9225769042969,18.6779842376709,0.8819016218185425,0.19352277718686228,2.7,86.0,20.25,23.898857052326203,24.092379829513067,0.44999999999999996,0.6,0.9877761241689353,0.8788685096354207,9899.384557945852,5970.519267081475,0.1121820989879506,0.5327479138385699,84470.60375358416,225.12817646954915,0.07504272548984972,1.5374034614453753,13.620025065116065,686.3808851403961,True
174.0,479.7176513671875,18.6779842376709,0.8838086724281311,0.18593464055656542,3.0,86.0,22.5,23.88388439655304,24.069819037109603,0.39999999999999997,0.6,0.9991855798821355,0.8890210809687341,9994.930797475687,5874.961814315906,0.12639358260069744,0.5392938606431491,88579.33313793529,0.0,0.0,1.5441558247969558,13.520485670657424,765.9950099836207,True
175.0,479.5135498046875,18.6779842376709,0.8857138156890869,0.1786440390193313,3.0,86.0,22.5,23.868942553997037,24.04758659301637,0.39999999999999997,0.6,0.9982615122954143,0.8881999235080207,9998.192408381898,5871.689416294742,0.126882171836104,0.5395180727051324,88719.81432987387,94.83368299909004,0.031611227666363345,1.550783397427622,13.546150837685294,769.2826882618554,True
176.0,479.3101806640625,18.6779842376709,0.8876177668571472,0.17163930605728903,3.0,86.0,22.5,23.8540366601944,24.02567596625169,0.39999999999999997,0.6,0.9973508499619106,0.8873906524012871,10001.395175188973,5868.476272495243,0.12736187240807725,0.5397382754970163,88857.75640791518,117.01253395920936,0.03900417798640312,1.5572903493909107,13.571329905364387,772.5105313681283,True
177.0,479.1075439453125,18.6779842376709,0.8895205855369568,0.1649092326032767,3.0,86.0,22.5,23.839159011840824,24.0040682444441,0.39999999999999997,0.6,0.9964528059965542,0.8865925691182746,10004.540848041603,5865.320617494651,0.12783294982247792,0.5399545873957062,88993.23495675948,135.3400798419239,0.04511335994730797,1.563680283198767,13.596034963219443,775.6803263670153,True
178.0,478.90570068359375,18.6779842376709,0.8914213180541992,0.15844304910394222,3.0,86.0,22.5,23.8243173122406,23.98276036134454,0.39999999999999997,0.6,0.9955672513694931,0.8858055604067789,10007.630946278206,5862.220917067708,0.12829563512187317,0.5401671110277154,89126.31562802574,151.22649652089004,0.050408832173630014,1.5699563341789933,13.620279958062689,778.7936285714015,True
179.0,478.70458984375,18.6779842376709,0.8933212757110596,0.15223040828616063,3.0,86.0,22.5,23.809503858089446,23.961734266375608,0.39999999999999997,0.6,0.9946934351092225,0.8850289595669882,10010.66675570091,5859.175871225517,0.12875012437799999,0.5403759330600917,89257.05401622097,165.38946158600226,0.05512982052866742,1.5761211634673782,13.644072741626285,781.8517580661528,True
180.0,478.50421142578125,18.6779842376709,0.8952196836471558,0.14626136859918945,3.0,86.0,22.5,23.79472635269165,23.940987721290842,0.39999999999999997,0.6,0.9938312626912621,0.8842626839290539,10013.650890632443,5856.182851824641,0.12919681107866376,0.5405812315935291,89385.56283436777,178.24253374089523,0.059414177913631745,1.5821801085577,13.667437946875284,784.857362572137,True
181.0,478.3045654296875,18.6779842376709,0.8971169590950012,0.14052637830606646,3.0,86.0,22.5,23.779982228279113,23.92050860658518,0.39999999999999997,0.6,0.9929802294762846,0.883506285857891,10016.583677015777,5853.241519707306,0.12963574822168974,0.5407830274977311,89511.85638213211,190.0592618975538,0.0633530872991846,1.5881338908877403,13.69037574637218,787.8107999662802,True
182.0,478.1056823730469,18.6779842376709,0.8990123867988586,0.1350162601987928,3.0,86.0,22.5,23.765263781547546,23.90028004174634,0.39999999999999997,0.6,0.9921396332529336,0.8827591418701548,10019.46723934818,5850.349737687432,0.1300672560623076,0.5409814653835714,89636.02628570609,201.03212670787548,0.06701070890262516,1.5939868550067784,13.712902306645164,790.7142254087132,True
183.0,477.90753173828125,18.6779842376709,0.9009065628051758,0.12972219691284226,3.0,86.0,22.5,23.75057614803314,23.88029834494598,0.39999999999999997,0.6,0.99130931975507,0.8820211159771618,10022.303127244537,5847.505943813513,0.13049156924543326,0.5411766504302307,89758.13944376702,211.29514162639668,0.07043171387546557,1.5997421848532192,13.735031676268063,793.56921832613,True
184.0,477.71002197265625,18.6779842376709,0.9027996063232422,0.12463571681749692,3.0,86.0,22.5,23.735927031040195,23.860562747857692,0.39999999999999997,0.6,0.9904892557142159,0.8812921798007018,10025.093419887355,5844.708047005128,0.13090900100669817,0.5413687243376079,89878.28551696788,220.9482276815695,0.07364940922718984,1.6054041297743247,13.756783718410135,796.3778866526826,True
185.0,477.51324462890625,18.6779842376709,0.9046916365623474,0.11974868045943064,3.0,86.0,22.5,23.721301023960116,23.841049704419547,0.39999999999999997,0.6,0.989678462395705,0.8805714636647133,10027.83838024357,5841.955773020661,0.13131959430060494,0.5415577039308278,89996.47605529256,230.07953191226233,0.07669317730408744,1.6109732748043977,13.778155043687939,799.1405206008931,True
186.0,477.3172607421875,18.6779842376709,0.9065814018249512,0.11505326753784713,3.1,74.0,23.25,23.70671096563339,23.821764233171237,0.44999999999999996,0.6,0.9995647798313655,0.8796034542508809,9934.829877051436,5934.957242041393,0.1174918766114145,0.5351739620515555,73997.64374768578,0.0,0.0,1.616453273448704,13.714973482881238,712.9706942737935,True
187.0,477.12188720703125,18.6779842376709,0.9084711074829102,0.11054196439033034,3.1,74.0,23.25,23.692141449451444,23.802683413841773,0.44999999999999996,0.6,0.9987632941737875,0.8788989071641138,9937.19272337759,5932.587630542172,0.11784548689142799,0.535335839119019,74085.19421745527,70.35626673193578,0.02345208891064526,1.6218474037634218,13.732175121208856,715.3498888342909,True
188.0,476.92718505859375,18.6779842376709,0.9103593826293945,0.10620755196938166,3.1,74.0,23.25,23.67760788202286,23.78381543399224,0.44999999999999996,0.6,0.9979707731851678,0.878202219039425,9939.520024113197,5930.25382333763,0.11819372415007033,0.5354952991434699,74171.424714348,90.08715264504768,0.030029050881682562,1.6271595274287909,13.749094730592672,717.6929126383047,True
189.0,476.73321533203125,18.6779842376709,0.9122462272644043,0.10204309429040341,3.1,74.0,23.25,23.663102560043335,23.76514565433374,0.44999999999999996,0.6,0.9971866012755656,0.877512849330407,9941.811683854266,5927.955906084222,0.11853657753935705,0.535652334804403,74256.33188874586,106.03344110411005,0.03534448036803668,1.6323894815485929,13.765727276937172,719.9996938370338,True
190.0,476.5399169921875,18.6779842376709,0.9141314625740051,0.09804192733264433,3.1,74.0,23.25,23.648630619049072,23.746672546381717,0.44999999999999996,0.6,0.9964107130265676,0.8768307415987419,9944.069506801447,5925.692065109007,0.11887431857810499,0.5358070689067613,74339.98267131015,119.71887038929037,0.03990629012976346,1.6375414085185962,13.782089709197246,722.272059521205,True
191.0,476.3472900390625,18.6779842376709,0.9160162210464478,0.09419764837534418,3.1,74.0,23.25,23.63418435573578,23.728382004111126,0.44999999999999996,0.6,0.9956425153263609,0.8761553749884498,9946.294598454006,5923.461185875215,0.11920711474029246,0.5359595764581306,74422.41813270764,131.8588526480333,0.04395295088267776,1.6426178642506468,13.798188643352685,724.5111370294637,True
192.0,476.15533447265625,18.6779842376709,0.9178993701934814,0.09050410575201467,3.1,74.0,23.25,23.61976890563965,23.710273011391664,0.44999999999999996,0.6,0.994881964353279,0.8754867119795672,9948.487895189288,5921.262323224311,0.11953510826176098,0.5361099209241826,74503.6730813521,142.84905722636756,0.04761635240878919,1.6476210198176413,13.814032856026715,726.7178839591472,True
193.0,475.9639892578125,18.6779842376709,0.9197821021080017,0.08695538900646073,3.1,74.0,23.25,23.605371429920194,23.692326818926656,0.44999999999999996,0.6,0.9941282722623513,0.87482406026627,9950.650896380597,5919.093969434744,0.11985852494410035,0.5362582043843586,74583.80314849832,152.94821285085544,0.050982737616951816,1.6525543203497761,13.829631386694647,728.8938198573456,True
194.0,475.77337646484375,18.6779842376709,0.9216626882553101,0.08354581943478949,3.1,74.0,23.25,23.59101760625839,23.67456342569318,0.44999999999999996,0.6,0.9933822771005574,0.8741681582980344,9952.783735564173,5916.955982716725,0.12017738745936805,0.5364044353746366,74662.81342767783,162.31289130201066,0.05410429710067022,1.657418113820892,13.844991389657022,731.039098205236,True
195.0,475.5833740234375,18.6779842376709,0.9235431551933289,0.08026994099827266,3.1,74.0,23.25,23.576681756973265,23.65695169797154,0.44999999999999996,0.6,0.9926426714698087,0.8735178564821131,9954.887639236815,5914.847128913457,0.12049188079564946,0.5365486973463579,74740.74944098214,171.07924973214608,0.05702641657738203,1.662215222922442,13.860115703573504,733.1549640102168,True
196.0,475.39398193359375,18.6779842376709,0.9254226684570312,0.07712251159252047,3.1,74.0,23.25,23.562369017601014,23.639491529193535,0.44999999999999996,0.6,0.9919094498882772,0.8728731508835432,9956.964039777185,5912.765968102875,0.12080222051175034,0.5366910879098373,74817.66432597475,179.3354275990937,0.05977847586636456,1.6669489364842092,13.875018105641255,735.2428678797952,True
197.0,475.2052917480469,18.6779842376709,0.9273002743721008,0.07409849465899628,3.1,74.0,23.25,23.548094794750217,23.622193289409214,0.44999999999999996,0.6,0.9911830465044681,0.8722344244098105,9959.013381143828,5910.712049019621,0.12110847511080904,0.5368316369654376,74893.57464429783,187.1446907760429,0.0623815635920143,1.6716203010852273,13.889705930167848,737.3032714296536,True
198.0,475.0172119140625,18.6779842376709,0.9291774034500122,0.07119305112544845,3.1,74.0,23.25,23.53384111404419,23.605034165169638,0.44999999999999996,0.6,0.9904625031512707,0.8716008346888596,9961.036409353004,5908.684618779139,0.12141075786083236,0.5369703951384823,74968.50812561653,194.57084601730998,0.06485694867243666,1.6762310457297735,13.904179809429477,739.3369372734721,True
199.0,474.82977294921875,18.6779842376709,0.9310529232025146,0.06840153166236228,3.1,74.0,23.25,23.51962338209152,23.588024913753884,0.44999999999999996,0.6,0.9897482702996552,0.8709727789263613,9963.03448456972,5906.682310447198,0.12170927331419304,0.5371074551947724,75042.51522126667,201.65208885275837,0.06721736295091946,1.6807842912826727,13.918455960038786,741.345241934283,True
200.0,474.6429443359375,18.6779842376709,0.932927668094635,0.06571946924304094,3.1,74.0,23.25,23.50542876005173,23.57114822929477,0.44999999999999996,0.6,0.9890396209480482,0.8703496181142051,9965.00794800767,5904.704776425485,0.12200407437943915,0.5372428400667056,75115.60867427046,208.43067289328783,0.06947689096442927,1.685280846326448,13.9325327231101,743.3285420544038,True
201.0,474.45672607421875,18.6779842376709,0.9348019957542419,0.06314257199540971,3.1,74.0,23.25,23.49125211238861,23.55439468438402,0.44999999999999996,0.6,0.9883361587026145,0.8697310041513516,9966.957582244713,5902.751227953739,0.12229527952340075,0.5373766029709357,75187.81755438303,214.9390654010002,0.07164635513366673,1.6897225190003082,13.946414942388353,745.2876351516405,True
202.0,474.2711181640625,18.6779842376709,0.9366753101348877,0.06066671633410483,3.1,74.0,23.25,23.47710371017456,23.537770426508665,0.44999999999999996,0.6,0.9876381407123869,0.8691171640298395,9968.884874970869,5900.82017132894,0.12258311199976309,0.5375088455151268,75259.19701737569,221.1990429043558,0.07373301430145193,1.694112715151678,13.960118715291003,747.224023446591,True
203.0,474.0861511230469,18.6779842376709,0.9385470747947693,0.05828794036185771,3.1,74.0,23.25,23.46298612117767,23.52127406153953,0.44999999999999996,0.6,0.9869455077172429,0.8685080462723382,9970.78984753783,5898.911579447842,0.12286757693657889,0.5376395687643578,75329.74795966478,227.23184636640502,0.07574394878880167,1.6984515147007988,13.97364391053718,749.1377421897573,True
204.0,473.9017333984375,18.6779842376709,0.9404183030128479,0.05600243752961328,3.1,74.0,23.25,23.448896777629855,23.50489921515947,0.44999999999999996,0.6,0.9862579915222063,0.8679034155112516,9972.673572386888,5897.024374355003,0.12314883567127545,0.5377688458962899,75399.51016358989,233.0575525017246,0.0776858508339082,1.7027413793065234,13.986999023331625,751.0298771475211,True
205.0,473.71795654296875,18.6779842376709,0.9422884583473206,0.05380655054524021,3.1,74.0,23.25,23.43482540845871,23.48863195900395,0.44999999999999996,0.6,0.9855750069991451,0.8673027574506007,9974.53663280899,5895.157967480125,0.12342697672706793,0.5378967165591612,75468.50530858402,238.69627258346813,0.07956542419448938,1.7069836603354702,14.000185677539505,752.9010243685353,True
206.0,473.5347900390625,18.6779842376709,0.9441574811935425,0.05169676552108242,2.6,86.0,19.5,23.420789988040926,23.47248675356201,0.44999999999999996,0.6,0.9993519069391176,0.8891882621841026,9943.212396620189,5926.47898582689,0.11877033497371142,0.5357493859245249,86359.76833205596,0.0,0.0,1.711178294142688,13.652241961769779,735.6685197584978,True
207.0,473.3521728515625,18.6779842376709,0.9460258483886719,0.04966970635098998,2.6,86.0,19.5,23.406775109767914,23.456444816118903,0.44999999999999996,0.6,0.9986685826461243,0.8885805591048822,9944.990081004818,5924.698207343857,0.11903569951790066,0.5358711989556465,86436.2752837107,71.94217295694283,0.02398072431898094,1.7153306117859162,13.6642405271979,737.453681120477,True
208.0,473.1701354980469,18.6779842376709,0.9478939771652222,0.04772212930782821,2.6,86.0,19.5,23.392778205871583,23.44050033517941,0.44999999999999996,0.6,0.9979894207993821,0.8879765478875423,9946.749428151385,5922.935885113392,0.11929829731532796,0.5359917658354996,86511.99117531686,88.37703983726695,0.029459013279088984,1.719439607714107,13.676094681839432,739.2202176424355,True
209.0,472.98870849609375,18.6779842376709,0.9497606754302979,0.04585091785282295,2.6,86.0,19.5,23.378809547424318,23.424660465277142,0.44999999999999996,0.6,0.997314725485188,0.8873764995611977,9948.491236330245,5921.19121627548,0.11955824862202102,0.5361111409623799,86586.95043117745,102.10017428840271,0.03403339142946757,1.7235071645165188,13.687813997948442,740.9689386857697,True
210.0,472.807861328125,18.6779842376709,0.9516264200210571,0.04405307764843296,2.6,86.0,19.5,23.36487426996231,23.408927347610742,0.44999999999999996,0.6,0.9966445873669737,0.8867804952390564,9950.215626997347,5919.464074977461,0.11981557299011543,0.5362293323802158,86661.15836842757,114.09307222200844,0.038031024074002814,1.727533589415313,13.699400277499198,742.6999763312061,True
211.0,472.6275634765625,18.6779842376709,0.9534914493560791,0.042325731766771686,2.6,86.0,19.5,23.350956966876986,23.39328269864376,0.44999999999999996,0.6,0.9959782275427161,0.8861878423014499,9951.923699925419,5917.753357276499,0.12007043536371911,0.536346415177539,86734.66236695183,124.86765163803707,0.04162255054601236,1.7315214639415069,13.710858551857312,744.4144404286702,True
212.0,472.4478454589844,18.6779842376709,0.955355703830719,0.0406661160859082,2.6,86.0,19.5,23.33706020593643,23.37772632202234,0.44999999999999996,0.6,0.9953156371926462,0.8855985333100715,9953.615941925,5916.058572296673,0.12032290950710677,0.5364624224640907,86807.48344700906,134.71689611979738,0.04490563203993246,1.7354719432762349,13.722193355177879,746.1128276127902,True
213.0,472.2686767578125,18.6779842376709,0.957219123840332,0.03907157486668304,2.6,86.0,19.5,23.323194258213046,23.36226583307973,0.44999999999999996,0.6,0.994657140098335,0.8850128567501173,9955.2931279052,5914.378941198933,0.12057311197624188,0.5365774071090724,86879.65501418477,143.8268940119395,0.04794229800397983,1.7393868519619249,13.73341416754891,747.7959222895105,True
214.0,472.09002685546875,18.6779842376709,0.9590827226638794,0.03753955650295838,2.6,86.0,19.5,23.309343717098237,23.346883273601197,0.44999999999999996,0.6,0.9940019712625031,0.8844301323258046,9956.955701843208,5912.714016293243,0.12082111004600044,0.536691399316508,86951.19623932424,152.34019591950516,0.05078006530650172,1.7432672435670349,13.744519986373994,749.4641774082121,True
215.0,471.9119873046875,18.6779842376709,0.9609442949295044,0.03606760943850436,2.6,86.0,19.5,23.295523989200593,23.331591598639097,0.44999999999999996,0.6,0.9933506818397396,0.8838508508023686,9958.60334621581,5911.0641114525,0.12106685773952039,0.5368043771004241,87022.09354741119,160.34542576822338,0.05344847525607446,1.74711240004484,13.755511631890853,751.1172842667723,True
216.0,471.7344970703125,18.6779842376709,0.9628052711486816,0.03465337824398561,2.6,86.0,19.5,23.281729938983915,23.3163833172279,0.44999999999999996,0.6,0.9927029525095201,0.8832747284059302,9960.237283904498,5909.428000336029,0.12131053806232542,0.5369164240743314,87092.39959672213,167.9190874961165,0.05597302916537217,1.75092518528353,13.766398396164949,752.7564741059057,True
217.0,471.55755615234375,18.6779842376709,0.9646660089492798,0.03329459984777228,2.6,86.0,19.5,23.267948727607727,23.3012433274555,0.44999999999999996,0.6,0.9920581399299324,0.8827011930435911,9961.857153100129,5907.806041441441,0.12155209833737936,0.5370275152282931,87162.09890066179,175.12437469979963,0.05837479156659988,1.7547047763222297,13.777172574186928,754.3813931188749,True
218.0,471.381103515625,18.6779842376709,0.9665259122848511,0.03198909991454212,2.9,86.0,21.75,23.254200897216794,23.286189997131338,0.39999999999999997,0.6,0.9999637242481844,0.8897355176009747,10066.094459217706,5803.566726093477,0.13705209355050132,0.544194908357004,91644.34626217092,0.0,0.0,1.7584562259189487,13.78733100621903,843.2243151510557,True
219.0,471.2052001953125,18.6779842376709,0.9683852791786194,0.03073478936588058,2.6,86.0,19.5,23.24046590566635,23.27120069503223,0.44999999999999996,0.6,0.9907786460966572,0.8815631135381536,9965.060329577394,5904.5989239262135,0.12202970224198634,0.5372472162596016,87299.9202215004,188.58309855584298,0.06286103285194766,1.762177574930928,13.798445393481284,757.5940932271759,True
220.0,471.02984619140625,18.6779842376709,0.9702439308166504,0.02952966103730917,2.6,86.0,19.5,23.226759159564974,23.256288820602283,0.44999999999999996,0.6,0.9901435711174587,0.8809982196754161,9966.643504199068,5903.013891913864,0.12226572819318661,0.5373558166896885,87368.03666413191,194.90638753290412,0.06496879584430137,1.765870507947225,13.808940196734929,759.181756286581,True
221.0,470.8550109863281,18.6779842376709,0.9721014499664307,0.02837178646639451,2.6,86.0,19.5,23.213080658912656,23.24145244537905,0.44999999999999996,0.6,0.9895117183873573,0.8804361858849463,9968.21463049004,5901.440979791073,0.12249993859706818,0.5374635990927135,87435.6334900278,200.99252854661808,0.06699750951553936,1.7695350141037771,13.81934349619173,760.7571980912514,True
222.0,470.68072509765625,18.6779842376709,0.9739587306976318,0.027259312806796627,2.6,86.0,19.5,23.199420132637023,23.22667944544382,0.44999999999999996,0.6,0.9888825714210551,0.8798765528866378,9969.774490753654,5899.879402524552,0.12273245069922836,0.537570616957796,87502.74439692574,206.86732014982505,0.06895577338327502,1.773172928397089,13.829659123504758,762.3212075415406,True
223.0,470.5069580078125,18.6779842376709,0.9758151769638062,0.026190459863319897,2.6,86.0,19.5,23.185780148506165,23.211970608369484,0.44999999999999996,0.6,0.9882561634532991,0.8793193505154449,9971.323554956722,5898.328687496946,0.12296333527585757,0.5376769023664105,87569.38965038519,212.54808415476273,0.07084936138492091,1.7767853588768245,13.83989172436798,763.8742610093495,True
224.0,470.33367919921875,18.6779842376709,0.9776711463928223,0.025163517243220534,2.6,86.0,19.5,23.172165842056273,23.197329359299495,0.44999999999999996,0.6,0.9876326400252643,0.8787647085231655,9972.862078256958,5896.7885769975655,0.12319263112940095,0.5377824726737338,87635.58027707694,218.04881057818673,0.07268293685939557,1.7803729133944746,13.850044699939172,765.4166198217458,True
225.0,470.1609191894531,18.6779842376709,0.9795267581939697,0.024176841619213692,2.6,86.0,19.5,23.158564374446872,23.182741216066084,0.44999999999999996,0.6,0.9870113842838473,0.8782120782941489,9974.390298203156,5895.258831052781,0.12342037440060262,0.5378873440320405,87701.32654373307,223.38812855780344,0.07446270951926781,1.7839361581225581,13.860116110748727,766.948527387205,True
226.0,469.9886474609375,18.6779842376709,0.9813815951347351,0.023228854099798885,2.6,86.0,19.5,23.144993720054625,23.168222574154424,0.44999999999999996,0.6,0.9863930940056105,0.8776620809246225,9975.908753843334,5893.738908231536,0.12364664604624323,0.5379915532876468,87766.65168065368,228.57164137974192,0.07619054712658065,1.7874763602913142,13.87011575483146,768.4705285124235,True
227.0,469.81695556640625,18.6779842376709,0.9832355380058289,0.022318037702696896,2.6,86.0,19.5,23.131438472270965,23.15375650997366,0.44999999999999996,0.6,0.9857770484146616,0.8771140753125805,9977.4176081309,5892.228643342555,0.12387147105172121,0.5380951114894689,87831.56274294942,233.61564627601732,0.07787188209200577,1.7909939115121325,13.880040288653792,769.9827915586833,True
228.0,469.64569091796875,18.6779842376709,0.9850890636444092,0.021442934927354572,2.6,86.0,19.5,23.117908902168274,23.139351837095628,0.44999999999999996,0.6,0.9851636225070995,0.876568395335072,9978.917121358794,5890.727773900545,0.1240948888603363,0.5381980363707419,87896.07097035238,238.52609218379428,0.0795086973945981,1.7944894295540577,13.889894714427093,771.4855821168003,True
229.0,469.47491455078125,18.6779842376709,0.9869424104690552,0.020602145422632744,2.6,86.0,19.5,23.104402441978454,23.125004587401087,0.44999999999999996,0.6,0.9845526471068484,0.8760248906712096,9980.408149557406,5889.235441786544,0.12431702746173358,0.5383003865578552,87960.21321707357,243.31245404830776,0.08110415134943592,1.797964917298949,13.899685901938145,772.979761264277,True
230.0,469.3046875,18.6779842376709,0.9887946248054504,0.019794323745945933,2.6,86.0,19.5,23.09091652393341,23.110710847679353,0.44999999999999996,0.6,0.983943955384707,0.8754834130801593,9981.88996290488,5887.7523748134245,0.12453777901473403,0.538402111843876,88023.95814396627,247.98325459397245,0.08266108486465748,1.8014186884601853,13.909405929066128,774.4646040340041,True
231.0,469.13494873046875,18.6779842376709,0.9906466603279114,0.019018177210266888,2.6,86.0,19.5,23.077451148033145,23.09646932524341,0.44999999999999996,0.6,0.983337492089292,0.8749439135921576,9983.363753771004,5886.277378675707,0.1247573214680311,0.5385032939544288,88087.3570645489,252.54538157557906,0.08418179385852635,1.804853527391795,13.9190655773862,775.941307473427,True
232.0,468.9656677246094,18.6779842376709,0.9924977421760559,0.018272463815551834,2.3,86.0,17.25,23.064001178741456,23.08227364255701,0.49999999999999994,0.6,0.9998239939330253,0.8896132141013322,9881.409071222308,5988.230902451824,0.10959785984302292,0.5315240563154957,83703.33062856541,0.0,0.0,1.8082694735230485,13.722494941840674,687.7087475492622,True
233.0,468.796875,18.6779842376709,0.9943490028381348,0.01755599026127515,2.3,86.0,17.25,23.050576887130735,23.06813287739201,0.49999999999999994,0.6,0.9992113579070127,0.8890682152964877,9882.698557637576,5986.940301959865,0.10978997072666585,0.5316121015831967,83758.80249707078,0.0,0.0,1.8116671431752422,13.729800242283504,689.000926162743,True
234.0,468.6285705566406,18.6779842376709,0.9961994886398315,0.016867610036894215,2.3,86.0,17.25,23.0371680021286,23.054035612165492,0.49999999999999994,0.6,0.9986006108600535,0.8885248930214636,9883.981419397925,5985.656369109956,0.10998108203702792,0.5316997001258138,83813.98858119134,65.24357568138872,0.021747858560462907,1.8150471207394958,13.737058280242216,690.2863762416677,True
235.0,468.4607238769531,18.6779842376709,0.9980494976043701,0.016206221587187673,2.3,86.0,17.25,23.02377965927124,23.039985880858428,0.49999999999999994,0.6,0.997991927339673,0.8879834027497994,9885.257509433815,5984.379249309955,0.11017117247043864,0.5317868418311075,83868.88259266302,78.13144655451183,0.02604381551817061,1.8184090300678462,13.744269017613954,691.5649547320015,True
236.0,468.2933349609375,18.6779842376709,0.9998993277549744,0.015570766549532333,2.3,86.0,17.25,23.01041699409485,23.025987760644384,0.49999999999999994,0.6,0.9973854837716207,0.8874439016197186,9886.52802437322,5983.107744334678,0.11036042049817862,0.5318736083359429,83923.53602082867,89.12506874260791,0.02970835624753597,1.8217560277367477,13.751444761001098,692.8378621214327,True
237.0,468.12646484375,18.6779842376709,1.001747965812683,0.01496022806029691,2.3,86.0,17.25,22.997072303295134,23.01203253135543,0.49999999999999994,0.6,0.9967809022650503,0.8869060535474915,9887.791989253734,5981.842827624483,0.11054868166801217,0.5319599330051821,83977.90697502889,98.86433858795152,0.03295477952931718,1.825085559839703,13.758573778093261,694.1041271256124,True
238.0,467.96002197265625,18.6779842376709,1.0035971403121948,0.014373629127643528,2.3,86.0,17.25,22.9837455868721,22.998119215999743,0.49999999999999994,0.6,0.9961781403356381,0.8863698208789057,9889.050721288517,5980.583180494078,0.11073615233853966,0.532045905724267,84032.05212708045,107.69081014971196,0.035896936716570654,1.828401099226515,13.76566785816239,695.3650705151573,True
239.0,467.7940979003906,18.6779842376709,1.0054447650909424,0.01381003106813211,2.3,86.0,17.25,22.970441980361937,22.98425201143007,0.49999999999999994,0.6,0.9955773796133622,0.8858353653647364,9890.303098050103,5979.329923950468,0.11092266609601913,0.5321314497815267,84085.92324314217,115.8110916443496,0.0386036972147832,1.8316997035988751,13.772718061950538,696.6195732951863,True
240.0,467.62860107421875,18.6779842376709,1.0072921514511108,0.013268532004626821,2.3,86.0,17.25,22.957164051532743,22.97043258353737,0.49999999999999994,0.6,0.9949786921044829,0.8853027512100372,9891.55055946328,5978.081616705905,0.11110843750795492,0.5322166634581202,84139.58226928362,123.36392224304404,0.04112130741434802,1.8349851677722682,13.77973815239068,697.869078684115,True
241.0,467.4635314941406,18.6779842376709,1.0091402530670166,0.012748265423100043,2.3,86.0,17.25,22.94389125823975,22.956639523662847,0.49999999999999994,0.6,0.9943811503349106,0.8847711533043334,9892.792507274971,5976.838855723518,0.11129337805669647,0.5323015058398387,84193.0035083563,130.45869756304955,0.04348623252101652,1.838255926889413,13.786715778164451,699.112991546065,True
242.0,467.2989501953125,18.6779842376709,1.010986566543579,0.012248398786025254,2.3,86.0,17.25,22.93064927816391,22.942897676949933,0.49999999999999994,0.6,0.993785830344235,0.8842415292035505,9894.029967148936,5975.600614057915,0.11147764068462117,0.5323860469336227,84246.23109145697,137.15475859138556,0.04571825286379519,1.841514685986227,13.793668341911836,700.352340641899,True
243.0,467.134765625,18.6779842376709,1.0128339529037476,0.01176813220013919,2.3,86.0,17.25,22.917412433624268,22.929180565824407,0.49999999999999994,0.6,0.9931915851068917,0.8837128584362971,9895.262463453771,5974.367366152564,0.11166115507218255,0.532470254201764,84299.24459197602,143.52001933197727,0.047840006443992424,1.8447602019801008,13.800582989175794,701.586653210893,True
244.0,466.9710693359375,18.6779842376709,1.014680027961731,0.011306697136442136,2.3,86.0,17.25,22.90420640230179,22.91551309943823,0.49999999999999994,0.6,0.9925994934458695,0.8831861010254495,9896.489476046914,5973.139630965064,0.1118438442802305,0.5325540920570133,84352.0216692598,149.58592939039627,0.04986197646346542,1.847991114731379,13.80746295591736,702.8154119739846,True
245.0,466.80780029296875,18.6779842376709,1.0165259838104248,0.01086335520038741,2.3,86.0,17.25,22.891018345355985,22.901881700556373,0.49999999999999994,0.6,0.9920089671310371,0.8826607336912009,9897.712414802212,5971.915997513586,0.11202591832094083,0.5326376567703813,84404.62297170545,155.3932985204214,0.05179776617347381,1.8512111384190968,13.814316832651455,704.040029482483,True
246.0,466.64501953125,18.6779842376709,1.0183707475662231,0.010437396950292702,2.3,86.0,17.25,22.877853398323058,22.888290795273353,0.49999999999999994,0.6,0.9914201977609118,0.882136927019527,9898.930475282348,5970.6972691559085,0.11220725794707705,0.5327208933352896,84457.01393171851,160.96838217264,0.05365612739088,1.8544181647057578,13.821138668690002,705.2597039078108,True
247.0,466.482666015625,18.6779842376709,1.0202163457870483,0.010028140762081885,2.3,86.0,17.25,22.864696154594423,22.874724295356504,0.49999999999999994,0.6,0.9908324883497818,0.8816140609543366,9900.14469628588,5969.482406070251,0.11238801796609915,0.5328038726859609,84509.23923963605,166.34086035980621,0.055446953453268735,1.8576149315221422,13.827932842075707,706.4754765211812,True
248.0,466.3207092285156,18.6779842376709,1.022060751914978,0.009634931738541212,2.3,86.0,17.25,22.851567156314847,22.86120208805339,0.49999999999999994,0.6,0.9902467002134269,0.8810929019694396,9901.354716323716,5968.271768736459,0.11256814496950727,0.5328865700816058,84561.28337312605,171.52230583187148,0.05717410194395716,1.8608004947773367,13.834702430634598,707.6869882723587,True
249.0,466.1591796875,18.6779842376709,1.023905873298645,0.009257140661343923,2.3,86.0,17.25,22.838443293571473,22.847700434232816,0.49999999999999994,0.6,0.9896618049722876,0.880572535135695,9902.560751248166,5967.065140361651,0.1127476713714192,0.5329690002314454,84613.15563406012,176.53828796508293,0.05884609598836098,1.8639754280124172,13.841441802730182,708.8944572865846,True
250.0,465.99810791015625,18.6779842376709,1.025749683380127,0.0088941629841668,2.3,86.0,17.25,22.825352811813353,22.83424697479752,0.49999999999999994,0.6,0.9890789998043472,0.8800540257603036,9903.762791896463,5965.862529170574,0.11292659612707438,0.5330511624694786,84664.85564860661,181.39272703675118,0.06046424234558373,1.8671397130949114,13.848159758348427,710.0978766678404,True
251.0,465.83746337890625,18.6779842376709,1.027593731880188,0.00854541786528698,2.3,86.0,17.25,22.81226746559143,22.820812883456714,0.49999999999999994,0.6,0.9884970359852258,0.8795362628500594,9904.96099956547,5964.663773000274,0.11310494351332742,0.5331330677799475,84716.39037115173,186.1083093411889,0.06203610311372964,1.8702937796438661,13.854848531127677,711.2974098059201,True
252.0,465.67718505859375,18.6779842376709,1.029437780380249,0.008210347238111315,2.3,86.0,17.25,22.799207797050475,22.807418144288587,0.49999999999999994,0.6,0.9879167790413673,0.8790200166107185,9906.155988017925,5963.4682572252495,0.11328280508360021,0.5332147580791058,84767.78621204256,190.68861377142832,0.06356287125714277,1.8734392469762826,13.861520178672805,712.4936725484517,True
253.0,465.51739501953125,18.6779842376709,1.0312809944152832,0.007888414918150802,2.3,86.0,17.25,22.786166102886202,22.79405451780435,0.49999999999999994,0.6,0.9873378719841777,0.8785049694843916,9907.346782657183,5962.276955629623,0.11346003619872527,0.5332961667117075,84819.0012810926,195.14592807386262,0.06504864269128754,1.8765735576391047,13.8681631195348,713.6856922622837,True
254.0,465.35797119140625,18.6779842376709,1.0331248044967651,0.007579105745010921,2.3,86.0,17.25,22.77313467979431,22.780713785539323,0.49999999999999994,0.6,0.9867599587392926,0.8779908047234783,9908.534664353903,5961.088586561002,0.11363682757793801,0.5333773812008974,84870.09067254739,199.49117889944372,0.0664970596331479,1.8797000845358918,13.874786477740226,714.8747517071569,True
255.0,465.1990051269531,18.6779842376709,1.0349674224853516,0.007281924758025201,2.3,86.0,17.25,22.760128934383392,22.767410859141417,0.49999999999999994,0.6,0.9861836851288382,0.8774780970373528,9909.718968960153,5959.903813403398,0.11381308072659853,0.5334583561117596,84921.02584447022,203.72686778901473,0.06790895592967158,1.8828170862022202,13.881388953576984,716.0601885811661,True
256.0,465.04046630859375,18.6779842376709,1.0368095636367798,0.006996396404212443,2.3,86.0,17.25,22.747138595581056,22.754134991985268,0.49999999999999994,0.6,0.9856085855765369,0.8769664322406496,9910.900156259473,5958.722175652345,0.11398886425458297,0.5335391228451133,84971.82658305325,207.86304741124073,0.06928768247041357,1.8859257761791344,13.887971323424512,717.2424644099879,True
257.0,464.8822937011719,18.6779842376709,1.0386518239974976,0.006722063777290609,2.3,86.0,17.25,22.734171366691587,22.740893430468876,0.49999999999999994,0.6,0.9850349738866006,0.8764560896165765,9912.07827719274,5957.543621664719,0.11416418597395293,0.5336196848536211,85022.49509385253,211.90338593285884,0.07063446197761962,1.8890262928733126,13.89453638843671,718.4216318315086,True
258.0,464.72454833984375,18.6779842376709,1.0404937267303467,0.006458487886529186,2.3,86.0,17.25,22.72121697664261,22.72767546452914,0.49999999999999994,0.6,0.9844623860726557,0.8759466563889133,9913.253332614644,5956.368149919251,0.11433904623730688,0.5337000421653836,85073.03142795102,215.85647350256414,0.07195215783418804,1.8921186427675536,13.901080724493196,719.5976933112224,True
259.0,464.5671691894531,18.6779842376709,1.042336106300354,0.0062052469542704545,2.3,86.0,17.25,22.70827542543411,22.71448067238838,0.49999999999999994,0.6,0.9838908037937724,0.8754381163019395,9914.42622530259,5955.194856992599,0.11451357949839133,0.5337802564884574,85123.47441866485,219.7271667300341,0.07324238891001136,1.895205203739695,13.907612487708835,720.7715531874554,True
260.0,464.41021728515625,18.6779842376709,1.0441784858703613,0.005961935740995167,2.3,86.0,17.25,22.6953467130661,22.701308648807096,0.49999999999999994,0.6,0.9833202094281801,0.8749304537373315,9915.595639021289,5954.025058499031,0.11468759025431856,0.5338602377842355,85173.76748122857,223.51988566626665,0.07450662855542221,1.8982825188111978,13.914119474797333,721.9418967256419,True
261.0,464.253662109375,18.6779842376709,1.0460196733474731,0.005728164896852942,2.3,86.0,17.25,22.68244624614716,22.68817441104401,0.49999999999999994,0.6,0.9827512533904731,0.874424247474806,9916.762516462764,5952.8578111431925,0.11486121887930517,0.5339400504928082,85223.9511643708,227.23434824098968,0.07574478274699656,1.901353070541128,13.920615164745138,723.1096680757613,True
262.0,464.09747314453125,18.6779842376709,1.0478616952896118,0.0055035603386193585,2.3,86.0,17.25,22.6695534825325,22.67505704287112,0.49999999999999994,0.6,0.9821830296198322,0.8739186913826488,9917.926890540224,5951.693081446557,0.115034470458414,0.5340196968409398,85274.02689551387,230.88013263170402,0.076960044210568,1.904416949063946,13.927093149773867,724.2749015171383,True
263.0,463.94171142578125,18.6779842376709,1.049702763557434,0.005287762651083068,2.3,86.0,17.25,22.656681261062623,22.661969023713706,0.49999999999999994,0.6,0.9816160786083202,0.8734142664300141,9919.088612532583,5950.531017573226,0.11520732306636859,0.5340991666312632,85323.98829162621,234.45707685265464,0.07815235895088488,1.9074737668697677,13.93355607740575,725.4374496746494,True
264.0,463.7863464355469,18.6779842376709,1.051543951034546,0.005080426511904697,2.3,86.0,17.25,22.643829581737517,22.648910008249423,0.49999999999999994,0.6,0.9810503853396538,0.8729109593078439,9920.24748475286,5949.371816679879,0.11537974748806755,0.5341784463138083,85373.82686356908,237.96840532708288,0.0793228017756943,1.910523007527704,13.940002027903615,726.5971161428116,True
265.0,463.63134765625,18.6779842376709,1.0533850193023682,0.004881220139027512,2.3,86.0,17.25,22.630988173484802,22.635869393623828,0.49999999999999994,0.6,0.980485490489411,0.8724083613718441,9921.404618323586,5948.2143671376825,0.11555190910895952,0.534257611875046,85423.59040049695,241.4197927506092,0.08047326425020307,1.9135675958534555,13.946437799221812,727.7550132676391,True
266.0,463.47674560546875,18.6779842376709,1.0552258491516113,0.004689824759755264,2.3,86.0,17.25,22.61816730737686,22.622857132136616,0.49999999999999994,0.6,0.9799218250927528,0.8719068561932978,9922.559132314866,5947.059549382495,0.11572367710929596,0.534336603028814,85473.24103304597,244.81121717663413,0.08160373905887805,1.9166052186587275,13.952858507199304,728.9102613130923,True
267.0,463.322509765625,18.6779842376709,1.057066798210144,0.004505934100647943,2.3,86.0,17.25,22.605361847877504,22.609867781978153,0.49999999999999994,0.6,0.9793591533829625,0.8714062340395835,9923.711544977254,5945.90684469413,0.1158951287071321,0.5344154552082281,85522.80105608718,248.14655002549148,0.08271551667516383,1.9196372416217127,13.959267165529903,730.0633796646138,True
268.0,463.168701171875,18.6779842376709,1.0589067935943604,0.0043292538974188605,2.3,86.0,17.25,22.592571794986725,22.596901048884142,0.49999999999999994,0.6,0.9787974625640083,0.87090648356947,9924.861467463634,5944.7566414664,0.11606620623739858,0.5344941417857897,85572.25375894057,251.42811809929947,0.08380937269976649,1.9226626451835236,13.965660115781107,731.213980570501,True
269.0,463.01519775390625,18.6779842376709,1.0607483386993408,0.00415950142404908,2.5,86.0,18.75,22.579792013168333,22.583951514592382,0.44999999999999996,0.6,0.9999751071796431,0.8897497825347181,9998.653116181733,5870.964722857298,0.1270384746587265,0.5395536148706361,88745.30045647536,0.0,0.0,1.9256838537691372,13.672575086509145,796.0467239908395,True
270.0,462.86212158203125,18.6779842376709,1.0625888109207153,0.003996405040365402,2.5,86.0,18.75,22.567035341262816,22.57103174630318,0.44999999999999996,0.6,0.9994030162054766,0.8892407767914899,9999.898707096185,5869.718872479342,0.12722376949943276,0.5396391967789075,88798.86644426214,0.0,0.0,1.9286985282168743,13.68002735091006,797.292941906269,True
271.0,462.70941162109375,18.6779842376709,1.064428687095642,0.0038397037573581956,2.5,86.0,18.75,22.554299211502077,22.558138915259434,0.44999999999999996,0.6,0.9988321190680053,0.8887328323066632,10001.142323495184,5868.475006642486,0.12740876739326093,0.5397246486927317,88852.34731233303,64.79347169837732,0.021597823899459107,1.9317083675884357,13.68746956148989,798.5371610789956,True
272.0,462.55706787109375,18.6779842376709,1.0662689208984375,0.0036891468195432453,2.5,86.0,18.75,22.54156564950943,22.545254796328972,0.44999999999999996,0.6,0.998261608749671,0.8882252310567614,10002.383876695214,5867.233213647863,0.12759345528207977,0.5398099644965774,88905.73925551807,79.02812470205951,0.026342708234019838,1.9347131595884322,13.694895659901846,799.7792937495217,True
273.0,462.40509033203125,18.6779842376709,1.0681092739105225,0.0035444933036995344,2.5,86.0,18.75,22.528855197429657,22.532399690733357,0.44999999999999996,0.6,0.9976923841082284,0.8877187728578598,10003.623523717753,5865.993336096042,0.12777785664042307,0.5398951549583633,88959.04903386683,91.02607738307186,0.03034202579435729,1.9377132862704958,13.702312926206725,801.0194978526719,True
274.0,462.2534484863281,18.6779842376709,1.069949984550476,0.0034055117333406377,2.5,86.0,18.75,22.516157584190367,22.519563095923708,0.44999999999999996,0.6,0.9971239800707442,0.8872130439364623,10004.861122750557,5864.755515444037,0.1279619505012319,0.5399802103110588,89012.27055709025,101.59124325259776,0.033863747750865925,1.940708406659026,13.709717056308035,802.2576324346184,True
275.0,462.10223388671875,18.6779842376709,1.071789264678955,0.0032719797083030104,2.5,86.0,18.75,22.503480513095855,22.506752492804157,0.44999999999999996,0.6,0.9965567278389259,0.8867083390210097,10006.09687523349,5863.519549905941,0.12814576693293578,0.5400651443767673,89065.41249454231,111.12773111279051,0.037042577037596836,1.9436990100717655,13.717112024140345,803.4938997714439,True
276.0,461.9513244628906,18.6779842376709,1.0736300945281982,0.003143683548858234,2.5,86.0,18.75,22.49081371307373,22.49395739662259,0.44999999999999996,0.6,0.9959901631309263,0.8862042450391525,10007.330783044283,5862.285437275628,0.1283293063248924,0.5401499572641967,89118.4749340261,119.88825681624041,0.03996275227208014,1.9466851029707992,13.724494820478462,804.7283025344703,True
277.0,461.80078125,18.6779842376709,1.0754698514938354,0.0030204179537798854,2.5,86.0,18.75,22.478164887428285,22.481185305382066,0.44999999999999996,0.6,0.9954246179085197,0.8857010573929858,10008.562846939249,5861.053176476866,0.12851256889684137,0.5402346490049161,89171.45791494123,128.0276135754205,0.04267587119180683,1.9496666890558292,13.731867622227913,805.960842253095,True
278.0,461.650634765625,18.6779842376709,1.0773096084594727,0.002901985671817786,2.5,86.0,18.75,22.46553146839142,22.468433454063238,0.44999999999999996,0.6,0.9948599697077766,0.885198667147837,10009.793213078729,5859.8226210441,0.12869557648389518,0.540319229626028,89224.36772874453,135.65931009388572,0.045219770031295244,1.9526441236815262,13.739230945939736,807.1916658252219,True
279.0,461.50079345703125,18.6779842376709,1.0791500806808472,0.002788197186053886,2.5,86.0,18.75,22.452908320426943,22.455696517612996,0.44999999999999996,0.6,0.994295982712682,0.8846968645102677,10011.02241959617,5858.593232550898,0.12887840920002297,0.5404037361049205,89277.22752147332,142.86770027732476,0.047622566759108254,1.9556187103370415,13.746588087328695,808.4213120922948,True
280.0,461.351318359375,18.6779842376709,1.080990195274353,0.002678870410634801,2.5,86.0,18.75,22.440300579071046,22.44297944948168,0.44999999999999996,0.6,0.9937328762210775,0.88419584463352,10012.249772799554,5857.3657044055035,0.1290609639944079,0.5404881207364441,89330.00747047209,149.71136443870225,0.049903788146234085,1.9585887725994606,13.753934253048177,809.649088048052,True
281.0,461.20220947265625,18.6779842376709,1.0828301906585693,0.002573830399395562,2.5,86.0,18.75,22.42771594762802,22.430289778027415,0.44999999999999996,0.6,0.993170983544055,0.8836959041156007,10013.475118796372,5856.140190227246,0.12924321807614522,0.5405723729181366,89382.70096423624,156.23448568628854,0.05207816189542951,1.9615539397906958,13.761270239867894,810.8748404601356,True
282.0,461.053466796875,18.6779842376709,1.084669589996338,0.002472909065908464,2.5,86.0,18.75,22.41514415502548,22.417617064091388,0.44999999999999996,0.6,0.9926098424264432,0.8831966316804195,10014.699433737462,5854.915713606032,0.12942531667721097,0.5406565597494202,89435.34998282576,162.48076550166243,0.05416025516722081,1.9645165747925575,13.768601797785992,812.0995461058709,True
283.0,460.905029296875,18.6779842376709,1.0865105390548706,0.0023759449145088866,2.5,86.0,18.75,22.402577497959136,22.404953442873644,0.44999999999999996,0.6,0.9920491046019203,0.8826977174750241,10015.922412550244,5853.6925793645505,0.12960721451971993,0.5407406602412328,89487.94141349247,168.48468509916137,0.056161561699720454,1.9674759410773504,13.775923918072614,813.3229005165585,True
284.0,460.75689697265625,18.6779842376709,1.0883508920669556,0.0022827827818678093,2.5,86.0,18.75,22.390026247501375,22.392309030283243,0.44999999999999996,0.6,0.9914892179568333,0.8821995600402937,10017.143946162061,5852.47089633207,0.12978889546706088,0.5408246668781177,89540.47057134485,174.26676330165657,0.058088921100552186,1.9704317762146488,13.783238547253784,814.5447952076825,True
285.0,460.60919189453125,18.6779842376709,1.090191125869751,0.0021932735886973508,2.5,86.0,18.75,22.37749040365219,22.379683677240887,0.44999999999999996,0.6,0.9909301758644349,0.8817021535028857,10018.363480619666,5851.251218229704,0.1299702772290124,0.5409085415451299,89592.9136413842,179.84849149947382,0.059949497166491277,1.9733827415159801,13.790540671542583,815.7646767869653,True
286.0,460.4617919921875,18.6779842376709,1.0920313596725464,0.002107274101192133,2.5,86.0,18.75,22.36498023748398,22.367087511585172,0.44999999999999996,0.6,0.9903724267413523,0.8812058968736727,10019.581937910265,5850.032622845487,0.13015149697226588,0.5409923476339006,89645.31027389277,185.24373639124377,0.06174791213041459,1.9763310686364945,13.797841497313188,816.9834677847425,True
287.0,460.314697265625,18.6779842376709,1.0938714742660522,0.002024646701824603,2.5,86.0,18.75,22.352470071315764,22.354494718017587,0.44999999999999996,0.6,0.9898148275114879,0.8807097730960856,10020.799450023807,5848.814977978887,0.13033257439310347,0.5410760942122688,89697.66614896579,190.47896558350405,0.06349298852783468,1.9792770780986695,13.805134752300923,818.2013006998496,True
288.0,460.1679992675781,18.6779842376709,1.0957119464874268,0.0019452591691276632,2.5,86.0,18.75,22.33998044729233,22.341925706461456,0.44999999999999996,0.6,0.9892582818645167,0.8802145862687707,10022.015114991595,5847.599185389141,0.13051337544683114,0.5411597192242042,89749.9424864528,195.55889812837145,0.06518629937612382,1.9822185892116007,13.812418238777116,819.4172740697506,True
289.0,460.0216064453125,18.6779842376709,1.0975524187088013,0.00186898446611208,2.5,86.0,18.75,22.327508797645567,22.329377782111678,0.44999999999999996,0.6,0.9887026704576125,0.8797202302233167,10023.22975228644,5846.384425405571,0.13069402204811228,0.5412432790232967,89802.17452793867,200.4964170534415,0.06683213901781383,1.985157585484911,13.819698537260852,820.632207845412,True
290.0,459.8755187988281,18.6779842376709,1.0993932485580444,0.001795700536980231,2.5,86.0,18.75,22.3150448513031,22.31684055184008,0.44999999999999996,0.6,0.988147533081719,0.8792262954971226,10024.443983170051,5845.170076577207,0.13087460663646247,0.5413268163412005,89854.38899174618,205.30576311670993,0.06843525437223665,1.9880955708935808,13.82697822419194,821.8467237458942,True
291.0,459.72979736328125,18.6779842376709,1.1012334823608398,0.0017252901118107603,2.5,86.0,18.75,22.30259887933731,22.30432416944912,0.44999999999999996,0.6,0.9875933193075879,0.8787331821239699,10025.656310882368,5843.957635479408,0.1310549067186403,0.5414102281925811,89906.52152116365,209.9919994868385,0.0699973331622795,1.991028925766676,13.834246798083168,823.0593254574678,True
292.0,459.5843505859375,18.6779842376709,1.1030751466751099,0.0016576405189017108,2.9,74.0,21.75,22.290158042907716,22.291815683426616,0.44999999999999996,0.6,0.9998542049038774,0.8798773609842022,10034.541257155,5835.07258020597,0.13237605619848491,0.542021697754125,77690.1705235571,0.0,0.0,1.9939602205930456,13.814000389073964,822.7375479963954,True
293.0,459.4393005371094,18.6779842376709,1.1049151420593262,0.0015926435044717393,2.9,74.0,21.75,22.277740316390993,22.279332959895466,0.44999999999999996,0.6,0.9992943044456034,0.8793846570252937,10035.74928453771,5833.864448035477,0.13255571396595567,0.5421048595067675,77734.86947529131,0.0,0.0,1.9968885705490256,13.821219803728026,823.9458286017838,True
294.0,459.2945251464844,18.6779842376709,1.1067568063735962,0.0015301950594309944,2.9,74.0,21.75,22.265330293178557,22.266860488237988,0.44999999999999996,0.6,0.9987348643391799,0.878892357716759,10036.95628041687,5832.657351420542,0.13273521700733132,0.5421879556791033,77779.5301864321,66.56981974928541,0.02218993991642847,1.999814396855134,13.828432892150207,825.1530679118213,True
295.0,459.1500549316406,18.6779842376709,1.1085981130599976,0.0014701952529443596,2.9,74.0,21.75,22.252935676574708,22.254405871827654,0.44999999999999996,0.6,0.9981762255978102,0.8784007631703649,10038.162663554518,5831.450871441642,0.13291462764148784,0.542271015092109,77824.16815408823,79.90480591525295,0.026634935305084317,2.002738715331932,13.835645605681343,826.3596850691314,True
296.0,459.0059509277344,18.6779842376709,1.1104391813278198,0.0014125480725208203,2.9,74.0,21.75,22.240556466579438,22.241969014651957,0.44999999999999996,0.6,0.9976183838952704,0.8779098695964141,10039.367721001638,5830.24572089727,0.1330938399094997,0.5423539886496682,77868.7570019308,91.28550833145749,0.030428502777152498,2.005659798980657,13.842851529459741,827.5649674884212,True
297.0,458.8621520996094,18.6779842376709,1.1122804880142212,0.0013571612703729729,2.9,74.0,21.75,22.22819266319275,22.229549824463124,0.44999999999999996,0.6,0.9970613350749722,0.8774196733538068,10040.57186951475,5829.041482886216,0.13327291582775302,0.5424369050342825,77913.31215262788,101.37239670563108,0.03379079890187703,2.0085786586864143,13.85005437300218,828.7693322758722,True
298.0,458.7186584472656,18.6779842376709,1.1141220331192017,0.0013039462158009043,2.9,74.0,21.75,22.21583913087845,22.217143077094253,0.44999999999999996,0.6,0.9965048447993219,0.8769299682401297,10041.774935002832,5827.838331360887,0.1334518295567728,0.5425197522474368,77957.82716737599,110.52402355163072,0.036841341183876906,2.011494873339616,13.857251068232644,829.9726056754253,True
299.0,458.57550048828125,18.6779842376709,1.1159639358520508,0.0012528177533641439,2.6,74.0,19.5,22.203495869636537,22.204748687389902,0.49999999999999994,0.6,0.999779481959117,0.8798116768592015,9943.743006201308,5925.870177452063,0.11887537383027044,0.5357868732506057,74330.6473318611,0.0,0.0,2.0144089731677526,13.78126986525942,745.1913851081686,True
